zipcode,month,total_rat_sightings,mature_rat_sightings,resolved_within_30_days,not_resolved_within_30_days,percent_resolved_within_30_days,median_resolution_days,average_resolution_days,p90_resolution_days,represented_inspections,inspected_restaurants,inspections_with_04k,percent_inspections_with_04k
10001,2025-01-01T00:00:00.000Z,2,2,2,0,100.00,0.0,0.00,0.00,39,39,1,2.56
10001,2025-02-01T00:00:00.000Z,2,2,2,0,100.00,1.19,1.19,1.42,17,15,1,5.88
10001,2025-03-01T00:00:00.000Z,1,1,1,0,100.00,0.0,0.00,0.00,30,29,0,0.00
10001,2025-04-01T00:00:00.000Z,2,2,2,0,100.00,0.0,0.00,0.00,47,46,0,0.00
10001,2025-05-01T00:00:00.000Z,2,2,2,0,100.00,0.0,0.00,0.00,43,40,0,0.00
10001,2025-06-01T00:00:00.000Z,2,2,2,0,100.00,0.0,0.00,0.00,45,45,0,0.00
10001,2025-07-01T00:00:00.000Z,3,3,3,0,100.00,0.0,0.00,0.00,55,55,1,1.82
10001,2025-08-01T00:00:00.000Z,2,2,2,0,100.00,0.19,0.19,0.38,49,48,1,2.04
10001,2025-09-01T00:00:00.000Z,8,8,8,0,100.00,0.0,0.30,1.88,61,61,0,0.00
10001,2025-10-01T00:00:00.000Z,1,1,1,0,100.00,0.0,0.00,0.00,49,47,4,8.16
10001,2025-11-01T00:00:00.000Z,1,1,1,0,100.00,0.0,0.00,0.00,45,45,2,4.44
10001,2025-12-01T00:00:00.000Z,null,null,null,null,null,null,null,null,71,70,0,0.00
10001,2026-01-01T00:00:00.000Z,null,null,null,null,null,null,null,null,34,34,0,0.00
10001,2026-02-01T00:00:00.000Z,2,2,2,0,100.00,0.0,0.00,0.00,30,30,0,0.00
10001,2026-03-01T00:00:00.000Z,3,3,3,0,100.00,0.0,0.65,1.96,44,43,0,0.00
10001,2026-04-01T00:00:00.000Z,3,3,3,0,100.00,0.83,7.19,20.75,72,70,1,1.39
10001,2026-05-01T00:00:00.000Z,1,1,1,0,100.00,13.04,13.04,13.04,35,35,0,0.00
10001,2026-06-01T00:00:00.000Z,null,null,null,null,null,null,null,null,29,27,0,0.00
10001,2026-07-01T00:00:00.000Z,2,2,1,1,50.00,34.02,34.02,38.25,62,61,0,0.00
10001,2026-08-01T00:00:00.000Z,2,0,0,0,null,null,null,null,71,70,1,1.41
10001,2026-09-01T00:00:00.000Z,1,0,0,0,null,null,null,null,27,26,0,0.00
10002,2025-01-01T00:00:00.000Z,10,10,10,0,100.00,0.17,0.83,2.50,41,41,3,7.32
10002,2025-02-01T00:00:00.000Z,7,7,6,1,85.71,0.54,12.12,54.13,23,23,1,4.35
10002,2025-03-01T00:00:00.000Z,10,10,10,0,100.00,0.17,2.00,2.38,34,34,6,17.65
10002,2025-04-01T00:00:00.000Z,6,6,6,0,100.00,0.0,0.44,2.67,49,49,3,6.12
10002,2025-05-01T00:00:00.000Z,19,19,19,0,100.00,0.33,1.50,7.29,68,67,4,5.88
10002,2025-06-01T00:00:00.000Z,22,22,22,0,100.00,0.1,0.49,1.29,34,33,0,0.00
10002,2025-07-01T00:00:00.000Z,8,8,8,0,100.00,0.0,0.34,1.54,38,37,2,5.26
10002,2025-08-01T00:00:00.000Z,5,5,5,0,100.00,0.0,0.02,0.08,49,48,3,6.12
10002,2025-09-01T00:00:00.000Z,10,10,10,0,100.00,0.0,0.56,2.46,52,48,4,7.69
10002,2025-10-01T00:00:00.000Z,8,8,8,0,100.00,0.48,0.39,0.92,41,39,3,7.32
10002,2025-11-01T00:00:00.000Z,5,5,5,0,100.00,0.0,1.14,3.96,46,45,1,2.17
10002,2025-12-01T00:00:00.000Z,9,9,9,0,100.00,0.42,1.01,4.88,33,33,1,3.03
10002,2026-01-01T00:00:00.000Z,25,25,25,0,100.00,0.29,0.53,1.04,24,24,0,0.00
10002,2026-02-01T00:00:00.000Z,3,3,3,0,100.00,0.0,0.65,1.96,35,35,2,5.71
10002,2026-03-01T00:00:00.000Z,9,9,9,0,100.00,0.29,0.51,2.25,44,43,1,2.27
10002,2026-04-01T00:00:00.000Z,11,11,11,0,100.00,0.0,3.11,10.79,39,37,2,5.13
10002,2026-05-01T00:00:00.000Z,13,13,13,0,100.00,6.08,6.46,16.04,43,42,1,2.33
10002,2026-06-01T00:00:00.000Z,9,9,8,1,88.89,4.27,4.86,10.79,57,57,2,3.51
10002,2026-07-01T00:00:00.000Z,11,11,10,1,90.91,6.85,8.50,17.21,62,56,3,4.84
10002,2026-08-01T00:00:00.000Z,10,5,5,0,100.00,22.0,18.41,25.92,57,52,4,7.02
10002,2026-09-01T00:00:00.000Z,5,0,0,0,null,null,null,null,24,24,0,0.00
10003,2025-01-01T00:00:00.000Z,7,7,7,0,100.00,0.0,0.28,1.42,42,40,1,2.38
10003,2025-02-01T00:00:00.000Z,7,7,7,0,100.00,0.0,0.24,0.63,36,36,2,5.56
10003,2025-03-01T00:00:00.000Z,10,10,10,0,100.00,0.0,0.45,0.67,43,40,3,6.98
10003,2025-04-01T00:00:00.000Z,9,9,9,0,100.00,0.0,0.18,0.88,51,51,1,1.96
10003,2025-05-01T00:00:00.000Z,19,19,19,0,100.00,0.0,1.55,6.63,57,55,0,0.00
10003,2025-06-01T00:00:00.000Z,19,19,19,0,100.00,0.29,1.26,5.50,30,30,0,0.00
10003,2025-07-01T00:00:00.000Z,18,18,18,0,100.00,0.06,1.95,7.21,51,51,0,0.00
10003,2025-08-01T00:00:00.000Z,12,12,11,1,91.67,0.04,3.69,0.88,44,43,1,2.27
10003,2025-09-01T00:00:00.000Z,22,22,22,0,100.00,0.0,0.50,2.21,50,50,1,2.00
10003,2025-10-01T00:00:00.000Z,20,20,20,0,100.00,0.0,0.73,3.17,43,43,0,0.00
10003,2025-11-01T00:00:00.000Z,9,9,9,0,100.00,0.0,1.45,6.75,61,60,2,3.28
10003,2025-12-01T00:00:00.000Z,25,25,25,0,100.00,0.0,1.07,2.92,57,57,2,3.51
10003,2026-01-01T00:00:00.000Z,22,22,22,0,100.00,0.79,1.26,3.13,37,37,1,2.70
10003,2026-02-01T00:00:00.000Z,21,21,21,0,100.00,0.75,0.83,1.96,29,28,2,6.90
10003,2026-03-01T00:00:00.000Z,37,37,37,0,100.00,0.17,0.40,0.79,55,53,1,1.82
10003,2026-04-01T00:00:00.000Z,24,24,23,1,95.83,0.83,5.75,23.71,56,54,1,1.79
10003,2026-05-01T00:00:00.000Z,31,31,30,1,96.77,3.75,5.97,13.33,54,51,2,3.70
10003,2026-06-01T00:00:00.000Z,21,21,20,1,95.24,3.08,4.39,10.21,69,68,2,2.90
10003,2026-07-01T00:00:00.000Z,17,17,16,1,94.12,4.42,10.95,27.88,72,72,1,1.39
10003,2026-08-01T00:00:00.000Z,22,14,13,1,92.86,4.92,10.63,22.33,54,51,4,7.41
10003,2026-09-01T00:00:00.000Z,5,0,0,0,null,null,null,null,31,30,0,0.00
10004,2025-01-01T00:00:00.000Z,1,1,1,0,100.00,0.0,0.00,0.00,16,16,0,0.00
10004,2025-02-01T00:00:00.000Z,1,1,1,0,100.00,0.0,0.00,0.00,6,6,0,0.00
10004,2025-03-01T00:00:00.000Z,null,null,null,null,null,null,null,null,4,4,0,0.00
10004,2025-04-01T00:00:00.000Z,null,null,null,null,null,null,null,null,16,15,0,0.00
10004,2025-05-01T00:00:00.000Z,3,3,3,0,100.00,0.25,1.57,4.46,8,8,0,0.00
10004,2025-06-01T00:00:00.000Z,null,null,null,null,null,null,null,null,10,10,0,0.00
10004,2025-07-01T00:00:00.000Z,null,null,null,null,null,null,null,null,11,11,0,0.00
10004,2025-08-01T00:00:00.000Z,1,1,1,0,100.00,7.71,7.71,7.71,6,6,0,0.00
10004,2025-09-01T00:00:00.000Z,null,null,null,null,null,null,null,null,10,10,0,0.00
10004,2025-10-01T00:00:00.000Z,2,2,2,0,100.00,0.0,0.00,0.00,16,16,1,6.25
10004,2025-11-01T00:00:00.000Z,1,1,1,0,100.00,0.0,0.00,0.00,5,5,1,20.00
10004,2025-12-01T00:00:00.000Z,null,null,null,null,null,null,null,null,15,15,0,0.00
10004,2026-01-01T00:00:00.000Z,1,1,1,0,100.00,0.0,0.00,0.00,9,8,0,0.00
10004,2026-02-01T00:00:00.000Z,3,3,3,0,100.00,0.0,0.22,0.67,1,1,0,0.00
10004,2026-03-01T00:00:00.000Z,1,1,1,0,100.00,0.0,0.00,0.00,13,13,0,0.00
10004,2026-04-01T00:00:00.000Z,2,2,2,0,100.00,11.02,11.02,21.13,15,14,1,6.67
10004,2026-05-01T00:00:00.000Z,3,3,1,2,33.33,44.04,46.46,68.29,11,11,1,9.09
10004,2026-06-01T00:00:00.000Z,5,5,3,2,60.00,16.75,20.51,47.33,13,13,0,0.00
10004,2026-07-01T00:00:00.000Z,null,null,null,null,null,null,null,null,15,14,0,0.00
10004,2026-08-01T00:00:00.000Z,null,null,null,null,null,null,null,null,15,15,1,6.67
10004,2026-09-01T00:00:00.000Z,null,null,null,null,null,null,null,null,3,3,0,0.00
10005,2025-01-01T00:00:00.000Z,null,null,null,null,null,null,null,null,4,4,0,0.00
10005,2025-02-01T00:00:00.000Z,1,1,1,0,100.00,2.54,2.54,2.54,10,10,0,0.00
10005,2025-03-01T00:00:00.000Z,1,1,1,0,100.00,0.0,0.00,0.00,5,5,0,0.00
10005,2025-04-01T00:00:00.000Z,2,2,2,0,100.00,0.0,0.00,0.00,null,null,null,null
10005,2025-05-01T00:00:00.000Z,2,2,2,0,100.00,0.0,0.00,0.00,6,6,0,0.00
10005,2025-06-01T00:00:00.000Z,1,1,1,0,100.00,0.0,0.00,0.00,null,null,null,null
10005,2025-07-01T00:00:00.000Z,1,1,1,0,100.00,0.0,0.00,0.00,5,5,0,0.00
10005,2025-08-01T00:00:00.000Z,null,null,null,null,null,null,null,null,4,4,0,0.00
10005,2025-09-01T00:00:00.000Z,1,1,1,0,100.00,0.0,0.00,0.00,5,5,0,0.00
10005,2025-10-01T00:00:00.000Z,2,2,2,0,100.00,2.73,2.73,5.46,5,5,0,0.00
10005,2025-11-01T00:00:00.000Z,null,null,null,null,null,null,null,null,3,3,0,0.00
10005,2025-12-01T00:00:00.000Z,1,1,1,0,100.00,0.0,0.00,0.00,11,11,1,9.09
10005,2026-01-01T00:00:00.000Z,null,null,null,null,null,null,null,null,3,3,0,0.00
10005,2026-02-01T00:00:00.000Z,null,null,null,null,null,null,null,null,3,3,0,0.00
10005,2026-03-01T00:00:00.000Z,null,null,null,null,null,null,null,null,2,2,0,0.00
10005,2026-04-01T00:00:00.000Z,1,1,1,0,100.00,10.29,10.29,10.29,8,8,0,0.00
10005,2026-05-01T00:00:00.000Z,1,1,1,0,100.00,20.21,20.21,20.21,1,1,0,0.00
10005,2026-06-01T00:00:00.000Z,null,null,null,null,null,null,null,null,8,8,0,0.00
10005,2026-07-01T00:00:00.000Z,1,1,0,1,0.00,null,null,null,5,5,0,0.00
10005,2026-08-01T00:00:00.000Z,1,0,0,0,null,null,null,null,13,13,1,7.69
10006,2025-01-01T00:00:00.000Z,2,2,2,0,100.00,0.0,0.00,0.00,4,4,0,0.00
10006,2025-02-01T00:00:00.000Z,null,null,null,null,null,null,null,null,5,5,0,0.00
10006,2025-03-01T00:00:00.000Z,1,1,1,0,100.00,0.0,0.00,0.00,3,3,0,0.00
10006,2025-04-01T00:00:00.000Z,null,null,null,null,null,null,null,null,5,5,0,0.00
10006,2025-06-01T00:00:00.000Z,2,2,2,0,100.00,0.0,0.00,0.00,3,3,0,0.00
10006,2025-07-01T00:00:00.000Z,2,2,2,0,100.00,0.0,0.00,0.00,9,9,0,0.00
10006,2025-08-01T00:00:00.000Z,1,1,1,0,100.00,0.0,0.00,0.00,1,1,0,0.00
10006,2025-09-01T00:00:00.000Z,null,null,null,null,null,null,null,null,5,5,0,0.00
10006,2025-10-01T00:00:00.000Z,null,null,null,null,null,null,null,null,3,3,0,0.00
10006,2025-11-01T00:00:00.000Z,1,1,1,0,100.00,16.46,16.46,16.46,1,1,0,0.00
10006,2025-12-01T00:00:00.000Z,null,null,null,null,null,null,null,null,3,3,0,0.00
10006,2026-02-01T00:00:00.000Z,null,null,null,null,null,null,null,null,2,2,0,0.00
10006,2026-03-01T00:00:00.000Z,1,1,1,0,100.00,0.0,0.00,0.00,4,4,0,0.00
10006,2026-04-01T00:00:00.000Z,null,null,null,null,null,null,null,null,7,7,0,0.00
10006,2026-05-01T00:00:00.000Z,null,null,null,null,null,null,null,null,3,3,0,0.00
10006,2026-07-01T00:00:00.000Z,null,null,null,null,null,null,null,null,3,3,0,0.00
10006,2026-08-01T00:00:00.000Z,null,null,null,null,null,null,null,null,3,3,0,0.00
10006,2026-09-01T00:00:00.000Z,null,null,null,null,null,null,null,null,1,1,0,0.00
10007,2025-01-01T00:00:00.000Z,null,null,null,null,null,null,null,null,15,15,1,6.67
10007,2025-02-01T00:00:00.000Z,1,1,1,0,100.00,0.0,0.00,0.00,16,16,0,0.00
10007,2025-03-01T00:00:00.000Z,null,null,null,null,null,null,null,null,12,12,0,0.00
10007,2025-04-01T00:00:00.000Z,2,2,2,0,100.00,0.0,0.00,0.00,10,10,1,10.00
10007,2025-05-01T00:00:00.000Z,3,3,3,0,100.00,0.0,3.29,9.88,18,18,1,5.56
10007,2025-06-01T00:00:00.000Z,null,null,null,null,null,null,null,null,8,8,0,0.00
10007,2025-07-01T00:00:00.000Z,1,1,1,0,100.00,0.0,0.00,0.00,14,13,0,0.00
10007,2025-08-01T00:00:00.000Z,2,2,1,1,50.00,59.27,59.27,118.54,5,5,0,0.00
10007,2025-09-01T00:00:00.000Z,2,2,2,0,100.00,0.0,0.00,0.00,15,15,0,0.00
10007,2025-10-01T00:00:00.000Z,1,1,1,0,100.00,0.0,0.00,0.00,10,9,0,0.00
10007,2025-11-01T00:00:00.000Z,1,1,1,0,100.00,0.0,0.00,0.00,13,13,0,0.00
10007,2025-12-01T00:00:00.000Z,2,2,2,0,100.00,0.0,0.00,0.00,14,14,0,0.00
10007,2026-01-01T00:00:00.000Z,null,null,null,null,null,null,null,null,6,6,0,0.00
10007,2026-02-01T00:00:00.000Z,null,null,null,null,null,null,null,null,11,9,0,0.00
10007,2026-03-01T00:00:00.000Z,null,null,null,null,null,null,null,null,19,19,0,0.00
10007,2026-04-01T00:00:00.000Z,4,4,2,2,50.00,22.0,29.04,48.17,13,13,0,0.00
10007,2026-05-01T00:00:00.000Z,2,2,2,0,100.00,6.98,6.98,12.17,22,22,0,0.00
10007,2026-06-01T00:00:00.000Z,null,null,null,null,null,null,null,null,12,12,0,0.00
10007,2026-07-01T00:00:00.000Z,1,1,1,0,100.00,15.25,15.25,15.25,19,17,1,5.26
10007,2026-08-01T00:00:00.000Z,null,null,null,null,null,null,null,null,8,8,0,0.00
10007,2026-09-01T00:00:00.000Z,null,null,null,null,null,null,null,null,5,5,0,0.00
10009,2025-01-01T00:00:00.000Z,13,13,13,0,100.00,0.0,0.16,0.50,23,23,7,30.43
10009,2025-02-01T00:00:00.000Z,11,11,11,0,100.00,0.21,0.70,2.08,16,16,0,0.00
10009,2025-03-01T00:00:00.000Z,9,9,9,0,100.00,0.0,0.11,0.50,20,20,1,5.00
10009,2025-04-01T00:00:00.000Z,13,13,13,0,100.00,0.0,0.31,0.88,29,24,0,0.00
10009,2025-05-01T00:00:00.000Z,14,14,14,0,100.00,0.42,0.67,1.75,20,20,0,0.00
10009,2025-06-01T00:00:00.000Z,16,16,16,0,100.00,0.0,0.38,1.67,23,23,1,4.35
10009,2025-07-01T00:00:00.000Z,18,18,18,0,100.00,0.0,0.18,0.88,25,25,1,4.00
10009,2025-08-01T00:00:00.000Z,19,19,19,0,100.00,0.0,1.94,3.00,22,22,1,4.55
10009,2025-09-01T00:00:00.000Z,22,22,22,0,100.00,0.15,0.79,2.63,18,17,1,5.56
10009,2025-10-01T00:00:00.000Z,17,17,17,0,100.00,0.5,1.75,9.50,17,16,4,23.53
10009,2025-11-01T00:00:00.000Z,12,12,12,0,100.00,0.0,1.12,4.63,25,25,3,12.00
10009,2025-12-01T00:00:00.000Z,9,9,9,0,100.00,0.0,2.71,15.42,33,33,0,0.00
10009,2026-01-01T00:00:00.000Z,7,7,7,0,100.00,0.71,0.77,2.50,19,18,1,5.26
10009,2026-02-01T00:00:00.000Z,7,7,7,0,100.00,0.0,0.64,2.38,11,11,0,0.00
10009,2026-03-01T00:00:00.000Z,18,18,18,0,100.00,0.65,1.00,3.50,14,14,0,0.00
10009,2026-04-01T00:00:00.000Z,19,19,18,1,94.74,3.56,4.71,11.83,28,27,1,3.57
10009,2026-05-01T00:00:00.000Z,19,19,19,0,100.00,2.88,4.83,12.00,14,14,3,21.43
10009,2026-06-01T00:00:00.000Z,15,15,15,0,100.00,3.79,5.22,9.92,24,24,0,0.00
10009,2026-07-01T00:00:00.000Z,15,15,14,1,93.33,8.83,9.46,18.75,26,25,1,3.85
10009,2026-08-01T00:00:00.000Z,21,11,11,0,100.00,4.04,4.46,4.38,25,25,1,4.00
10009,2026-09-01T00:00:00.000Z,11,0,0,0,null,null,null,null,7,7,0,0.00
10010,2025-01-01T00:00:00.000Z,6,6,6,0,100.00,0.0,1.58,5.75,21,21,0,0.00
10010,2025-02-01T00:00:00.000Z,2,2,2,0,100.00,2.81,2.81,5.63,7,7,0,0.00
10010,2025-03-01T00:00:00.000Z,5,5,5,0,100.00,0.0,0.58,1.83,17,15,0,0.00
10010,2025-04-01T00:00:00.000Z,5,5,5,0,100.00,2.46,2.52,5.88,19,19,0,0.00
10010,2025-05-01T00:00:00.000Z,7,7,7,0,100.00,0.5,2.15,6.92,12,11,0,0.00
10010,2025-06-01T00:00:00.000Z,17,17,17,0,100.00,0.0,0.57,1.88,10,10,0,0.00
10010,2025-07-01T00:00:00.000Z,6,6,6,0,100.00,0.0,0.83,5.00,24,20,3,12.50
10010,2025-08-01T00:00:00.000Z,3,3,3,0,100.00,0.0,0.00,0.00,24,23,0,0.00
10010,2025-09-01T00:00:00.000Z,7,7,7,0,100.00,0.0,2.24,8.04,28,28,2,7.14
10010,2025-10-01T00:00:00.000Z,7,7,7,0,100.00,0.0,1.76,9.79,24,21,0,0.00
10010,2025-11-01T00:00:00.000Z,3,3,3,0,100.00,2.46,2.11,3.88,22,22,2,9.09
10010,2025-12-01T00:00:00.000Z,1,1,1,0,100.00,0.0,0.00,0.00,22,22,1,4.55
10010,2026-01-01T00:00:00.000Z,5,5,5,0,100.00,0.0,0.87,3.63,24,23,0,0.00
10010,2026-02-01T00:00:00.000Z,null,null,null,null,null,null,null,null,21,21,0,0.00
10010,2026-03-01T00:00:00.000Z,3,3,3,0,100.00,0.96,0.92,1.79,16,16,0,0.00
10010,2026-04-01T00:00:00.000Z,4,4,4,0,100.00,23.6,23.08,23.92,27,27,0,0.00
10010,2026-05-01T00:00:00.000Z,5,5,5,0,100.00,7.29,7.23,16.08,18,17,0,0.00
10010,2026-06-01T00:00:00.000Z,2,2,1,1,50.00,27.17,27.17,42.17,21,21,0,0.00
10010,2026-07-01T00:00:00.000Z,6,6,5,1,83.33,19.94,20.53,36.96,22,20,0,0.00
10010,2026-08-01T00:00:00.000Z,4,1,1,0,100.00,12.96,12.96,12.96,28,25,1,3.57
10010,2026-09-01T00:00:00.000Z,3,0,0,0,null,null,null,null,9,9,0,0.00
10011,2025-01-01T00:00:00.000Z,10,10,10,0,100.00,0.6,0.74,1.71,28,27,0,0.00
10011,2025-02-01T00:00:00.000Z,7,7,7,0,100.00,0.04,0.32,0.92,23,23,0,0.00
10011,2025-03-01T00:00:00.000Z,6,6,6,0,100.00,0.5,0.59,1.71,24,23,0,0.00
10011,2025-04-01T00:00:00.000Z,7,7,7,0,100.00,0.0,0.55,1.92,31,30,0,0.00
10011,2025-05-01T00:00:00.000Z,8,8,8,0,100.00,0.25,0.68,2.42,31,30,1,3.23
10011,2025-06-01T00:00:00.000Z,9,9,9,0,100.00,0.17,1.10,6.50,18,18,0,0.00
10011,2025-07-01T00:00:00.000Z,6,6,6,0,100.00,0.0,0.92,5.38,28,28,1,3.57
10011,2025-08-01T00:00:00.000Z,15,15,15,0,100.00,0.25,0.68,2.67,37,35,1,2.70
10011,2025-09-01T00:00:00.000Z,9,9,9,0,100.00,0.54,0.88,2.75,21,21,0,0.00
10011,2025-10-01T00:00:00.000Z,6,6,5,1,83.33,0.0,10.27,60.58,30,29,1,3.33
10011,2025-11-01T00:00:00.000Z,3,3,3,0,100.00,0.0,0.67,2.00,29,27,0,0.00
10011,2025-12-01T00:00:00.000Z,2,2,2,0,100.00,1.56,1.56,3.13,41,40,0,0.00
10011,2026-01-01T00:00:00.000Z,4,4,4,0,100.00,0.0,0.00,0.00,38,38,0,0.00
10011,2026-02-01T00:00:00.000Z,2,2,2,0,100.00,0.0,0.00,0.00,27,26,1,3.70
10011,2026-03-01T00:00:00.000Z,7,7,7,0,100.00,0.0,0.25,1.75,40,39,0,0.00
10011,2026-04-01T00:00:00.000Z,7,7,7,0,100.00,5.13,8.70,27.54,57,57,0,0.00
10011,2026-05-01T00:00:00.000Z,8,8,8,0,100.00,8.1,9.52,21.08,33,33,0,0.00
10011,2026-06-01T00:00:00.000Z,5,5,4,1,80.00,14.83,18.87,50.33,28,28,0,0.00
10011,2026-07-01T00:00:00.000Z,7,7,4,3,57.14,12.88,20.24,48.21,37,33,1,2.70
10011,2026-08-01T00:00:00.000Z,13,8,6,2,75.00,12.13,11.39,17.29,35,35,0,0.00
10011,2026-09-01T00:00:00.000Z,3,0,0,0,null,null,null,null,25,25,1,4.00
10012,2025-01-01T00:00:00.000Z,5,5,5,0,100.00,1.79,2.10,6.08,27,27,2,7.41
10012,2025-02-01T00:00:00.000Z,5,5,5,0,100.00,0.0,0.20,0.54,25,25,1,4.00
10012,2025-03-01T00:00:00.000Z,8,8,8,0,100.00,0.46,0.74,3.13,28,28,0,0.00
10012,2025-04-01T00:00:00.000Z,9,9,9,0,100.00,0.0,0.11,0.58,23,23,1,4.35
10012,2025-05-01T00:00:00.000Z,3,3,3,0,100.00,0.0,0.94,2.83,37,34,1,2.70
10012,2025-06-01T00:00:00.000Z,4,4,4,0,100.00,0.31,0.81,2.63,15,15,1,6.67
10012,2025-07-01T00:00:00.000Z,7,7,7,0,100.00,0.0,0.18,0.75,49,45,2,4.08
10012,2025-08-01T00:00:00.000Z,14,14,14,0,100.00,0.92,1.26,3.58,37,37,1,2.70
10012,2025-09-01T00:00:00.000Z,5,5,5,0,100.00,0.0,0.56,1.92,32,29,0,0.00
10012,2025-10-01T00:00:00.000Z,3,3,3,0,100.00,0.0,0.29,0.88,38,38,1,2.63
10012,2025-11-01T00:00:00.000Z,2,2,2,0,100.00,0.0,0.00,0.00,31,31,0,0.00
10012,2025-12-01T00:00:00.000Z,3,3,3,0,100.00,0.21,0.99,2.75,37,37,0,0.00
10012,2026-01-01T00:00:00.000Z,null,null,null,null,null,null,null,null,29,29,2,6.90
10012,2026-02-01T00:00:00.000Z,1,1,1,0,100.00,0.0,0.00,0.00,26,25,0,0.00
10012,2026-03-01T00:00:00.000Z,1,1,1,0,100.00,0.0,0.00,0.00,49,48,1,2.04
10012,2026-04-01T00:00:00.000Z,7,7,5,2,71.43,16.25,20.38,45.79,40,39,2,5.00
10012,2026-05-01T00:00:00.000Z,7,7,7,0,100.00,15.46,11.28,21.00,40,39,3,7.50
10012,2026-06-01T00:00:00.000Z,4,4,4,0,100.00,13.1,13.34,24.83,37,36,2,5.41
10012,2026-07-01T00:00:00.000Z,15,15,13,2,86.67,4.38,11.64,37.88,48,44,1,2.08
10012,2026-08-01T00:00:00.000Z,4,3,3,0,100.00,17.08,16.83,28.04,29,29,0,0.00
10012,2026-09-01T00:00:00.000Z,3,0,0,0,null,null,null,null,21,21,0,0.00
10013,2025-01-01T00:00:00.000Z,1,1,1,0,100.00,3.08,3.08,3.08,40,36,6,15.00
10013,2025-02-01T00:00:00.000Z,4,4,4,0,100.00,0.69,1.24,3.58,28,28,0,0.00
10013,2025-03-01T00:00:00.000Z,6,6,6,0,100.00,0.56,0.79,1.63,29,29,4,13.79
10013,2025-04-01T00:00:00.000Z,2,2,2,0,100.00,0.98,0.98,1.96,50,50,4,8.00
10013,2025-05-01T00:00:00.000Z,4,4,4,0,100.00,0.0,0.96,3.83,68,64,4,5.88
10013,2025-06-01T00:00:00.000Z,6,6,6,0,100.00,0.0,0.22,1.08,32,30,1,3.13
10013,2025-07-01T00:00:00.000Z,3,3,3,0,100.00,0.0,0.51,1.54,43,43,1,2.33
10013,2025-08-01T00:00:00.000Z,4,4,4,0,100.00,0.0,0.00,0.00,44,42,4,9.09
10013,2025-09-01T00:00:00.000Z,6,6,6,0,100.00,0.0,0.14,0.83,34,30,3,8.82
10013,2025-10-01T00:00:00.000Z,3,3,3,0,100.00,0.5,1.69,4.58,48,48,1,2.08
10013,2025-11-01T00:00:00.000Z,14,14,14,0,100.00,1.83,1.58,2.75,29,28,1,3.45
10013,2025-12-01T00:00:00.000Z,1,1,1,0,100.00,3.75,3.75,3.75,37,37,1,2.70
10013,2026-01-01T00:00:00.000Z,6,6,6,0,100.00,0.0,0.41,2.46,37,36,3,8.11
10013,2026-02-01T00:00:00.000Z,2,2,2,0,100.00,0.0,0.00,0.00,23,22,3,13.04
10013,2026-03-01T00:00:00.000Z,2,2,2,0,100.00,0.04,0.04,0.08,54,52,2,3.70
10013,2026-04-01T00:00:00.000Z,2,2,2,0,100.00,24.38,24.38,25.08,72,67,6,8.33
10013,2026-05-01T00:00:00.000Z,13,13,12,1,92.31,5.13,12.67,30.13,79,74,4,5.06
10013,2026-06-01T00:00:00.000Z,8,8,8,0,100.00,4.44,5.40,11.08,34,32,1,2.94
10013,2026-07-01T00:00:00.000Z,2,2,2,0,100.00,20.13,20.13,21.08,50,47,2,4.00
10013,2026-08-01T00:00:00.000Z,1,1,1,0,100.00,4.17,4.17,4.17,45,45,2,4.44
10013,2026-09-01T00:00:00.000Z,3,0,0,0,null,null,null,null,33,33,0,0.00
10014,2025-01-01T00:00:00.000Z,7,7,7,0,100.00,0.0,1.05,3.71,24,23,1,4.17
10014,2025-02-01T00:00:00.000Z,5,5,5,0,100.00,0.63,0.47,0.88,34,34,1,2.94
10014,2025-03-01T00:00:00.000Z,4,4,4,0,100.00,1.08,1.08,1.42,16,16,1,6.25
10014,2025-04-01T00:00:00.000Z,9,9,9,0,100.00,0.0,0.19,0.79,29,29,0,0.00
10014,2025-05-01T00:00:00.000Z,4,4,4,0,100.00,0.0,0.00,0.00,20,20,0,0.00
10014,2025-06-01T00:00:00.000Z,15,15,15,0,100.00,0.0,0.20,0.79,24,22,0,0.00
10014,2025-07-01T00:00:00.000Z,3,3,3,0,100.00,0.0,0.01,0.04,42,40,1,2.38
10014,2025-08-01T00:00:00.000Z,2,2,2,0,100.00,0.0,0.00,0.00,22,22,0,0.00
10014,2025-09-01T00:00:00.000Z,1,1,1,0,100.00,0.0,0.00,0.00,27,26,3,11.11
10014,2025-10-01T00:00:00.000Z,5,5,5,0,100.00,0.0,0.00,0.00,31,28,0,0.00
10014,2025-11-01T00:00:00.000Z,5,5,5,0,100.00,0.0,0.36,1.79,23,22,1,4.35
10014,2025-12-01T00:00:00.000Z,7,7,7,0,100.00,0.38,1.40,3.58,43,43,3,6.98
10014,2026-01-01T00:00:00.000Z,4,4,4,0,100.00,0.0,0.00,0.00,21,21,0,0.00
10014,2026-02-01T00:00:00.000Z,5,5,5,0,100.00,0.0,0.57,2.29,27,27,1,3.70
10014,2026-03-01T00:00:00.000Z,4,4,4,0,100.00,0.0,0.68,2.71,50,47,1,2.00
10014,2026-04-01T00:00:00.000Z,7,7,5,2,71.43,1.46,11.17,38.92,45,44,2,4.44
10014,2026-05-01T00:00:00.000Z,13,13,8,5,61.54,4.33,16.22,44.21,51,50,0,0.00
10014,2026-06-01T00:00:00.000Z,13,13,12,1,92.31,7.92,10.95,28.17,26,25,0,0.00
10014,2026-07-01T00:00:00.000Z,12,12,11,1,91.67,5.77,11.73,19.13,32,30,1,3.13
10014,2026-08-01T00:00:00.000Z,7,5,4,1,80.00,24.71,20.67,33.17,37,37,0,0.00
10014,2026-09-01T00:00:00.000Z,7,0,0,0,null,null,null,null,13,13,1,7.69
10016,2025-01-01T00:00:00.000Z,8,8,8,0,100.00,0.13,0.76,3.79,32,31,1,3.13
10016,2025-02-01T00:00:00.000Z,2,2,2,0,100.00,0.0,0.00,0.00,25,23,0,0.00
10016,2025-03-01T00:00:00.000Z,13,13,13,0,100.00,0.0,1.49,6.33,28,25,1,3.57
10016,2025-04-01T00:00:00.000Z,8,8,8,0,100.00,0.08,2.51,9.00,32,32,1,3.13
10016,2025-05-01T00:00:00.000Z,6,6,6,0,100.00,0.17,2.03,8.96,33,33,0,0.00
10016,2025-06-01T00:00:00.000Z,8,8,8,0,100.00,0.0,1.82,8.50,21,21,0,0.00
10016,2025-07-01T00:00:00.000Z,12,12,12,0,100.00,2.1,3.06,9.67,31,31,0,0.00
10016,2025-08-01T00:00:00.000Z,15,15,15,0,100.00,0.0,1.12,5.42,29,26,0,0.00
10016,2025-09-01T00:00:00.000Z,6,6,6,0,100.00,0.0,0.10,0.63,30,30,3,10.00
10016,2025-10-01T00:00:00.000Z,4,4,4,0,100.00,0.0,0.00,0.00,48,47,0,0.00
10016,2025-11-01T00:00:00.000Z,3,3,3,0,100.00,0.0,0.86,2.58,14,14,1,7.14
10016,2025-12-01T00:00:00.000Z,5,5,5,0,100.00,0.0,0.89,4.46,44,42,0,0.00
10016,2026-01-01T00:00:00.000Z,3,3,3,0,100.00,0.0,3.35,10.04,23,23,1,4.35
10016,2026-02-01T00:00:00.000Z,3,3,3,0,100.00,0.0,0.22,0.67,53,49,4,7.55
10016,2026-03-01T00:00:00.000Z,2,2,2,0,100.00,0.0,0.00,0.00,29,29,0,0.00
10016,2026-04-01T00:00:00.000Z,2,2,2,0,100.00,21.96,21.96,22.04,40,36,1,2.50
10016,2026-05-01T00:00:00.000Z,6,6,5,1,83.33,16.31,19.91,31.46,17,17,0,0.00
10016,2026-06-01T00:00:00.000Z,7,7,6,1,85.71,11.71,16.55,54.83,34,34,1,2.94
10016,2026-07-01T00:00:00.000Z,4,4,2,2,50.00,27.75,27.82,46.33,34,34,0,0.00
10016,2026-08-01T00:00:00.000Z,5,4,3,1,75.00,14.9,18.61,37.29,27,26,1,3.70
10016,2026-09-01T00:00:00.000Z,8,0,0,0,null,null,null,null,23,23,0,0.00
10017,2025-01-01T00:00:00.000Z,2,2,2,0,100.00,0.0,0.00,0.00,24,24,0,0.00
10017,2025-02-01T00:00:00.000Z,null,null,null,null,null,null,null,null,14,14,0,0.00
10017,2025-03-01T00:00:00.000Z,1,1,1,0,100.00,0.0,0.00,0.00,14,14,0,0.00
10017,2025-04-01T00:00:00.000Z,null,null,null,null,null,null,null,null,25,23,1,4.00
10017,2025-05-01T00:00:00.000Z,2,2,2,0,100.00,0.0,0.00,0.00,26,24,1,3.85
10017,2025-06-01T00:00:00.000Z,2,2,2,0,100.00,0.75,0.75,1.50,39,39,0,0.00
10017,2025-07-01T00:00:00.000Z,1,1,1,0,100.00,0.0,0.00,0.00,37,36,0,0.00
10017,2025-08-01T00:00:00.000Z,4,4,4,0,100.00,0.0,0.00,0.00,34,33,1,2.94
10017,2025-09-01T00:00:00.000Z,1,1,1,0,100.00,5.5,5.50,5.50,23,23,0,0.00
10017,2025-10-01T00:00:00.000Z,1,1,1,0,100.00,0.0,0.00,0.00,45,43,0,0.00
10017,2025-11-01T00:00:00.000Z,2,2,2,0,100.00,1.33,1.33,2.67,15,15,0,0.00
10017,2025-12-01T00:00:00.000Z,null,null,null,null,null,null,null,null,17,17,0,0.00
10017,2026-01-01T00:00:00.000Z,null,null,null,null,null,null,null,null,18,18,0,0.00
10017,2026-02-01T00:00:00.000Z,1,1,1,0,100.00,0.0,0.00,0.00,18,18,0,0.00
10017,2026-03-01T00:00:00.000Z,null,null,null,null,null,null,null,null,25,24,0,0.00
10017,2026-04-01T00:00:00.000Z,null,null,null,null,null,null,null,null,53,51,0,0.00
10017,2026-05-01T00:00:00.000Z,null,null,null,null,null,null,null,null,24,22,0,0.00
10017,2026-06-01T00:00:00.000Z,2,2,2,0,100.00,8.1,8.10,12.00,19,19,0,0.00
10017,2026-07-01T00:00:00.000Z,3,3,3,0,100.00,8.79,11.10,18.71,32,29,0,0.00
10017,2026-08-01T00:00:00.000Z,2,1,0,1,0.00,null,null,null,32,31,0,0.00
10017,2026-09-01T00:00:00.000Z,1,0,0,0,null,null,null,null,10,10,0,0.00
10018,2025-01-01T00:00:00.000Z,4,4,4,0,100.00,0.0,0.00,0.00,21,21,1,4.76
10018,2025-02-01T00:00:00.000Z,9,9,9,0,100.00,0.0,0.71,2.63,23,23,0,0.00
10018,2025-03-01T00:00:00.000Z,null,null,null,null,null,null,null,null,22,22,0,0.00
10018,2025-04-01T00:00:00.000Z,2,2,2,0,100.00,0.31,0.31,0.63,27,26,0,0.00
10018,2025-05-01T00:00:00.000Z,5,5,5,0,100.00,0.0,0.18,0.79,22,22,0,0.00
10018,2025-06-01T00:00:00.000Z,5,5,5,0,100.00,0.0,0.05,0.21,29,29,0,0.00
10018,2025-07-01T00:00:00.000Z,null,null,null,null,null,null,null,null,48,46,0,0.00
10018,2025-08-01T00:00:00.000Z,1,1,1,0,100.00,3.0,3.00,3.00,41,39,0,0.00
10018,2025-09-01T00:00:00.000Z,1,1,1,0,100.00,0.0,0.00,0.00,28,27,1,3.57
10018,2025-10-01T00:00:00.000Z,4,4,4,0,100.00,0.0,0.00,0.00,47,43,0,0.00
10018,2025-11-01T00:00:00.000Z,null,null,null,null,null,null,null,null,18,18,0,0.00
10018,2025-12-01T00:00:00.000Z,1,1,0,1,0.00,118.92,118.92,118.92,40,40,0,0.00
10018,2026-01-01T00:00:00.000Z,2,2,2,0,100.00,0.29,0.29,0.58,30,30,0,0.00
10018,2026-02-01T00:00:00.000Z,1,1,1,0,100.00,0.0,0.00,0.00,53,53,1,1.89
10018,2026-03-01T00:00:00.000Z,1,1,1,0,100.00,0.0,0.00,0.00,39,39,0,0.00
10018,2026-04-01T00:00:00.000Z,2,2,2,0,100.00,0.71,0.71,0.71,36,36,0,0.00
10018,2026-05-01T00:00:00.000Z,2,2,2,0,100.00,14.5,14.50,20.13,45,45,0,0.00
10018,2026-06-01T00:00:00.000Z,2,2,2,0,100.00,5.23,5.23,7.17,33,33,0,0.00
10018,2026-07-01T00:00:00.000Z,2,2,1,1,50.00,2.92,2.92,2.92,32,32,1,3.13
10018,2026-08-01T00:00:00.000Z,null,null,null,null,null,null,null,null,35,34,1,2.86
10018,2026-09-01T00:00:00.000Z,null,null,null,null,null,null,null,null,24,20,0,0.00
10019,2025-01-01T00:00:00.000Z,11,11,11,0,100.00,0.0,0.05,0.00,41,39,1,2.44
10019,2025-02-01T00:00:00.000Z,5,5,5,0,100.00,0.0,0.27,1.33,30,30,2,6.67
10019,2025-03-01T00:00:00.000Z,10,10,10,0,100.00,0.0,0.28,0.58,41,40,0,0.00
10019,2025-04-01T00:00:00.000Z,6,6,6,0,100.00,0.0,0.08,0.50,38,38,2,5.26
10019,2025-05-01T00:00:00.000Z,7,7,7,0,100.00,0.0,0.89,2.92,42,42,1,2.38
10019,2025-06-01T00:00:00.000Z,7,7,7,0,100.00,0.04,0.21,0.79,38,38,3,7.89
10019,2025-07-01T00:00:00.000Z,3,3,3,0,100.00,0.13,0.13,0.25,72,70,1,1.39
10019,2025-08-01T00:00:00.000Z,11,11,11,0,100.00,0.13,1.29,4.04,44,42,1,2.27
10019,2025-09-01T00:00:00.000Z,13,13,13,0,100.00,0.0,0.44,1.58,40,39,0,0.00
10019,2025-10-01T00:00:00.000Z,7,7,7,0,100.00,0.0,0.74,3.71,48,47,0,0.00
10019,2025-11-01T00:00:00.000Z,5,5,5,0,100.00,0.0,0.38,1.33,23,23,1,4.35
10019,2025-12-01T00:00:00.000Z,7,7,7,0,100.00,0.0,1.18,3.50,37,36,0,0.00
10019,2026-01-01T00:00:00.000Z,6,6,6,0,100.00,0.0,0.28,0.92,39,38,1,2.56
10019,2026-02-01T00:00:00.000Z,4,4,4,0,100.00,0.0,0.01,0.04,50,50,2,4.00
10019,2026-03-01T00:00:00.000Z,4,4,4,0,100.00,0.0,0.13,0.50,60,56,0,0.00
10019,2026-04-01T00:00:00.000Z,5,5,5,0,100.00,1.08,2.11,7.04,90,87,2,2.22
10019,2026-05-01T00:00:00.000Z,10,10,10,0,100.00,13.6,14.05,24.63,62,59,4,6.45
10019,2026-06-01T00:00:00.000Z,9,9,8,1,88.89,4.13,11.37,41.33,43,42,1,2.33
10019,2026-07-01T00:00:00.000Z,8,8,4,4,50.00,10.83,20.17,45.83,60,59,1,1.67
10019,2026-08-01T00:00:00.000Z,11,6,4,2,66.67,17.0,18.98,39.92,31,31,0,0.00
10019,2026-09-01T00:00:00.000Z,5,0,0,0,null,null,null,null,12,11,0,0.00
10020,2025-01-01T00:00:00.000Z,null,null,null,null,null,null,null,null,3,3,0,0.00
10020,2025-02-01T00:00:00.000Z,null,null,null,null,null,null,null,null,5,5,0,0.00
10020,2025-03-01T00:00:00.000Z,null,null,null,null,null,null,null,null,3,3,0,0.00
10020,2025-04-01T00:00:00.000Z,null,null,null,null,null,null,null,null,2,2,0,0.00
10020,2025-05-01T00:00:00.000Z,1,1,1,0,100.00,0.0,0.00,0.00,1,1,0,0.00
10020,2025-06-01T00:00:00.000Z,null,null,null,null,null,null,null,null,2,2,0,0.00
10020,2025-09-01T00:00:00.000Z,null,null,null,null,null,null,null,null,3,3,0,0.00
10020,2025-10-01T00:00:00.000Z,null,null,null,null,null,null,null,null,3,3,0,0.00
10020,2025-11-01T00:00:00.000Z,null,null,null,null,null,null,null,null,1,1,0,0.00
10020,2025-12-01T00:00:00.000Z,null,null,null,null,null,null,null,null,2,2,0,0.00
10020,2026-01-01T00:00:00.000Z,null,null,null,null,null,null,null,null,8,8,0,0.00
10020,2026-02-01T00:00:00.000Z,null,null,null,null,null,null,null,null,5,5,0,0.00
10020,2026-03-01T00:00:00.000Z,null,null,null,null,null,null,null,null,6,6,0,0.00
10020,2026-04-01T00:00:00.000Z,null,null,null,null,null,null,null,null,3,3,0,0.00
10020,2026-05-01T00:00:00.000Z,null,null,null,null,null,null,null,null,4,4,0,0.00
10020,2026-06-01T00:00:00.000Z,null,null,null,null,null,null,null,null,2,2,0,0.00
10020,2026-07-01T00:00:00.000Z,null,null,null,null,null,null,null,null,1,1,0,0.00
10020,2026-08-01T00:00:00.000Z,null,null,null,null,null,null,null,null,3,3,0,0.00
10020,2026-09-01T00:00:00.000Z,null,null,null,null,null,null,null,null,1,1,0,0.00
10021,2025-01-01T00:00:00.000Z,6,6,6,0,100.00,0.0,0.25,0.96,13,13,0,0.00
10021,2025-02-01T00:00:00.000Z,2,2,2,0,100.00,0.31,0.31,0.63,10,9,0,0.00
10021,2025-03-01T00:00:00.000Z,3,3,3,0,100.00,0.0,0.00,0.00,22,19,0,0.00
10021,2025-04-01T00:00:00.000Z,4,4,4,0,100.00,0.0,0.00,0.00,18,17,0,0.00
10021,2025-05-01T00:00:00.000Z,6,6,6,0,100.00,0.0,0.36,2.17,13,13,0,0.00
10021,2025-06-01T00:00:00.000Z,6,6,6,0,100.00,0.0,0.49,2.96,7,7,0,0.00
10021,2025-07-01T00:00:00.000Z,6,6,6,0,100.00,0.0,0.00,0.00,11,11,0,0.00
10021,2025-08-01T00:00:00.000Z,11,11,11,0,100.00,0.0,0.20,0.04,6,5,0,0.00
10021,2025-09-01T00:00:00.000Z,12,12,12,0,100.00,0.0,2.05,8.04,25,24,1,4.00
10021,2025-10-01T00:00:00.000Z,6,6,6,0,100.00,0.46,1.75,5.33,9,9,0,0.00
10021,2025-11-01T00:00:00.000Z,5,5,5,0,100.00,0.0,0.66,3.29,8,8,0,0.00
10021,2025-12-01T00:00:00.000Z,8,8,8,0,100.00,0.0,0.48,2.46,16,16,0,0.00
10021,2026-01-01T00:00:00.000Z,1,1,1,0,100.00,0.0,0.00,0.00,11,10,0,0.00
10021,2026-02-01T00:00:00.000Z,6,6,6,0,100.00,0.31,3.22,15.79,9,9,0,0.00
10021,2026-03-01T00:00:00.000Z,5,5,5,0,100.00,0.0,0.16,0.79,16,16,0,0.00
10021,2026-04-01T00:00:00.000Z,7,7,7,0,100.00,0.0,2.14,13.83,13,13,0,0.00
10021,2026-05-01T00:00:00.000Z,6,6,6,0,100.00,13.33,11.97,25.08,17,16,0,0.00
10021,2026-06-01T00:00:00.000Z,4,4,4,0,100.00,7.46,8.77,13.88,13,13,0,0.00
10021,2026-07-01T00:00:00.000Z,14,14,13,1,92.86,6.33,9.74,28.25,20,19,0,0.00
10021,2026-08-01T00:00:00.000Z,10,10,10,0,100.00,8.31,9.15,13.17,20,19,1,5.00
10021,2026-09-01T00:00:00.000Z,5,0,0,0,null,null,null,null,7,7,1,14.29
10022,2025-01-01T00:00:00.000Z,4,4,4,0,100.00,0.35,0.63,1.79,27,25,0,0.00
10022,2025-02-01T00:00:00.000Z,8,8,8,0,100.00,0.29,1.96,11.54,15,15,1,6.67
10022,2025-03-01T00:00:00.000Z,6,6,6,0,100.00,1.92,4.16,13.71,24,24,0,0.00
10022,2025-04-01T00:00:00.000Z,9,9,9,0,100.00,0.0,0.47,3.88,34,34,0,0.00
10022,2025-05-01T00:00:00.000Z,12,12,12,0,100.00,0.0,0.55,2.71,19,17,0,0.00
10022,2025-06-01T00:00:00.000Z,12,12,12,0,100.00,0.0,1.12,4.29,30,30,0,0.00
10022,2025-07-01T00:00:00.000Z,14,14,14,0,100.00,0.0,1.66,4.96,31,31,1,3.23
10022,2025-08-01T00:00:00.000Z,4,4,4,0,100.00,0.0,0.00,0.00,23,23,0,0.00
10022,2025-09-01T00:00:00.000Z,8,8,8,0,100.00,0.0,1.31,5.58,36,36,0,0.00
10022,2025-10-01T00:00:00.000Z,2,2,2,0,100.00,3.69,3.69,7.38,28,28,2,7.14
10022,2025-11-01T00:00:00.000Z,2,2,2,0,100.00,3.06,3.06,3.13,14,14,0,0.00
10022,2025-12-01T00:00:00.000Z,1,1,1,0,100.00,5.38,5.38,5.38,48,46,1,2.08
10022,2026-01-01T00:00:00.000Z,10,10,9,1,90.00,0.0,0.20,1.04,33,33,0,0.00
10022,2026-02-01T00:00:00.000Z,3,3,3,0,100.00,0.0,0.00,0.00,26,26,0,0.00
10022,2026-03-01T00:00:00.000Z,5,5,5,0,100.00,1.71,1.29,3.00,44,44,2,4.55
10022,2026-04-01T00:00:00.000Z,4,4,4,0,100.00,3.48,5.64,15.13,51,48,1,1.96
10022,2026-05-01T00:00:00.000Z,7,7,6,1,85.71,18.0,22.23,83.33,42,40,1,2.38
10022,2026-06-01T00:00:00.000Z,1,1,0,1,0.00,36.92,36.92,36.92,33,33,0,0.00
10022,2026-07-01T00:00:00.000Z,4,4,4,0,100.00,20.31,20.11,27.79,34,32,1,2.94
10022,2026-08-01T00:00:00.000Z,3,0,0,0,null,null,null,null,36,36,1,2.78
10022,2026-09-01T00:00:00.000Z,2,0,0,0,null,null,null,null,22,21,1,4.55
10023,2025-01-01T00:00:00.000Z,19,19,19,0,100.00,0.0,0.23,1.08,17,17,0,0.00
10023,2025-02-01T00:00:00.000Z,8,8,8,0,100.00,0.0,0.16,0.63,12,12,0,0.00
10023,2025-03-01T00:00:00.000Z,13,13,13,0,100.00,0.0,1.09,5.71,19,18,0,0.00
10023,2025-04-01T00:00:00.000Z,11,11,11,0,100.00,0.0,0.71,1.42,12,12,0,0.00
10023,2025-05-01T00:00:00.000Z,18,18,18,0,100.00,0.0,0.56,4.29,13,13,0,0.00
10023,2025-06-01T00:00:00.000Z,17,17,17,0,100.00,0.0,2.92,16.83,19,18,1,5.26
10023,2025-07-01T00:00:00.000Z,24,24,24,0,100.00,0.0,0.24,0.00,11,11,0,0.00
10023,2025-08-01T00:00:00.000Z,22,22,22,0,100.00,0.0,0.65,3.38,15,15,0,0.00
10023,2025-09-01T00:00:00.000Z,20,20,20,0,100.00,0.0,0.93,2.13,12,12,0,0.00
10023,2025-10-01T00:00:00.000Z,10,10,10,0,100.00,0.0,2.32,6.58,16,16,2,12.50
10023,2025-11-01T00:00:00.000Z,8,8,8,0,100.00,1.29,2.20,8.25,7,7,0,0.00
10023,2025-12-01T00:00:00.000Z,4,4,4,0,100.00,0.0,0.00,0.00,14,14,0,0.00
10023,2026-01-01T00:00:00.000Z,7,7,7,0,100.00,0.0,1.78,9.83,13,13,1,7.69
10023,2026-02-01T00:00:00.000Z,8,8,8,0,100.00,0.0,0.19,1.54,12,12,0,0.00
10023,2026-03-01T00:00:00.000Z,5,5,5,0,100.00,0.0,0.38,1.92,17,16,2,11.76
10023,2026-04-01T00:00:00.000Z,11,11,11,0,100.00,0.63,4.50,15.46,11,11,0,0.00
10023,2026-05-01T00:00:00.000Z,13,13,10,3,76.92,11.25,17.91,27.04,12,12,0,0.00
10023,2026-06-01T00:00:00.000Z,13,13,12,1,92.31,10.5,9.82,15.13,9,9,0,0.00
10023,2026-07-01T00:00:00.000Z,18,18,16,2,88.89,16.79,16.80,23.83,13,13,0,0.00
10023,2026-08-01T00:00:00.000Z,22,9,7,2,77.78,6.96,6.53,9.08,31,29,1,3.23
10023,2026-09-01T00:00:00.000Z,15,0,0,0,null,null,null,null,16,16,0,0.00
10024,2025-01-01T00:00:00.000Z,19,19,19,0,100.00,0.46,1.10,2.88,13,13,2,15.38
10024,2025-02-01T00:00:00.000Z,21,21,21,0,100.00,0.08,1.18,1.75,13,13,2,15.38
10024,2025-03-01T00:00:00.000Z,33,33,33,0,100.00,0.54,1.28,4.00,10,10,0,0.00
10024,2025-04-01T00:00:00.000Z,32,32,32,0,100.00,0.0,0.89,3.00,13,13,0,0.00
10024,2025-05-01T00:00:00.000Z,32,32,32,0,100.00,0.0,1.44,5.29,20,19,1,5.00
10024,2025-06-01T00:00:00.000Z,34,34,34,0,100.00,0.31,1.22,4.08,13,10,2,15.38
10024,2025-07-01T00:00:00.000Z,26,26,26,0,100.00,0.73,1.82,5.92,7,7,0,0.00
10024,2025-08-01T00:00:00.000Z,29,29,29,0,100.00,0.04,1.13,4.08,12,12,0,0.00
10024,2025-09-01T00:00:00.000Z,25,25,25,0,100.00,0.71,1.53,4.33,15,15,0,0.00
10024,2025-10-01T00:00:00.000Z,25,25,25,0,100.00,0.96,1.33,3.38,18,18,0,0.00
10024,2025-11-01T00:00:00.000Z,18,18,18,0,100.00,0.0,1.22,4.08,15,14,0,0.00
10024,2025-12-01T00:00:00.000Z,15,15,15,0,100.00,0.88,1.88,6.21,14,14,1,7.14
10024,2026-01-01T00:00:00.000Z,10,10,10,0,100.00,0.0,0.67,2.04,19,18,3,15.79
10024,2026-02-01T00:00:00.000Z,8,8,8,0,100.00,0.0,0.70,2.58,14,14,1,7.14
10024,2026-03-01T00:00:00.000Z,10,10,9,1,90.00,2.77,10.00,12.79,14,14,1,7.14
10024,2026-04-01T00:00:00.000Z,22,22,19,3,86.36,6.88,12.51,33.17,22,22,0,0.00
10024,2026-05-01T00:00:00.000Z,26,26,26,0,100.00,4.88,7.29,18.79,11,11,1,9.09
10024,2026-06-01T00:00:00.000Z,25,25,24,1,96.00,8.63,11.83,23.21,32,29,2,6.25
10024,2026-07-01T00:00:00.000Z,33,33,31,2,93.94,12.79,12.95,21.96,22,19,1,4.55
10024,2026-08-01T00:00:00.000Z,30,26,23,3,88.46,5.73,7.68,16.42,19,18,0,0.00
10024,2026-09-01T00:00:00.000Z,12,0,0,0,null,null,null,null,9,9,0,0.00
10025,2025-01-01T00:00:00.000Z,30,30,30,0,100.00,0.0,0.57,1.79,16,16,3,18.75
10025,2025-02-01T00:00:00.000Z,22,22,22,0,100.00,0.29,0.88,2.63,8,8,0,0.00
10025,2025-03-01T00:00:00.000Z,48,48,48,0,100.00,0.0,1.23,4.42,19,19,0,0.00
10025,2025-04-01T00:00:00.000Z,49,49,49,0,100.00,0.04,1.49,3.83,19,19,2,10.53
10025,2025-05-01T00:00:00.000Z,48,48,48,0,100.00,0.33,1.04,2.71,17,17,2,11.76
10025,2025-06-01T00:00:00.000Z,54,54,54,0,100.00,0.0,0.87,3.13,16,16,1,6.25
10025,2025-07-01T00:00:00.000Z,43,43,43,0,100.00,0.0,1.16,4.63,23,21,1,4.35
10025,2025-08-01T00:00:00.000Z,56,56,54,2,96.43,0.0,2.82,7.46,17,17,0,0.00
10025,2025-09-01T00:00:00.000Z,55,55,54,1,98.18,1.29,2.46,5.71,16,15,0,0.00
10025,2025-10-01T00:00:00.000Z,27,27,27,0,100.00,0.0,1.58,5.29,19,17,1,5.26
10025,2025-11-01T00:00:00.000Z,15,15,15,0,100.00,0.0,3.11,9.96,11,11,1,9.09
10025,2025-12-01T00:00:00.000Z,14,14,14,0,100.00,0.0,1.20,5.38,25,24,2,8.00
10025,2026-01-01T00:00:00.000Z,16,16,16,0,100.00,0.0,0.39,2.08,8,7,1,12.50
10025,2026-02-01T00:00:00.000Z,11,11,11,0,100.00,0.0,0.33,1.00,24,24,1,4.17
10025,2026-03-01T00:00:00.000Z,27,27,27,0,100.00,0.58,1.62,3.42,36,33,0,0.00
10025,2026-04-01T00:00:00.000Z,24,24,20,4,83.33,2.79,14.04,35.92,30,29,3,10.00
10025,2026-05-01T00:00:00.000Z,33,33,31,2,93.94,10.15,11.21,26.29,19,18,0,0.00
10025,2026-06-01T00:00:00.000Z,24,24,23,1,95.83,6.9,11.35,20.13,18,16,0,0.00
10025,2026-07-01T00:00:00.000Z,24,24,21,3,87.50,5.96,12.75,32.13,12,12,0,0.00
10025,2026-08-01T00:00:00.000Z,22,14,13,1,92.86,7.88,9.27,19.38,31,27,4,12.90
10025,2026-09-01T00:00:00.000Z,16,0,0,0,null,null,null,null,15,15,0,0.00
10026,2025-01-01T00:00:00.000Z,29,29,29,0,100.00,0.13,0.35,0.67,5,5,1,20.00
10026,2025-02-01T00:00:00.000Z,22,22,22,0,100.00,0.23,0.57,1.79,1,1,0,0.00
10026,2025-03-01T00:00:00.000Z,16,16,16,0,100.00,0.08,0.51,2.67,8,7,0,0.00
10026,2025-04-01T00:00:00.000Z,19,19,19,0,100.00,0.75,0.99,2.58,4,4,0,0.00
10026,2025-05-01T00:00:00.000Z,35,35,35,0,100.00,0.63,1.18,3.75,6,6,0,0.00
10026,2025-06-01T00:00:00.000Z,46,46,46,0,100.00,0.71,1.32,4.04,7,7,1,14.29
10026,2025-07-01T00:00:00.000Z,21,21,21,0,100.00,0.0,0.25,0.67,3,3,0,0.00
10026,2025-08-01T00:00:00.000Z,27,27,27,0,100.00,0.17,0.74,2.42,6,6,0,0.00
10026,2025-09-01T00:00:00.000Z,16,16,16,0,100.00,0.42,0.40,0.92,9,8,1,11.11
10026,2025-10-01T00:00:00.000Z,18,18,18,0,100.00,0.44,0.84,3.83,3,3,0,0.00
10026,2025-11-01T00:00:00.000Z,8,8,8,0,100.00,0.0,0.95,4.88,1,1,0,0.00
10026,2025-12-01T00:00:00.000Z,4,4,4,0,100.00,0.0,0.00,0.00,3,3,0,0.00
10026,2026-01-01T00:00:00.000Z,8,8,8,0,100.00,0.25,0.59,2.71,7,6,1,14.29
10026,2026-02-01T00:00:00.000Z,13,13,13,0,100.00,0.42,1.42,2.54,6,6,0,0.00
10026,2026-03-01T00:00:00.000Z,28,28,28,0,100.00,0.02,0.31,0.92,5,5,0,0.00
10026,2026-04-01T00:00:00.000Z,21,21,21,0,100.00,0.58,3.16,8.08,8,8,1,12.50
10026,2026-05-01T00:00:00.000Z,31,31,30,1,96.77,2.25,5.71,13.25,8,6,2,25.00
10026,2026-06-01T00:00:00.000Z,17,17,17,0,100.00,1.63,3.61,8.92,4,4,0,0.00
10026,2026-07-01T00:00:00.000Z,25,25,24,1,96.00,4.04,8.50,19.88,3,3,0,0.00
10026,2026-08-01T00:00:00.000Z,30,16,16,0,100.00,5.65,7.56,17.29,9,9,1,11.11
10026,2026-09-01T00:00:00.000Z,14,0,0,0,null,null,null,null,3,3,0,0.00
10027,2025-01-01T00:00:00.000Z,28,28,28,0,100.00,0.08,0.98,2.29,6,6,0,0.00
10027,2025-02-01T00:00:00.000Z,23,23,23,0,100.00,0.21,0.63,2.25,11,11,0,0.00
10027,2025-03-01T00:00:00.000Z,19,19,19,0,100.00,0.33,0.61,1.71,21,19,1,4.76
10027,2025-04-01T00:00:00.000Z,20,20,20,0,100.00,0.0,0.30,0.71,13,13,1,7.69
10027,2025-05-01T00:00:00.000Z,37,37,36,1,97.30,0.25,2.51,2.79,22,22,0,0.00
10027,2025-06-01T00:00:00.000Z,45,45,45,0,100.00,0.0,0.71,3.04,8,8,0,0.00
10027,2025-07-01T00:00:00.000Z,30,30,30,0,100.00,0.44,0.77,2.21,14,14,0,0.00
10027,2025-08-01T00:00:00.000Z,44,44,44,0,100.00,0.0,0.95,2.42,10,9,0,0.00
10027,2025-09-01T00:00:00.000Z,44,44,44,0,100.00,0.0,0.38,1.04,28,24,1,3.57
10027,2025-10-01T00:00:00.000Z,24,24,24,0,100.00,0.0,0.70,2.54,12,12,2,16.67
10027,2025-11-01T00:00:00.000Z,17,17,17,0,100.00,0.0,1.67,4.92,15,15,1,6.67
10027,2025-12-01T00:00:00.000Z,12,12,12,0,100.00,0.0,0.36,1.46,6,6,0,0.00
10027,2026-01-01T00:00:00.000Z,14,14,14,0,100.00,0.0,0.24,0.00,18,16,1,5.56
10027,2026-02-01T00:00:00.000Z,12,12,11,1,91.67,0.0,3.11,2.88,8,8,0,0.00
10027,2026-03-01T00:00:00.000Z,23,23,22,1,95.65,0.5,2.74,2.04,4,3,1,25.00
10027,2026-04-01T00:00:00.000Z,18,18,18,0,100.00,1.73,6.20,25.08,12,12,0,0.00
10027,2026-05-01T00:00:00.000Z,51,51,51,0,100.00,3.71,5.89,12.42,14,14,0,0.00
10027,2026-06-01T00:00:00.000Z,35,35,35,0,100.00,3.42,7.82,24.13,10,10,0,0.00
10027,2026-07-01T00:00:00.000Z,43,43,36,7,83.72,4.04,10.58,31.88,17,16,1,5.88
10027,2026-08-01T00:00:00.000Z,33,24,22,2,91.67,4.08,7.18,18.83,18,18,0,0.00
10027,2026-09-01T00:00:00.000Z,43,0,0,0,null,null,null,null,10,10,0,0.00
10028,2025-01-01T00:00:00.000Z,18,18,18,0,100.00,0.0,0.08,0.04,14,14,0,0.00
10028,2025-02-01T00:00:00.000Z,17,17,17,0,100.00,0.0,0.57,1.25,10,10,0,0.00
10028,2025-03-01T00:00:00.000Z,43,43,43,0,100.00,0.25,0.61,2.33,15,15,0,0.00
10028,2025-04-01T00:00:00.000Z,19,19,19,0,100.00,0.0,0.90,4.04,16,16,1,6.25
10028,2025-05-01T00:00:00.000Z,27,27,27,0,100.00,0.0,0.78,3.38,9,9,0,0.00
10028,2025-06-01T00:00:00.000Z,30,30,30,0,100.00,0.0,1.33,4.50,17,17,0,0.00
10028,2025-07-01T00:00:00.000Z,21,21,20,1,95.24,1.04,4.92,6.13,14,14,1,7.14
10028,2025-08-01T00:00:00.000Z,19,19,19,0,100.00,0.0,0.83,3.42,17,17,0,0.00
10028,2025-09-01T00:00:00.000Z,21,21,21,0,100.00,0.0,1.68,5.79,17,16,2,11.76
10028,2025-10-01T00:00:00.000Z,5,5,4,1,80.00,0.0,25.58,125.17,23,21,0,0.00
10028,2025-11-01T00:00:00.000Z,5,5,5,0,100.00,0.0,0.17,0.83,20,20,0,0.00
10028,2025-12-01T00:00:00.000Z,5,5,5,0,100.00,0.0,0.57,2.83,22,22,1,4.55
10028,2026-01-01T00:00:00.000Z,11,11,11,0,100.00,0.0,0.86,0.79,17,17,0,0.00
10028,2026-02-01T00:00:00.000Z,6,6,6,0,100.00,0.42,0.78,1.92,15,15,0,0.00
10028,2026-03-01T00:00:00.000Z,17,17,17,0,100.00,0.0,0.57,2.92,15,15,0,0.00
10028,2026-04-01T00:00:00.000Z,12,12,11,1,91.67,1.69,9.12,21.67,7,7,0,0.00
10028,2026-05-01T00:00:00.000Z,14,14,13,1,92.86,8.21,9.31,18.83,16,16,0,0.00
10028,2026-06-01T00:00:00.000Z,12,12,12,0,100.00,3.92,6.02,9.83,15,15,0,0.00
10028,2026-07-01T00:00:00.000Z,17,17,17,0,100.00,8.08,11.24,22.13,13,13,0,0.00
10028,2026-08-01T00:00:00.000Z,20,11,11,0,100.00,8.79,8.98,15.04,26,26,1,3.85
10028,2026-09-01T00:00:00.000Z,6,0,0,0,null,null,null,null,4,4,0,0.00
10029,2025-01-01T00:00:00.000Z,15,15,15,0,100.00,0.33,0.88,2.46,21,21,1,4.76
10029,2025-02-01T00:00:00.000Z,9,9,9,0,100.00,0.67,0.96,2.63,16,16,0,0.00
10029,2025-03-01T00:00:00.000Z,22,22,21,1,95.45,0.4,4.32,10.88,17,14,0,0.00
10029,2025-04-01T00:00:00.000Z,21,21,21,0,100.00,0.0,1.76,5.08,11,11,2,18.18
10029,2025-05-01T00:00:00.000Z,19,19,19,0,100.00,0.0,2.35,10.54,30,29,1,3.33
10029,2025-06-01T00:00:00.000Z,27,27,27,0,100.00,0.08,2.62,9.58,7,7,0,0.00
10029,2025-07-01T00:00:00.000Z,26,26,25,1,96.15,0.06,2.50,4.58,10,10,0,0.00
10029,2025-08-01T00:00:00.000Z,18,18,18,0,100.00,0.29,0.72,2.33,11,11,0,0.00
10029,2025-09-01T00:00:00.000Z,17,17,17,0,100.00,0.33,0.59,1.83,17,17,0,0.00
10029,2025-10-01T00:00:00.000Z,23,23,22,1,95.65,0.21,4.08,7.50,20,20,1,5.00
10029,2025-11-01T00:00:00.000Z,14,14,14,0,100.00,0.54,3.45,8.63,17,17,2,11.76
10029,2025-12-01T00:00:00.000Z,14,14,14,0,100.00,0.0,0.51,2.46,17,17,2,11.76
10029,2026-01-01T00:00:00.000Z,11,11,11,0,100.00,0.0,0.75,2.63,11,11,1,9.09
10029,2026-02-01T00:00:00.000Z,8,8,8,0,100.00,0.0,0.58,3.54,6,6,0,0.00
10029,2026-03-01T00:00:00.000Z,14,14,12,2,85.71,0.0,6.33,30.88,14,14,1,7.14
10029,2026-04-01T00:00:00.000Z,14,14,13,1,92.86,5.85,11.13,20.08,18,18,2,11.11
10029,2026-05-01T00:00:00.000Z,22,22,19,3,86.36,5.21,14.44,40.21,25,22,1,4.00
10029,2026-06-01T00:00:00.000Z,16,16,16,0,100.00,7.6,10.73,26.33,25,23,2,8.00
10029,2026-07-01T00:00:00.000Z,20,20,15,5,75.00,7.46,13.15,34.38,16,16,1,6.25
10029,2026-08-01T00:00:00.000Z,16,10,6,4,60.00,9.71,11.58,31.21,36,33,1,2.78
10029,2026-09-01T00:00:00.000Z,14,0,0,0,null,null,null,null,3,3,0,0.00
10030,2025-01-01T00:00:00.000Z,15,15,15,0,100.00,0.0,0.94,3.88,1,1,0,0.00
10030,2025-02-01T00:00:00.000Z,9,9,9,0,100.00,0.0,0.47,3.54,3,3,0,0.00
10030,2025-03-01T00:00:00.000Z,22,22,22,0,100.00,0.19,0.62,1.75,null,null,null,null
10030,2025-04-01T00:00:00.000Z,19,19,19,0,100.00,0.42,0.73,1.33,1,1,0,0.00
10030,2025-05-01T00:00:00.000Z,16,16,16,0,100.00,0.02,0.30,1.00,1,1,0,0.00
10030,2025-06-01T00:00:00.000Z,15,15,15,0,100.00,0.0,2.06,6.42,1,1,0,0.00
10030,2025-07-01T00:00:00.000Z,21,21,21,0,100.00,0.0,1.15,3.00,null,null,null,null
10030,2025-08-01T00:00:00.000Z,26,26,26,0,100.00,0.0,0.28,0.79,5,5,0,0.00
10030,2025-09-01T00:00:00.000Z,12,12,12,0,100.00,0.0,0.25,0.71,2,2,0,0.00
10030,2025-10-01T00:00:00.000Z,14,14,14,0,100.00,0.0,1.47,1.79,2,2,0,0.00
10030,2025-11-01T00:00:00.000Z,13,13,13,0,100.00,0.42,2.21,5.71,1,1,1,100.00
10030,2025-12-01T00:00:00.000Z,11,11,11,0,100.00,0.58,0.76,1.79,1,1,1,100.00
10030,2026-01-01T00:00:00.000Z,16,16,16,0,100.00,0.0,0.32,1.79,3,3,2,66.67
10030,2026-02-01T00:00:00.000Z,12,12,12,0,100.00,0.21,0.84,2.54,2,2,0,0.00
10030,2026-03-01T00:00:00.000Z,21,21,19,2,90.48,0.02,2.20,2.21,4,4,0,0.00
10030,2026-04-01T00:00:00.000Z,15,15,11,4,73.33,3.21,11.42,35.29,2,2,1,50.00
10030,2026-05-01T00:00:00.000Z,38,38,32,6,84.21,4.17,12.59,33.96,1,1,0,0.00
10030,2026-06-01T00:00:00.000Z,19,19,15,4,78.95,9.96,16.20,40.63,3,3,0,0.00
10030,2026-07-01T00:00:00.000Z,25,25,16,9,64.00,9.98,17.84,39.67,1,1,0,0.00
10030,2026-08-01T00:00:00.000Z,15,10,9,1,90.00,4.92,6.80,26.50,1,1,0,0.00
10030,2026-09-01T00:00:00.000Z,7,0,0,0,null,null,null,null,1,1,0,0.00
10031,2025-01-01T00:00:00.000Z,29,29,29,0,100.00,0.63,1.74,4.42,17,17,2,11.76
10031,2025-02-01T00:00:00.000Z,19,19,19,0,100.00,0.17,3.94,13.92,9,9,3,33.33
10031,2025-03-01T00:00:00.000Z,24,24,24,0,100.00,0.48,1.39,2.83,16,16,0,0.00
10031,2025-04-01T00:00:00.000Z,42,42,42,0,100.00,0.5,1.28,3.58,12,11,2,16.67
10031,2025-05-01T00:00:00.000Z,37,37,37,0,100.00,0.0,0.54,2.29,5,5,0,0.00
10031,2025-06-01T00:00:00.000Z,49,49,49,0,100.00,0.42,1.17,4.13,6,5,2,33.33
10031,2025-07-01T00:00:00.000Z,42,42,42,0,100.00,0.75,1.79,2.79,14,14,1,7.14
10031,2025-08-01T00:00:00.000Z,14,14,14,0,100.00,0.13,0.42,0.92,11,11,1,9.09
10031,2025-09-01T00:00:00.000Z,24,24,24,0,100.00,0.0,0.55,2.67,4,4,0,0.00
10031,2025-10-01T00:00:00.000Z,15,15,15,0,100.00,0.46,2.63,9.29,11,11,0,0.00
10031,2025-11-01T00:00:00.000Z,11,11,11,0,100.00,0.0,0.31,1.13,12,12,1,8.33
10031,2025-12-01T00:00:00.000Z,15,15,15,0,100.00,0.04,0.56,1.88,14,14,0,0.00
10031,2026-01-01T00:00:00.000Z,14,14,14,0,100.00,0.0,0.33,0.83,8,8,0,0.00
10031,2026-02-01T00:00:00.000Z,10,10,10,0,100.00,0.0,0.40,0.75,7,6,0,0.00
10031,2026-03-01T00:00:00.000Z,12,12,12,0,100.00,0.0,0.25,0.63,9,9,1,11.11
10031,2026-04-01T00:00:00.000Z,12,12,12,0,100.00,0.1,3.23,10.21,6,6,1,16.67
10031,2026-05-01T00:00:00.000Z,15,15,15,0,100.00,7.33,6.99,11.00,9,8,1,11.11
10031,2026-06-01T00:00:00.000Z,35,35,35,0,100.00,5.17,7.05,17.33,18,16,1,5.56
10031,2026-07-01T00:00:00.000Z,13,13,13,0,100.00,6.0,6.63,13.04,13,13,0,0.00
10031,2026-08-01T00:00:00.000Z,24,14,14,0,100.00,4.4,5.51,13.33,8,8,0,0.00
10031,2026-09-01T00:00:00.000Z,5,0,0,0,null,null,null,null,6,6,0,0.00
10032,2025-01-01T00:00:00.000Z,28,28,28,0,100.00,0.63,0.69,1.79,4,4,0,0.00
10032,2025-02-01T00:00:00.000Z,15,15,15,0,100.00,0.0,0.64,1.83,9,9,1,11.11
10032,2025-03-01T00:00:00.000Z,22,22,22,0,100.00,1.98,2.30,5.50,18,17,1,5.56
10032,2025-04-01T00:00:00.000Z,13,13,13,0,100.00,0.0,2.04,5.96,9,9,1,11.11
10032,2025-05-01T00:00:00.000Z,18,18,17,1,94.44,1.33,3.19,4.92,6,6,0,0.00
10032,2025-06-01T00:00:00.000Z,17,17,17,0,100.00,0.5,3.18,11.58,12,10,2,16.67
10032,2025-07-01T00:00:00.000Z,29,29,29,0,100.00,0.42,2.29,9.00,6,6,0,0.00
10032,2025-08-01T00:00:00.000Z,18,18,17,1,94.44,0.0,0.81,3.83,4,4,0,0.00
10032,2025-09-01T00:00:00.000Z,17,17,17,0,100.00,0.0,0.64,2.29,7,7,0,0.00
10032,2025-10-01T00:00:00.000Z,12,12,12,0,100.00,0.0,0.26,1.42,4,4,1,25.00
10032,2025-11-01T00:00:00.000Z,11,11,11,0,100.00,1.25,1.64,4.71,8,8,1,12.50
10032,2025-12-01T00:00:00.000Z,6,6,6,0,100.00,0.92,4.06,20.67,10,10,0,0.00
10032,2026-01-01T00:00:00.000Z,15,15,15,0,100.00,0.0,1.19,6.92,4,3,0,0.00
10032,2026-02-01T00:00:00.000Z,8,8,8,0,100.00,0.15,0.38,1.75,11,11,0,0.00
10032,2026-03-01T00:00:00.000Z,14,14,13,1,92.86,0.0,3.06,2.63,16,16,1,6.25
10032,2026-04-01T00:00:00.000Z,12,12,12,0,100.00,6.08,7.41,12.92,4,3,0,0.00
10032,2026-05-01T00:00:00.000Z,19,19,19,0,100.00,6.83,7.45,15.79,13,13,0,0.00
10032,2026-06-01T00:00:00.000Z,13,13,13,0,100.00,6.33,7.95,14.29,13,13,0,0.00
10032,2026-07-01T00:00:00.000Z,16,16,16,0,100.00,5.19,7.67,14.46,11,11,1,9.09
10032,2026-08-01T00:00:00.000Z,23,19,17,2,89.47,5.96,8.91,23.17,5,5,0,0.00
10032,2026-09-01T00:00:00.000Z,2,0,0,0,null,null,null,null,7,6,1,14.29
10033,2025-01-01T00:00:00.000Z,17,17,17,0,100.00,0.42,0.40,0.71,15,15,2,13.33
10033,2025-02-01T00:00:00.000Z,12,12,12,0,100.00,0.04,0.62,3.00,12,12,2,16.67
10033,2025-03-01T00:00:00.000Z,16,16,16,0,100.00,0.0,0.80,3.46,10,10,0,0.00
10033,2025-04-01T00:00:00.000Z,22,22,22,0,100.00,0.0,1.52,4.88,12,12,1,8.33
10033,2025-05-01T00:00:00.000Z,22,22,22,0,100.00,0.65,1.93,5.21,7,7,0,0.00
10033,2025-06-01T00:00:00.000Z,15,15,15,0,100.00,0.04,1.08,4.88,11,11,1,9.09
10033,2025-07-01T00:00:00.000Z,9,9,9,0,100.00,0.08,1.92,11.42,8,6,1,12.50
10033,2025-08-01T00:00:00.000Z,10,10,10,0,100.00,0.0,0.78,3.25,9,7,2,22.22
10033,2025-09-01T00:00:00.000Z,19,19,19,0,100.00,0.38,1.25,6.17,12,12,0,0.00
10033,2025-10-01T00:00:00.000Z,10,10,10,0,100.00,0.0,0.32,0.58,10,9,0,0.00
10033,2025-11-01T00:00:00.000Z,6,6,6,0,100.00,0.0,0.38,1.42,14,14,0,0.00
10033,2025-12-01T00:00:00.000Z,7,7,7,0,100.00,3.96,7.11,22.33,11,11,0,0.00
10033,2026-01-01T00:00:00.000Z,8,8,8,0,100.00,0.0,2.82,21.58,8,8,2,25.00
10033,2026-02-01T00:00:00.000Z,4,4,4,0,100.00,0.0,0.75,3.00,3,3,0,0.00
10033,2026-03-01T00:00:00.000Z,7,7,7,0,100.00,0.0,0.29,1.29,7,7,0,0.00
10033,2026-04-01T00:00:00.000Z,10,10,10,0,100.00,5.69,6.30,11.58,11,11,0,0.00
10033,2026-05-01T00:00:00.000Z,9,9,8,1,88.89,17.21,16.35,31.00,16,16,0,0.00
10033,2026-06-01T00:00:00.000Z,21,21,21,0,100.00,9.96,11.30,21.58,15,13,1,6.67
10033,2026-07-01T00:00:00.000Z,10,10,9,1,90.00,20.69,20.49,24.88,11,10,3,27.27
10033,2026-08-01T00:00:00.000Z,16,8,8,0,100.00,8.69,9.09,18.25,13,13,0,0.00
10033,2026-09-01T00:00:00.000Z,6,0,0,0,null,null,null,null,7,7,0,0.00
10034,2025-01-01T00:00:00.000Z,18,18,18,0,100.00,0.27,0.98,4.08,10,10,0,0.00
10034,2025-02-01T00:00:00.000Z,9,9,9,0,100.00,0.92,1.61,5.08,8,8,2,25.00
10034,2025-03-01T00:00:00.000Z,18,18,18,0,100.00,0.4,1.45,4.79,7,7,0,0.00
10034,2025-04-01T00:00:00.000Z,11,11,11,0,100.00,0.58,2.90,8.71,8,8,0,0.00
10034,2025-05-01T00:00:00.000Z,14,14,14,0,100.00,0.5,1.24,3.67,6,6,0,0.00
10034,2025-06-01T00:00:00.000Z,5,5,5,0,100.00,0.46,0.63,1.54,3,3,0,0.00
10034,2025-07-01T00:00:00.000Z,15,15,15,0,100.00,0.58,0.78,3.04,5,5,0,0.00
10034,2025-08-01T00:00:00.000Z,8,8,8,0,100.00,0.56,0.81,2.04,8,7,0,0.00
10034,2025-09-01T00:00:00.000Z,7,7,7,0,100.00,0.0,0.51,2.21,3,3,1,33.33
10034,2025-10-01T00:00:00.000Z,12,12,12,0,100.00,0.0,1.27,2.96,11,9,0,0.00
10034,2025-11-01T00:00:00.000Z,8,8,8,0,100.00,0.23,2.23,10.75,8,7,0,0.00
10034,2025-12-01T00:00:00.000Z,3,3,3,0,100.00,0.0,0.17,0.50,10,10,1,10.00
10034,2026-01-01T00:00:00.000Z,7,7,7,0,100.00,0.0,0.62,3.38,13,13,0,0.00
10034,2026-02-01T00:00:00.000Z,9,9,9,0,100.00,0.0,0.54,2.79,12,12,0,0.00
10034,2026-03-01T00:00:00.000Z,7,7,6,1,85.71,0.13,7.02,34.67,5,5,1,20.00
10034,2026-04-01T00:00:00.000Z,17,17,17,0,100.00,1.42,1.87,5.29,11,10,0,0.00
10034,2026-05-01T00:00:00.000Z,14,14,13,1,92.86,5.29,9.18,21.33,6,6,0,0.00
10034,2026-06-01T00:00:00.000Z,12,12,11,1,91.67,6.38,9.55,20.21,12,12,0,0.00
10034,2026-07-01T00:00:00.000Z,17,17,16,1,94.12,6.88,10.57,22.83,12,11,1,8.33
10034,2026-08-01T00:00:00.000Z,5,4,4,0,100.00,13.85,14.60,29.33,13,13,1,7.69
10034,2026-09-01T00:00:00.000Z,5,0,0,0,null,null,null,null,3,3,0,0.00
10035,2025-01-01T00:00:00.000Z,3,3,3,0,100.00,0.0,0.32,0.96,9,9,1,11.11
10035,2025-02-01T00:00:00.000Z,9,9,9,0,100.00,0.0,0.43,1.92,5,4,0,0.00
10035,2025-03-01T00:00:00.000Z,13,13,13,0,100.00,0.54,0.90,2.29,9,9,2,22.22
10035,2025-04-01T00:00:00.000Z,13,13,12,1,92.31,0.0,2.62,0.63,8,8,0,0.00
10035,2025-05-01T00:00:00.000Z,8,8,8,0,100.00,0.08,1.06,5.08,7,7,0,0.00
10035,2025-06-01T00:00:00.000Z,22,22,22,0,100.00,0.23,1.67,4.88,5,5,0,0.00
10035,2025-07-01T00:00:00.000Z,16,16,16,0,100.00,0.56,0.85,2.58,9,9,0,0.00
10035,2025-08-01T00:00:00.000Z,11,11,11,0,100.00,0.0,0.45,0.92,1,1,0,0.00
10035,2025-09-01T00:00:00.000Z,11,11,10,1,90.91,0.42,5.55,25.63,7,7,0,0.00
10035,2025-10-01T00:00:00.000Z,11,11,11,0,100.00,0.5,1.65,1.54,7,7,1,14.29
10035,2025-11-01T00:00:00.000Z,9,9,9,0,100.00,0.0,0.48,3.42,6,6,0,0.00
10035,2025-12-01T00:00:00.000Z,2,2,2,0,100.00,0.0,0.00,0.00,6,6,1,16.67
10035,2026-01-01T00:00:00.000Z,9,9,9,0,100.00,0.0,0.25,1.71,9,9,0,0.00
10035,2026-02-01T00:00:00.000Z,6,6,6,0,100.00,0.0,0.10,0.63,2,2,0,0.00
10035,2026-03-01T00:00:00.000Z,3,3,3,0,100.00,0.0,0.00,0.00,4,4,0,0.00
10035,2026-04-01T00:00:00.000Z,4,4,4,0,100.00,0.0,0.10,0.42,13,13,0,0.00
10035,2026-05-01T00:00:00.000Z,11,11,10,1,90.91,7.42,11.17,12.96,8,8,1,12.50
10035,2026-06-01T00:00:00.000Z,5,5,5,0,100.00,4.88,6.04,13.50,8,8,1,12.50
10035,2026-07-01T00:00:00.000Z,8,8,8,0,100.00,7.67,9.74,19.04,12,12,1,8.33
10035,2026-08-01T00:00:00.000Z,5,3,3,0,100.00,3.21,3.11,5.00,8,8,0,0.00
10035,2026-09-01T00:00:00.000Z,8,0,0,0,null,null,null,null,10,9,0,0.00
10036,2025-01-01T00:00:00.000Z,7,7,7,0,100.00,0.0,0.80,2.88,29,28,1,3.45
10036,2025-02-01T00:00:00.000Z,3,3,3,0,100.00,0.0,0.08,0.25,26,26,0,0.00
10036,2025-03-01T00:00:00.000Z,7,7,7,0,100.00,0.79,0.56,0.96,33,32,1,3.03
10036,2025-04-01T00:00:00.000Z,7,7,7,0,100.00,0.0,0.14,0.96,25,24,1,4.00
10036,2025-05-01T00:00:00.000Z,7,7,7,0,100.00,0.0,0.49,3.42,51,50,1,1.96
10036,2025-06-01T00:00:00.000Z,11,11,11,0,100.00,0.0,0.23,0.54,44,44,1,2.27
10036,2025-07-01T00:00:00.000Z,9,9,9,0,100.00,0.0,1.17,9.71,65,65,2,3.08
10036,2025-08-01T00:00:00.000Z,5,5,5,0,100.00,0.88,5.44,24.71,27,26,1,3.70
10036,2025-09-01T00:00:00.000Z,9,9,9,0,100.00,0.0,0.97,2.88,43,43,0,0.00
10036,2025-10-01T00:00:00.000Z,7,7,7,0,100.00,0.0,0.45,1.88,44,42,2,4.55
10036,2025-11-01T00:00:00.000Z,3,3,3,0,100.00,0.0,0.21,0.63,30,30,0,0.00
10036,2025-12-01T00:00:00.000Z,2,2,2,0,100.00,0.31,0.31,0.63,34,34,0,0.00
10036,2026-01-01T00:00:00.000Z,1,1,1,0,100.00,0.0,0.00,0.00,39,39,0,0.00
10036,2026-02-01T00:00:00.000Z,4,4,4,0,100.00,0.19,0.41,1.25,41,41,2,4.88
10036,2026-03-01T00:00:00.000Z,8,8,8,0,100.00,0.0,0.54,3.54,53,51,0,0.00
10036,2026-04-01T00:00:00.000Z,5,5,4,1,80.00,1.25,16.75,73.08,60,59,1,1.67
10036,2026-05-01T00:00:00.000Z,2,2,2,0,100.00,18.71,18.71,21.17,51,51,0,0.00
10036,2026-06-01T00:00:00.000Z,3,3,2,1,66.67,19.71,23.19,47.29,26,25,1,3.85
10036,2026-07-01T00:00:00.000Z,3,3,2,1,66.67,25.21,25.21,27.75,39,37,0,0.00
10036,2026-08-01T00:00:00.000Z,5,3,3,0,100.00,23.96,22.56,26.96,65,63,0,0.00
10036,2026-09-01T00:00:00.000Z,5,0,0,0,null,null,null,null,8,8,0,0.00
10037,2025-01-01T00:00:00.000Z,6,6,6,0,100.00,0.02,0.17,0.75,4,4,2,50.00
10037,2025-02-01T00:00:00.000Z,8,8,8,0,100.00,0.04,0.17,1.00,6,6,0,0.00
10037,2025-03-01T00:00:00.000Z,14,14,14,0,100.00,0.13,0.55,2.96,5,4,1,20.00
10037,2025-04-01T00:00:00.000Z,6,6,6,0,100.00,0.04,1.15,6.67,3,3,0,0.00
10037,2025-05-01T00:00:00.000Z,8,8,8,0,100.00,0.0,0.09,0.38,3,3,2,66.67
10037,2025-06-01T00:00:00.000Z,3,3,3,0,100.00,0.0,2.22,6.67,2,2,0,0.00
10037,2025-07-01T00:00:00.000Z,10,10,10,0,100.00,1.83,2.08,3.08,null,null,null,null
10037,2025-08-01T00:00:00.000Z,15,15,15,0,100.00,0.38,1.20,2.71,null,null,null,null
10037,2025-09-01T00:00:00.000Z,6,6,6,0,100.00,0.48,0.72,2.25,3,3,1,33.33
10037,2025-10-01T00:00:00.000Z,7,7,7,0,100.00,0.0,1.23,4.75,3,3,0,0.00
10037,2025-11-01T00:00:00.000Z,1,1,1,0,100.00,0.0,0.00,0.00,null,null,null,null
10037,2025-12-01T00:00:00.000Z,1,1,1,0,100.00,0.0,0.00,0.00,1,1,0,0.00
10037,2026-01-01T00:00:00.000Z,2,2,2,0,100.00,0.0,0.00,0.00,1,1,0,0.00
10037,2026-02-01T00:00:00.000Z,1,1,1,0,100.00,0.0,0.00,0.00,3,3,0,0.00
10037,2026-03-01T00:00:00.000Z,6,6,6,0,100.00,0.0,0.23,0.71,null,null,null,null
10037,2026-04-01T00:00:00.000Z,4,4,3,1,75.00,8.23,12.79,30.92,6,6,0,0.00
10037,2026-05-01T00:00:00.000Z,3,3,3,0,100.00,3.96,12.53,30.46,4,4,0,0.00
10037,2026-06-01T00:00:00.000Z,4,4,4,0,100.00,2.17,8.28,27.25,5,5,0,0.00
10037,2026-07-01T00:00:00.000Z,3,3,3,0,100.00,7.21,10.07,20.29,2,2,0,0.00
10037,2026-08-01T00:00:00.000Z,3,2,1,1,50.00,1.79,1.79,1.79,1,1,0,0.00
10037,2026-09-01T00:00:00.000Z,10,0,0,0,null,null,null,null,1,1,0,0.00
10038,2025-01-01T00:00:00.000Z,1,1,1,0,100.00,0.0,0.00,0.00,8,8,0,0.00
10038,2025-02-01T00:00:00.000Z,3,3,3,0,100.00,0.5,8.13,23.88,7,7,1,14.29
10038,2025-03-01T00:00:00.000Z,8,8,8,0,100.00,5.54,4.74,11.54,13,13,1,7.69
10038,2025-04-01T00:00:00.000Z,4,4,4,0,100.00,3.04,4.42,11.58,19,17,1,5.26
10038,2025-05-01T00:00:00.000Z,5,5,5,0,100.00,0.0,0.24,1.21,18,18,1,5.56
10038,2025-06-01T00:00:00.000Z,2,2,2,0,100.00,4.15,4.15,4.21,15,15,1,6.67
10038,2025-07-01T00:00:00.000Z,null,null,null,null,null,null,null,null,11,11,0,0.00
10038,2025-08-01T00:00:00.000Z,4,4,4,0,100.00,0.0,0.00,0.00,13,13,0,0.00
10038,2025-09-01T00:00:00.000Z,3,3,3,0,100.00,3.17,7.67,19.83,15,15,1,6.67
10038,2025-10-01T00:00:00.000Z,null,null,null,null,null,null,null,null,13,13,0,0.00
10038,2025-11-01T00:00:00.000Z,1,1,1,0,100.00,1.0,1.00,1.00,8,8,0,0.00
10038,2025-12-01T00:00:00.000Z,7,7,7,0,100.00,0.25,3.53,10.75,14,14,0,0.00
10038,2026-01-01T00:00:00.000Z,5,5,5,0,100.00,5.58,5.28,5.79,14,14,0,0.00
10038,2026-02-01T00:00:00.000Z,1,1,1,0,100.00,0.0,0.00,0.00,16,15,0,0.00
10038,2026-03-01T00:00:00.000Z,3,3,3,0,100.00,5.75,3.88,5.88,12,12,0,0.00
10038,2026-04-01T00:00:00.000Z,1,1,1,0,100.00,29.83,29.83,29.83,12,12,0,0.00
10038,2026-05-01T00:00:00.000Z,null,null,null,null,null,null,null,null,19,19,0,0.00
10038,2026-06-01T00:00:00.000Z,1,1,0,1,0.00,40.42,40.42,40.42,16,16,0,0.00
10038,2026-07-01T00:00:00.000Z,1,1,1,0,100.00,14.25,14.25,14.25,14,13,0,0.00
10038,2026-08-01T00:00:00.000Z,1,0,0,0,null,null,null,null,29,29,1,3.45
10038,2026-09-01T00:00:00.000Z,1,0,0,0,null,null,null,null,3,3,0,0.00
10039,2025-01-01T00:00:00.000Z,14,14,14,0,100.00,0.04,0.27,0.71,2,2,0,0.00
10039,2025-02-01T00:00:00.000Z,8,8,8,0,100.00,0.63,0.69,2.67,1,1,0,0.00
10039,2025-03-01T00:00:00.000Z,10,10,10,0,100.00,0.0,1.25,1.42,1,1,0,0.00
10039,2025-04-01T00:00:00.000Z,17,17,17,0,100.00,0.21,1.08,2.83,1,1,0,0.00
10039,2025-05-01T00:00:00.000Z,14,14,14,0,100.00,0.04,0.53,1.38,2,2,0,0.00
10039,2025-06-01T00:00:00.000Z,12,12,12,0,100.00,0.38,1.73,3.67,1,1,0,0.00
10039,2025-07-01T00:00:00.000Z,23,23,23,0,100.00,0.21,1.38,2.50,null,null,null,null
10039,2025-08-01T00:00:00.000Z,13,13,13,0,100.00,0.46,0.66,1.50,null,null,null,null
10039,2025-09-01T00:00:00.000Z,11,11,11,0,100.00,0.5,0.84,2.42,4,4,0,0.00
10039,2025-10-01T00:00:00.000Z,12,12,12,0,100.00,0.46,2.30,6.50,4,4,0,0.00
10039,2025-11-01T00:00:00.000Z,3,3,3,0,100.00,1.5,1.75,3.63,null,null,null,null
10039,2025-12-01T00:00:00.000Z,4,4,4,0,100.00,0.0,0.02,0.08,3,3,0,0.00
10039,2026-01-01T00:00:00.000Z,17,17,17,0,100.00,0.38,0.66,2.67,1,1,0,0.00
10039,2026-02-01T00:00:00.000Z,16,16,15,1,93.75,0.44,6.22,6.92,null,null,null,null
10039,2026-03-01T00:00:00.000Z,16,16,16,0,100.00,0.56,0.91,2.63,2,2,0,0.00
10039,2026-04-01T00:00:00.000Z,4,4,4,0,100.00,1.06,1.38,3.38,2,2,0,0.00
10039,2026-05-01T00:00:00.000Z,8,8,6,2,75.00,2.1,12.70,51.92,null,null,null,null
10039,2026-06-01T00:00:00.000Z,14,14,11,3,78.57,2.27,13.51,40.83,3,3,0,0.00
10039,2026-07-01T00:00:00.000Z,8,8,4,4,50.00,4.33,16.29,53.33,2,1,0,0.00
10039,2026-08-01T00:00:00.000Z,13,10,7,3,70.00,4.29,7.01,21.50,null,null,null,null
10039,2026-09-01T00:00:00.000Z,3,0,0,0,null,null,null,null,2,2,0,0.00
10040,2025-01-01T00:00:00.000Z,7,7,7,0,100.00,0.0,0.45,2.50,2,2,1,50.00
10040,2025-02-01T00:00:00.000Z,5,5,5,0,100.00,0.08,0.61,1.88,8,8,1,12.50
10040,2025-03-01T00:00:00.000Z,5,5,5,0,100.00,0.0,0.50,1.83,5,5,0,0.00
10040,2025-04-01T00:00:00.000Z,9,9,9,0,100.00,0.0,1.53,12.75,7,7,1,14.29
10040,2025-05-01T00:00:00.000Z,8,8,8,0,100.00,0.42,1.74,6.42,5,5,0,0.00
10040,2025-06-01T00:00:00.000Z,14,14,14,0,100.00,0.27,3.83,7.83,5,5,0,0.00
10040,2025-07-01T00:00:00.000Z,10,10,10,0,100.00,0.98,3.40,9.88,4,4,0,0.00
10040,2025-08-01T00:00:00.000Z,11,11,11,0,100.00,0.0,0.65,1.50,11,11,1,9.09
10040,2025-09-01T00:00:00.000Z,6,6,6,0,100.00,0.0,0.10,0.58,null,null,null,null
10040,2025-10-01T00:00:00.000Z,6,6,6,0,100.00,0.0,0.13,0.75,10,10,2,20.00
10040,2025-11-01T00:00:00.000Z,9,9,9,0,100.00,1.71,1.89,4.92,5,5,1,20.00
10040,2025-12-01T00:00:00.000Z,4,4,4,0,100.00,0.31,0.85,2.79,11,11,1,9.09
10040,2026-01-01T00:00:00.000Z,null,null,null,null,null,null,null,null,6,5,0,0.00
10040,2026-02-01T00:00:00.000Z,7,7,7,0,100.00,0.0,0.38,1.79,10,10,1,10.00
10040,2026-03-01T00:00:00.000Z,8,8,8,0,100.00,0.0,0.05,0.38,8,8,0,0.00
10040,2026-04-01T00:00:00.000Z,7,7,6,1,85.71,3.77,4.88,13.13,7,7,0,0.00
10040,2026-05-01T00:00:00.000Z,9,9,8,1,88.89,8.08,12.56,37.42,13,11,0,0.00
10040,2026-06-01T00:00:00.000Z,19,19,18,1,94.74,4.0,8.29,20.21,10,10,0,0.00
10040,2026-07-01T00:00:00.000Z,4,4,4,0,100.00,8.06,11.42,23.13,6,6,0,0.00
10040,2026-08-01T00:00:00.000Z,13,6,5,1,83.33,13.29,11.43,17.29,3,3,0,0.00
10040,2026-09-01T00:00:00.000Z,5,0,0,0,null,null,null,null,2,2,0,0.00
10041,2025-04-01T00:00:00.000Z,null,null,null,null,null,null,null,null,1,1,0,0.00
10041,2025-11-01T00:00:00.000Z,null,null,null,null,null,null,null,null,1,1,0,0.00
10041,2026-09-01T00:00:00.000Z,null,null,null,null,null,null,null,null,1,1,0,0.00
10044,2025-03-01T00:00:00.000Z,null,null,null,null,null,null,null,null,1,1,0,0.00
10044,2025-04-01T00:00:00.000Z,null,null,null,null,null,null,null,null,3,3,0,0.00
10044,2025-06-01T00:00:00.000Z,null,null,null,null,null,null,null,null,1,1,0,0.00
10044,2025-08-01T00:00:00.000Z,null,null,null,null,null,null,null,null,2,2,0,0.00
10044,2025-09-01T00:00:00.000Z,null,null,null,null,null,null,null,null,1,1,0,0.00
10044,2025-10-01T00:00:00.000Z,1,1,1,0,100.00,0.0,0.00,0.00,3,3,0,0.00
10044,2025-12-01T00:00:00.000Z,null,null,null,null,null,null,null,null,1,1,0,0.00
10044,2026-03-01T00:00:00.000Z,null,null,null,null,null,null,null,null,3,3,0,0.00
10044,2026-04-01T00:00:00.000Z,null,null,null,null,null,null,null,null,1,1,0,0.00
10044,2026-06-01T00:00:00.000Z,null,null,null,null,null,null,null,null,2,2,0,0.00
10044,2026-08-01T00:00:00.000Z,null,null,null,null,null,null,null,null,1,1,0,0.00
10055,2026-02-01T00:00:00.000Z,null,null,null,null,null,null,null,null,1,1,0,0.00
10055,2026-03-01T00:00:00.000Z,null,null,null,null,null,null,null,null,1,1,0,0.00
10055,2026-04-01T00:00:00.000Z,null,null,null,null,null,null,null,null,1,1,0,0.00
10065,2025-01-01T00:00:00.000Z,6,6,6,0,100.00,0.0,0.33,2.00,5,5,2,40.00
10065,2025-02-01T00:00:00.000Z,3,3,3,0,100.00,0.0,0.28,0.83,16,16,0,0.00
10065,2025-03-01T00:00:00.000Z,2,2,2,0,100.00,0.06,0.06,0.13,9,9,1,11.11
10065,2025-04-01T00:00:00.000Z,2,2,2,0,100.00,0.0,0.00,0.00,19,19,0,0.00
10065,2025-05-01T00:00:00.000Z,2,2,2,0,100.00,0.92,0.92,1.83,7,7,0,0.00
10065,2025-06-01T00:00:00.000Z,6,6,6,0,100.00,0.0,0.34,2.04,11,10,1,9.09
10065,2025-07-01T00:00:00.000Z,7,7,7,0,100.00,0.0,0.83,3.46,7,7,0,0.00
10065,2025-08-01T00:00:00.000Z,4,4,4,0,100.00,0.0,1.67,6.67,10,10,0,0.00
10065,2025-09-01T00:00:00.000Z,5,5,5,0,100.00,0.0,0.50,2.50,14,14,0,0.00
10065,2025-10-01T00:00:00.000Z,6,6,6,0,100.00,0.0,2.76,16.58,22,18,0,0.00
10065,2025-11-01T00:00:00.000Z,2,2,2,0,100.00,0.0,0.00,0.00,9,9,1,11.11
10065,2025-12-01T00:00:00.000Z,2,2,2,0,100.00,0.0,0.00,0.00,23,23,0,0.00
10065,2026-01-01T00:00:00.000Z,3,3,3,0,100.00,0.0,0.00,0.00,10,10,0,0.00
10065,2026-02-01T00:00:00.000Z,4,4,4,0,100.00,0.0,0.46,1.83,8,8,1,12.50
10065,2026-03-01T00:00:00.000Z,2,2,2,0,100.00,0.0,0.00,0.00,25,25,1,4.00
10065,2026-04-01T00:00:00.000Z,4,4,4,0,100.00,0.5,1.21,3.83,11,10,1,9.09
10065,2026-05-01T00:00:00.000Z,5,5,5,0,100.00,11.79,11.43,21.71,7,6,0,0.00
10065,2026-06-01T00:00:00.000Z,2,2,2,0,100.00,6.27,6.27,6.88,14,14,0,0.00
10065,2026-07-01T00:00:00.000Z,1,1,0,1,0.00,37.33,37.33,37.33,11,11,0,0.00
10065,2026-08-01T00:00:00.000Z,2,1,1,0,100.00,6.42,6.42,6.42,15,14,1,6.67
10065,2026-09-01T00:00:00.000Z,5,0,0,0,null,null,null,null,2,1,0,0.00
10069,2025-01-01T00:00:00.000Z,1,1,1,0,100.00,0.88,0.88,0.88,null,null,null,null
10069,2025-08-01T00:00:00.000Z,1,1,1,0,100.00,0.0,0.00,0.00,null,null,null,null
10069,2025-09-01T00:00:00.000Z,5,5,5,0,100.00,0.0,1.51,6.75,null,null,null,null
10069,2025-10-01T00:00:00.000Z,1,1,1,0,100.00,0.96,0.96,0.96,null,null,null,null
10069,2026-03-01T00:00:00.000Z,1,1,1,0,100.00,0.0,0.00,0.00,null,null,null,null
10069,2026-05-01T00:00:00.000Z,2,2,2,0,100.00,13.33,13.33,13.67,null,null,null,null
10069,2026-08-01T00:00:00.000Z,2,0,0,0,null,null,null,null,null,null,null,null
10075,2025-01-01T00:00:00.000Z,5,5,5,0,100.00,0.0,0.00,0.00,5,5,1,20.00
10075,2025-02-01T00:00:00.000Z,4,4,4,0,100.00,0.0,0.78,3.13,5,5,0,0.00
10075,2025-03-01T00:00:00.000Z,12,12,12,0,100.00,0.0,1.13,5.83,6,6,0,0.00
10075,2025-04-01T00:00:00.000Z,13,13,13,0,100.00,0.0,0.65,0.38,12,12,0,0.00
10075,2025-05-01T00:00:00.000Z,7,7,7,0,100.00,1.0,1.34,4.33,2,2,0,0.00
10075,2025-06-01T00:00:00.000Z,14,14,14,0,100.00,0.0,1.10,3.75,8,8,0,0.00
10075,2025-07-01T00:00:00.000Z,8,8,8,0,100.00,0.0,1.89,6.71,6,6,0,0.00
10075,2025-08-01T00:00:00.000Z,8,8,8,0,100.00,0.0,0.30,2.38,10,10,0,0.00
10075,2025-09-01T00:00:00.000Z,5,5,5,0,100.00,0.0,1.28,6.38,null,null,null,null
10075,2025-10-01T00:00:00.000Z,3,3,3,0,100.00,0.0,0.00,0.00,7,7,0,0.00
10075,2025-11-01T00:00:00.000Z,4,4,4,0,100.00,3.69,3.70,7.42,8,6,0,0.00
10075,2025-12-01T00:00:00.000Z,5,5,5,0,100.00,0.0,1.05,3.33,6,6,1,16.67
10075,2026-01-01T00:00:00.000Z,4,4,3,1,75.00,0.0,0.31,0.92,6,4,0,0.00
10075,2026-02-01T00:00:00.000Z,4,4,3,1,75.00,0.25,0.86,2.33,2,2,1,50.00
10075,2026-03-01T00:00:00.000Z,5,5,5,0,100.00,0.0,1.18,3.67,11,11,0,0.00
10075,2026-04-01T00:00:00.000Z,4,4,3,1,75.00,13.25,11.94,15.38,9,9,0,0.00
10075,2026-05-01T00:00:00.000Z,5,5,4,1,80.00,5.65,5.59,8.88,2,2,0,0.00
10075,2026-06-01T00:00:00.000Z,10,10,9,1,90.00,5.67,5.50,8.79,19,18,0,0.00
10075,2026-07-01T00:00:00.000Z,8,8,8,0,100.00,8.44,8.22,15.96,2,2,0,0.00
10075,2026-08-01T00:00:00.000Z,8,5,5,0,100.00,13.17,11.87,16.71,7,7,1,14.29
10075,2026-09-01T00:00:00.000Z,7,0,0,0,null,null,null,null,null,null,null,null
10080,2025-05-01T00:00:00.000Z,null,null,null,null,null,null,null,null,1,1,0,0.00
10080,2025-12-01T00:00:00.000Z,null,null,null,null,null,null,null,null,1,1,0,0.00
10103,2025-04-01T00:00:00.000Z,null,null,null,null,null,null,null,null,1,1,0,0.00
10103,2026-01-01T00:00:00.000Z,null,null,null,null,null,null,null,null,2,2,0,0.00
10103,2026-03-01T00:00:00.000Z,null,null,null,null,null,null,null,null,1,1,0,0.00
10105,2025-01-01T00:00:00.000Z,null,null,null,null,null,null,null,null,2,2,0,0.00
10105,2025-03-01T00:00:00.000Z,null,null,null,null,null,null,null,null,1,1,0,0.00
10105,2025-10-01T00:00:00.000Z,1,1,1,0,100.00,0.0,0.00,0.00,null,null,null,null
10105,2026-03-01T00:00:00.000Z,null,null,null,null,null,null,null,null,2,2,0,0.00
10105,2026-05-01T00:00:00.000Z,null,null,null,null,null,null,null,null,1,1,0,0.00
10105,2026-07-01T00:00:00.000Z,1,1,0,1,0.00,null,null,null,null,null,null,null
10106,2026-03-01T00:00:00.000Z,null,null,null,null,null,null,null,null,1,1,0,0.00
10107,2025-07-01T00:00:00.000Z,null,null,null,null,null,null,null,null,1,1,0,0.00
10110,2026-02-01T00:00:00.000Z,null,null,null,null,null,null,null,null,1,1,0,0.00
10111,2025-06-01T00:00:00.000Z,null,null,null,null,null,null,null,null,1,1,0,0.00
10111,2025-10-01T00:00:00.000Z,null,null,null,null,null,null,null,null,2,2,0,0.00
10111,2025-11-01T00:00:00.000Z,null,null,null,null,null,null,null,null,1,1,0,0.00
10111,2025-12-01T00:00:00.000Z,null,null,null,null,null,null,null,null,1,1,0,0.00
10112,2025-02-01T00:00:00.000Z,null,null,null,null,null,null,null,null,3,3,0,0.00
10112,2025-03-01T00:00:00.000Z,null,null,null,null,null,null,null,null,2,2,0,0.00
10112,2025-04-01T00:00:00.000Z,null,null,null,null,null,null,null,null,5,5,0,0.00
10112,2025-06-01T00:00:00.000Z,null,null,null,null,null,null,null,null,2,2,0,0.00
10112,2025-08-01T00:00:00.000Z,null,null,null,null,null,null,null,null,6,6,0,0.00
10112,2025-10-01T00:00:00.000Z,null,null,null,null,null,null,null,null,3,3,0,0.00
10112,2025-12-01T00:00:00.000Z,null,null,null,null,null,null,null,null,4,4,0,0.00
10112,2026-01-01T00:00:00.000Z,null,null,null,null,null,null,null,null,3,3,0,0.00
10112,2026-02-01T00:00:00.000Z,null,null,null,null,null,null,null,null,2,2,0,0.00
10112,2026-03-01T00:00:00.000Z,null,null,null,null,null,null,null,null,4,4,0,0.00
10112,2026-04-01T00:00:00.000Z,null,null,null,null,null,null,null,null,3,3,0,0.00
10112,2026-05-01T00:00:00.000Z,null,null,null,null,null,null,null,null,1,1,0,0.00
10112,2026-06-01T00:00:00.000Z,null,null,null,null,null,null,null,null,1,1,0,0.00
10112,2026-07-01T00:00:00.000Z,null,null,null,null,null,null,null,null,1,1,0,0.00
10112,2026-09-01T00:00:00.000Z,null,null,null,null,null,null,null,null,2,2,0,0.00
10115,2025-07-01T00:00:00.000Z,null,null,null,null,null,null,null,null,1,1,0,0.00
10115,2026-07-01T00:00:00.000Z,null,null,null,null,null,null,null,null,1,1,0,0.00
10116,2025-08-01T00:00:00.000Z,null,null,null,null,null,null,null,null,1,1,0,0.00
10116,2025-10-01T00:00:00.000Z,null,null,null,null,null,null,null,null,1,1,0,0.00
10116,2026-02-01T00:00:00.000Z,null,null,null,null,null,null,null,null,1,1,0,0.00
10118,2025-03-01T00:00:00.000Z,null,null,null,null,null,null,null,null,1,1,0,0.00
10118,2025-04-01T00:00:00.000Z,null,null,null,null,null,null,null,null,2,2,0,0.00
10118,2025-07-01T00:00:00.000Z,null,null,null,null,null,null,null,null,1,1,0,0.00
10118,2025-08-01T00:00:00.000Z,null,null,null,null,null,null,null,null,1,1,0,0.00
10118,2025-10-01T00:00:00.000Z,null,null,null,null,null,null,null,null,1,1,0,0.00
10118,2026-01-01T00:00:00.000Z,null,null,null,null,null,null,null,null,3,3,0,0.00
10118,2026-06-01T00:00:00.000Z,null,null,null,null,null,null,null,null,1,1,0,0.00
10118,2026-07-01T00:00:00.000Z,null,null,null,null,null,null,null,null,1,1,0,0.00
10118,2026-08-01T00:00:00.000Z,null,null,null,null,null,null,null,null,1,1,0,0.00
10119,2025-02-01T00:00:00.000Z,null,null,null,null,null,null,null,null,5,5,0,0.00
10119,2025-03-01T00:00:00.000Z,null,null,null,null,null,null,null,null,2,2,0,0.00
10119,2025-04-01T00:00:00.000Z,null,null,null,null,null,null,null,null,2,2,0,0.00
10119,2025-07-01T00:00:00.000Z,null,null,null,null,null,null,null,null,5,5,0,0.00
10119,2025-08-01T00:00:00.000Z,null,null,null,null,null,null,null,null,4,4,0,0.00
10119,2025-09-01T00:00:00.000Z,null,null,null,null,null,null,null,null,2,2,0,0.00
10119,2025-10-01T00:00:00.000Z,null,null,null,null,null,null,null,null,1,1,0,0.00
10119,2025-12-01T00:00:00.000Z,null,null,null,null,null,null,null,null,5,5,0,0.00
10119,2026-03-01T00:00:00.000Z,null,null,null,null,null,null,null,null,1,1,0,0.00
10119,2026-05-01T00:00:00.000Z,null,null,null,null,null,null,null,null,2,2,0,0.00
10119,2026-07-01T00:00:00.000Z,null,null,null,null,null,null,null,null,1,1,0,0.00
10119,2026-08-01T00:00:00.000Z,1,1,0,1,0.00,null,null,null,6,6,0,0.00
10121,2025-01-01T00:00:00.000Z,null,null,null,null,null,null,null,null,1,1,0,0.00
10121,2025-02-01T00:00:00.000Z,null,null,null,null,null,null,null,null,72,72,0,0.00
10121,2025-03-01T00:00:00.000Z,null,null,null,null,null,null,null,null,1,1,0,0.00
10121,2025-04-01T00:00:00.000Z,null,null,null,null,null,null,null,null,1,1,0,0.00
10121,2025-05-01T00:00:00.000Z,null,null,null,null,null,null,null,null,2,2,0,0.00
10121,2025-06-01T00:00:00.000Z,null,null,null,null,null,null,null,null,3,3,0,0.00
10121,2025-07-01T00:00:00.000Z,null,null,null,null,null,null,null,null,1,1,0,0.00
10121,2025-08-01T00:00:00.000Z,null,null,null,null,null,null,null,null,3,3,0,0.00
10121,2025-09-01T00:00:00.000Z,null,null,null,null,null,null,null,null,2,2,0,0.00
10121,2025-10-01T00:00:00.000Z,null,null,null,null,null,null,null,null,3,3,0,0.00
10121,2026-02-01T00:00:00.000Z,null,null,null,null,null,null,null,null,1,1,0,0.00
10121,2026-04-01T00:00:00.000Z,null,null,null,null,null,null,null,null,2,2,0,0.00
10121,2026-07-01T00:00:00.000Z,null,null,null,null,null,null,null,null,4,4,0,0.00
10121,2026-08-01T00:00:00.000Z,null,null,null,null,null,null,null,null,1,1,0,0.00
10121,2026-09-01T00:00:00.000Z,null,null,null,null,null,null,null,null,2,2,0,0.00
10123,2025-07-01T00:00:00.000Z,null,null,null,null,null,null,null,null,1,1,0,0.00
10123,2025-08-01T00:00:00.000Z,null,null,null,null,null,null,null,null,1,1,0,0.00
10128,2025-01-01T00:00:00.000Z,12,12,12,0,100.00,0.0,0.15,0.50,10,9,0,0.00
10128,2025-02-01T00:00:00.000Z,13,13,13,0,100.00,0.0,0.54,0.88,7,7,0,0.00
10128,2025-03-01T00:00:00.000Z,22,22,22,0,100.00,0.0,0.47,1.92,10,9,1,10.00
10128,2025-04-01T00:00:00.000Z,25,25,24,1,96.00,0.0,3.80,2.92,18,18,1,5.56
10128,2025-05-01T00:00:00.000Z,28,28,28,0,100.00,0.0,1.29,3.75,9,7,0,0.00
10128,2025-06-01T00:00:00.000Z,33,33,33,0,100.00,0.0,0.84,4.13,14,14,0,0.00
10128,2025-07-01T00:00:00.000Z,25,25,25,0,100.00,0.0,0.14,0.00,6,6,0,0.00
10128,2025-08-01T00:00:00.000Z,38,38,38,0,100.00,0.0,1.09,3.88,11,11,2,18.18
10128,2025-09-01T00:00:00.000Z,28,28,28,0,100.00,0.0,1.19,5.75,10,10,1,10.00
10128,2025-10-01T00:00:00.000Z,16,16,16,0,100.00,0.63,2.73,8.17,6,6,0,0.00
10128,2025-11-01T00:00:00.000Z,14,14,14,0,100.00,0.0,1.18,4.71,4,4,0,0.00
10128,2025-12-01T00:00:00.000Z,6,6,5,1,83.33,0.0,14.62,83.25,20,20,1,5.00
10128,2026-01-01T00:00:00.000Z,18,18,18,0,100.00,0.0,1.37,6.63,17,17,0,0.00
10128,2026-02-01T00:00:00.000Z,8,8,8,0,100.00,0.0,0.02,0.13,11,11,0,0.00
10128,2026-03-01T00:00:00.000Z,18,18,18,0,100.00,0.0,0.62,2.33,23,23,3,13.04
10128,2026-04-01T00:00:00.000Z,15,15,15,0,100.00,11.54,10.23,21.46,9,7,0,0.00
10128,2026-05-01T00:00:00.000Z,13,13,13,0,100.00,4.75,6.20,10.92,17,17,0,0.00
10128,2026-06-01T00:00:00.000Z,16,16,16,0,100.00,3.63,4.70,9.04,6,6,1,16.67
10128,2026-07-01T00:00:00.000Z,17,17,17,0,100.00,9.08,9.79,18.38,11,11,1,9.09
10128,2026-08-01T00:00:00.000Z,10,5,5,0,100.00,9.83,8.11,12.38,8,8,2,25.00
10128,2026-09-01T00:00:00.000Z,11,0,0,0,null,null,null,null,6,6,1,16.67
10151,2026-02-01T00:00:00.000Z,null,null,null,null,null,null,null,null,1,1,0,0.00
10152,2025-08-01T00:00:00.000Z,null,null,null,null,null,null,null,null,1,1,0,0.00
10153,2025-04-01T00:00:00.000Z,null,null,null,null,null,null,null,null,1,1,0,0.00
10153,2025-08-01T00:00:00.000Z,null,null,null,null,null,null,null,null,1,1,0,0.00
10153,2026-02-01T00:00:00.000Z,null,null,null,null,null,null,null,null,1,1,0,0.00
10154,2025-03-01T00:00:00.000Z,null,null,null,null,null,null,null,null,1,1,0,0.00
10154,2025-04-01T00:00:00.000Z,null,null,null,null,null,null,null,null,1,1,0,0.00
10154,2025-09-01T00:00:00.000Z,1,1,1,0,100.00,0.0,0.00,0.00,null,null,null,null
10154,2026-03-01T00:00:00.000Z,null,null,null,null,null,null,null,null,1,1,0,0.00
10155,2025-02-01T00:00:00.000Z,null,null,null,null,null,null,null,null,1,1,0,0.00
10155,2025-11-01T00:00:00.000Z,1,1,1,0,100.00,0.0,0.00,0.00,null,null,null,null
10158,2025-10-01T00:00:00.000Z,null,null,null,null,null,null,null,null,1,1,0,0.00
10158,2026-08-01T00:00:00.000Z,null,null,null,null,null,null,null,null,1,1,0,0.00
10165,2025-03-01T00:00:00.000Z,null,null,null,null,null,null,null,null,1,1,0,0.00
10165,2025-11-01T00:00:00.000Z,null,null,null,null,null,null,null,null,1,1,0,0.00
10165,2026-07-01T00:00:00.000Z,null,null,null,null,null,null,null,null,1,1,0,0.00
10167,2025-08-01T00:00:00.000Z,null,null,null,null,null,null,null,null,2,2,0,0.00
10167,2025-10-01T00:00:00.000Z,null,null,null,null,null,null,null,null,1,1,0,0.00
10167,2025-12-01T00:00:00.000Z,null,null,null,null,null,null,null,null,1,1,0,0.00
10167,2026-08-01T00:00:00.000Z,null,null,null,null,null,null,null,null,2,2,0,0.00
10168,2025-07-01T00:00:00.000Z,null,null,null,null,null,null,null,null,1,1,0,0.00
10168,2026-05-01T00:00:00.000Z,null,null,null,null,null,null,null,null,1,1,0,0.00
10169,2025-06-01T00:00:00.000Z,null,null,null,null,null,null,null,null,3,3,0,0.00
10169,2025-08-01T00:00:00.000Z,null,null,null,null,null,null,null,null,2,2,0,0.00
10169,2025-09-01T00:00:00.000Z,null,null,null,null,null,null,null,null,2,2,0,0.00
10169,2026-03-01T00:00:00.000Z,null,null,null,null,null,null,null,null,4,4,0,0.00
10169,2026-04-01T00:00:00.000Z,null,null,null,null,null,null,null,null,2,2,0,0.00
10169,2026-05-01T00:00:00.000Z,null,null,null,null,null,null,null,null,5,5,0,0.00
10169,2026-06-01T00:00:00.000Z,null,null,null,null,null,null,null,null,1,1,0,0.00
10171,2025-02-01T00:00:00.000Z,null,null,null,null,null,null,null,null,1,1,0,0.00
10171,2025-11-01T00:00:00.000Z,null,null,null,null,null,null,null,null,1,1,0,0.00
10172,2025-03-01T00:00:00.000Z,null,null,null,null,null,null,null,null,1,1,0,0.00
10172,2025-04-01T00:00:00.000Z,null,null,null,null,null,null,null,null,1,1,0,0.00
10172,2026-03-01T00:00:00.000Z,null,null,null,null,null,null,null,null,1,1,0,0.00
10173,2025-02-01T00:00:00.000Z,null,null,null,null,null,null,null,null,1,1,0,0.00
10173,2026-02-01T00:00:00.000Z,null,null,null,null,null,null,null,null,1,1,0,0.00
10174,2026-05-01T00:00:00.000Z,null,null,null,null,null,null,null,null,1,1,0,0.00
10174,2026-07-01T00:00:00.000Z,null,null,null,null,null,null,null,null,1,1,0,0.00
10176,2025-10-01T00:00:00.000Z,null,null,null,null,null,null,null,null,1,1,0,0.00
10177,2025-07-01T00:00:00.000Z,null,null,null,null,null,null,null,null,1,1,0,0.00
10178,2025-02-01T00:00:00.000Z,1,1,1,0,100.00,0.0,0.00,0.00,null,null,null,null
10178,2025-03-01T00:00:00.000Z,null,null,null,null,null,null,null,null,1,1,0,0.00
10178,2025-04-01T00:00:00.000Z,null,null,null,null,null,null,null,null,1,1,0,0.00
10178,2025-10-01T00:00:00.000Z,null,null,null,null,null,null,null,null,2,2,0,0.00
10178,2026-08-01T00:00:00.000Z,null,null,null,null,null,null,null,null,1,1,0,0.00
10271,2025-03-01T00:00:00.000Z,null,null,null,null,null,null,null,null,1,1,0,0.00
10271,2025-08-01T00:00:00.000Z,null,null,null,null,null,null,null,null,2,2,0,0.00
10271,2026-04-01T00:00:00.000Z,null,null,null,null,null,null,null,null,1,1,0,0.00
10271,2026-05-01T00:00:00.000Z,null,null,null,null,null,null,null,null,1,1,0,0.00
10279,2026-08-01T00:00:00.000Z,null,null,null,null,null,null,null,null,1,1,0,0.00
10280,2025-01-01T00:00:00.000Z,null,null,null,null,null,null,null,null,2,2,0,0.00
10280,2025-02-01T00:00:00.000Z,null,null,null,null,null,null,null,null,2,2,0,0.00
10280,2025-04-01T00:00:00.000Z,null,null,null,null,null,null,null,null,1,1,0,0.00
10280,2025-07-01T00:00:00.000Z,null,null,null,null,null,null,null,null,4,4,0,0.00
10280,2025-08-01T00:00:00.000Z,1,1,1,0,100.00,0.0,0.00,0.00,5,5,0,0.00
10280,2025-09-01T00:00:00.000Z,null,null,null,null,null,null,null,null,2,2,0,0.00
10280,2025-10-01T00:00:00.000Z,null,null,null,null,null,null,null,null,1,1,0,0.00
10280,2025-11-01T00:00:00.000Z,null,null,null,null,null,null,null,null,1,1,0,0.00
10280,2025-12-01T00:00:00.000Z,2,2,2,0,100.00,1.85,1.85,3.71,2,2,0,0.00
10280,2026-01-01T00:00:00.000Z,null,null,null,null,null,null,null,null,1,1,0,0.00
10280,2026-02-01T00:00:00.000Z,null,null,null,null,null,null,null,null,1,1,0,0.00
10280,2026-03-01T00:00:00.000Z,null,null,null,null,null,null,null,null,4,4,0,0.00
10280,2026-04-01T00:00:00.000Z,null,null,null,null,null,null,null,null,2,2,0,0.00
10280,2026-05-01T00:00:00.000Z,1,1,1,0,100.00,12.13,12.13,12.13,3,3,0,0.00
10280,2026-06-01T00:00:00.000Z,null,null,null,null,null,null,null,null,2,2,0,0.00
10280,2026-08-01T00:00:00.000Z,null,null,null,null,null,null,null,null,4,3,0,0.00
10281,2025-01-01T00:00:00.000Z,null,null,null,null,null,null,null,null,1,1,0,0.00
10281,2025-03-01T00:00:00.000Z,null,null,null,null,null,null,null,null,2,2,0,0.00
10281,2025-07-01T00:00:00.000Z,null,null,null,null,null,null,null,null,3,3,0,0.00
10281,2025-08-01T00:00:00.000Z,null,null,null,null,null,null,null,null,2,2,0,0.00
10281,2025-09-01T00:00:00.000Z,null,null,null,null,null,null,null,null,3,3,0,0.00
10281,2025-10-01T00:00:00.000Z,null,null,null,null,null,null,null,null,1,1,0,0.00
10281,2025-12-01T00:00:00.000Z,null,null,null,null,null,null,null,null,1,1,0,0.00
10281,2026-02-01T00:00:00.000Z,null,null,null,null,null,null,null,null,3,3,0,0.00
10281,2026-03-01T00:00:00.000Z,null,null,null,null,null,null,null,null,2,2,0,0.00
10281,2026-04-01T00:00:00.000Z,null,null,null,null,null,null,null,null,3,3,0,0.00
10281,2026-06-01T00:00:00.000Z,null,null,null,null,null,null,null,null,1,1,0,0.00
10282,2025-01-01T00:00:00.000Z,null,null,null,null,null,null,null,null,1,1,0,0.00
10282,2025-03-01T00:00:00.000Z,null,null,null,null,null,null,null,null,1,1,0,0.00
10282,2025-04-01T00:00:00.000Z,null,null,null,null,null,null,null,null,1,1,0,0.00
10282,2025-05-01T00:00:00.000Z,null,null,null,null,null,null,null,null,2,2,0,0.00
10282,2025-06-01T00:00:00.000Z,1,1,1,0,100.00,0.0,0.00,0.00,null,null,null,null
10282,2025-07-01T00:00:00.000Z,null,null,null,null,null,null,null,null,1,1,0,0.00
10282,2025-08-01T00:00:00.000Z,null,null,null,null,null,null,null,null,2,2,0,0.00
10282,2025-09-01T00:00:00.000Z,null,null,null,null,null,null,null,null,3,3,0,0.00
10282,2025-11-01T00:00:00.000Z,1,1,1,0,100.00,0.0,0.00,0.00,1,1,0,0.00
10282,2025-12-01T00:00:00.000Z,null,null,null,null,null,null,null,null,4,4,0,0.00
10282,2026-02-01T00:00:00.000Z,null,null,null,null,null,null,null,null,2,2,0,0.00
10282,2026-04-01T00:00:00.000Z,null,null,null,null,null,null,null,null,3,3,0,0.00
10282,2026-05-01T00:00:00.000Z,null,null,null,null,null,null,null,null,1,1,0,0.00
10282,2026-06-01T00:00:00.000Z,null,null,null,null,null,null,null,null,1,1,0,0.00
10301,2025-01-01T00:00:00.000Z,7,7,7,0,100.00,9.0,6.79,12.71,6,6,0,0.00
10301,2025-02-01T00:00:00.000Z,2,2,2,0,100.00,0.0,0.00,0.00,7,7,0,0.00
10301,2025-03-01T00:00:00.000Z,4,4,4,0,100.00,0.0,2.11,8.46,8,7,0,0.00
10301,2025-04-01T00:00:00.000Z,4,4,4,0,100.00,0.0,0.00,0.00,2,2,0,0.00
10301,2025-05-01T00:00:00.000Z,3,3,3,0,100.00,0.0,0.00,0.00,8,8,0,0.00
10301,2025-06-01T00:00:00.000Z,6,6,6,0,100.00,0.0,3.53,21.21,9,8,0,0.00
10301,2025-07-01T00:00:00.000Z,4,4,4,0,100.00,0.0,0.02,0.08,14,13,0,0.00
10301,2025-08-01T00:00:00.000Z,8,8,8,0,100.00,0.42,2.96,12.88,7,7,2,28.57
10301,2025-09-01T00:00:00.000Z,4,4,4,0,100.00,0.0,0.22,0.88,10,10,0,0.00
10301,2025-10-01T00:00:00.000Z,4,4,4,0,100.00,0.06,4.54,18.04,13,13,0,0.00
10301,2025-11-01T00:00:00.000Z,null,null,null,null,null,null,null,null,7,7,0,0.00
10301,2025-12-01T00:00:00.000Z,2,2,2,0,100.00,0.0,0.00,0.00,6,6,0,0.00
10301,2026-01-01T00:00:00.000Z,2,2,2,0,100.00,0.0,0.00,0.00,12,10,0,0.00
10301,2026-02-01T00:00:00.000Z,4,4,4,0,100.00,0.0,0.00,0.00,5,4,0,0.00
10301,2026-03-01T00:00:00.000Z,2,2,1,1,50.00,0.0,0.00,0.00,4,4,0,0.00
10301,2026-04-01T00:00:00.000Z,2,2,2,0,100.00,1.08,1.08,2.17,10,10,0,0.00
10301,2026-05-01T00:00:00.000Z,6,6,5,1,83.33,16.63,18.99,37.46,6,6,0,0.00
10301,2026-06-01T00:00:00.000Z,3,3,3,0,100.00,15.13,17.82,25.42,11,11,0,0.00
10301,2026-07-01T00:00:00.000Z,1,1,0,1,0.00,32.92,32.92,32.92,8,8,0,0.00
10301,2026-08-01T00:00:00.000Z,5,2,1,1,50.00,22.04,22.04,22.04,6,6,0,0.00
10301,2026-09-01T00:00:00.000Z,2,0,0,0,null,null,null,null,1,1,0,0.00
10302,2025-01-01T00:00:00.000Z,null,null,null,null,null,null,null,null,3,3,0,0.00
10302,2025-02-01T00:00:00.000Z,1,1,1,0,100.00,0.0,0.00,0.00,1,1,0,0.00
10302,2025-03-01T00:00:00.000Z,2,2,2,0,100.00,0.0,0.00,0.00,3,3,0,0.00
10302,2025-04-01T00:00:00.000Z,2,2,2,0,100.00,0.0,0.00,0.00,7,7,0,0.00
10302,2025-05-01T00:00:00.000Z,7,7,7,0,100.00,0.0,0.16,1.13,2,2,0,0.00
10302,2025-06-01T00:00:00.000Z,4,4,4,0,100.00,0.08,0.97,3.71,4,4,0,0.00
10302,2025-07-01T00:00:00.000Z,2,2,2,0,100.00,0.0,0.00,0.00,8,8,0,0.00
10302,2025-08-01T00:00:00.000Z,5,5,5,0,100.00,0.0,0.00,0.00,4,4,0,0.00
10302,2025-09-01T00:00:00.000Z,3,3,3,0,100.00,0.0,0.00,0.00,4,4,0,0.00
10302,2025-10-01T00:00:00.000Z,3,3,3,0,100.00,0.0,0.43,1.29,1,1,0,0.00
10302,2025-11-01T00:00:00.000Z,3,3,3,0,100.00,1.21,0.90,1.50,7,7,1,14.29
10302,2025-12-01T00:00:00.000Z,null,null,null,null,null,null,null,null,8,8,0,0.00
10302,2026-01-01T00:00:00.000Z,2,2,2,0,100.00,0.0,0.00,0.00,5,5,0,0.00
10302,2026-02-01T00:00:00.000Z,1,1,1,0,100.00,0.0,0.00,0.00,null,null,null,null
10302,2026-03-01T00:00:00.000Z,4,4,4,0,100.00,0.0,2.30,9.21,13,10,0,0.00
10302,2026-04-01T00:00:00.000Z,3,3,3,0,100.00,0.0,0.71,2.13,12,12,0,0.00
10302,2026-05-01T00:00:00.000Z,5,5,4,1,80.00,6.23,9.86,22.96,7,7,0,0.00
10302,2026-06-01T00:00:00.000Z,3,3,0,3,0.00,null,null,null,9,9,0,0.00
10302,2026-07-01T00:00:00.000Z,2,2,1,1,50.00,29.58,29.58,32.92,2,2,0,0.00
10302,2026-08-01T00:00:00.000Z,7,7,3,4,42.86,26.21,22.77,35.46,2,2,0,0.00
10302,2026-09-01T00:00:00.000Z,3,0,0,0,null,null,null,null,1,1,0,0.00
10303,2025-01-01T00:00:00.000Z,6,6,6,0,100.00,0.0,3.10,15.42,1,1,0,0.00
10303,2025-02-01T00:00:00.000Z,3,3,3,0,100.00,2.08,3.72,7.08,2,2,0,0.00
10303,2025-03-01T00:00:00.000Z,1,1,1,0,100.00,0.0,0.00,0.00,null,null,null,null
10303,2025-04-01T00:00:00.000Z,6,6,6,0,100.00,0.0,1.19,6.50,3,3,0,0.00
10303,2025-05-01T00:00:00.000Z,3,3,3,0,100.00,0.0,0.00,0.00,2,2,0,0.00
10303,2025-06-01T00:00:00.000Z,6,6,6,0,100.00,0.0,0.00,0.00,1,1,0,0.00
10303,2025-07-01T00:00:00.000Z,6,6,6,0,100.00,0.0,1.33,7.96,1,1,0,0.00
10303,2025-08-01T00:00:00.000Z,4,4,4,0,100.00,0.0,5.01,20.04,null,null,null,null
10303,2025-09-01T00:00:00.000Z,2,2,2,0,100.00,1.13,1.13,2.25,4,4,0,0.00
10303,2025-10-01T00:00:00.000Z,3,3,3,0,100.00,7.25,5.79,10.13,7,7,1,14.29
10303,2025-11-01T00:00:00.000Z,3,3,3,0,100.00,0.0,0.00,0.00,5,5,0,0.00
10303,2025-12-01T00:00:00.000Z,4,4,4,0,100.00,0.0,0.00,0.00,1,1,0,0.00
10303,2026-01-01T00:00:00.000Z,null,null,null,null,null,null,null,null,1,1,0,0.00
10303,2026-02-01T00:00:00.000Z,null,null,null,null,null,null,null,null,2,2,0,0.00
10303,2026-03-01T00:00:00.000Z,5,5,5,0,100.00,0.0,3.39,16.96,null,null,null,null
10303,2026-04-01T00:00:00.000Z,null,null,null,null,null,null,null,null,5,5,0,0.00
10303,2026-05-01T00:00:00.000Z,8,8,8,0,100.00,8.02,9.82,18.92,3,3,0,0.00
10303,2026-06-01T00:00:00.000Z,null,null,null,null,null,null,null,null,3,3,0,0.00
10303,2026-07-01T00:00:00.000Z,2,2,0,2,0.00,null,null,null,4,4,0,0.00
10303,2026-08-01T00:00:00.000Z,7,5,2,3,40.00,15.33,15.33,20.42,null,null,null,null
10303,2026-09-01T00:00:00.000Z,2,0,0,0,null,null,null,null,5,5,0,0.00
10304,2025-01-01T00:00:00.000Z,3,3,3,0,100.00,0.0,0.00,0.00,2,2,0,0.00
10304,2025-02-01T00:00:00.000Z,2,2,2,0,100.00,0.0,0.00,0.00,5,5,0,0.00
10304,2025-03-01T00:00:00.000Z,4,4,4,0,100.00,0.0,5.17,20.67,null,null,null,null
10304,2025-04-01T00:00:00.000Z,7,7,7,0,100.00,0.0,0.00,0.00,2,2,0,0.00
10304,2025-05-01T00:00:00.000Z,10,10,10,0,100.00,0.0,0.29,0.08,3,2,0,0.00
10304,2025-06-01T00:00:00.000Z,4,4,4,0,100.00,2.15,5.82,19.00,4,4,0,0.00
10304,2025-07-01T00:00:00.000Z,16,16,16,0,100.00,0.0,1.77,8.96,5,5,0,0.00
10304,2025-08-01T00:00:00.000Z,7,7,7,0,100.00,0.0,7.61,24.83,3,3,0,0.00
10304,2025-09-01T00:00:00.000Z,3,3,3,0,100.00,0.0,1.93,5.79,7,6,0,0.00
10304,2025-10-01T00:00:00.000Z,6,6,6,0,100.00,0.65,2.39,6.96,5,5,0,0.00
10304,2025-11-01T00:00:00.000Z,4,4,4,0,100.00,0.0,1.03,4.13,2,2,0,0.00
10304,2025-12-01T00:00:00.000Z,1,1,1,0,100.00,0.0,0.00,0.00,1,1,0,0.00
10304,2026-01-01T00:00:00.000Z,null,null,null,null,null,null,null,null,2,2,0,0.00
10304,2026-02-01T00:00:00.000Z,3,3,3,0,100.00,0.21,0.14,0.21,6,5,0,0.00
10304,2026-03-01T00:00:00.000Z,4,4,4,0,100.00,0.0,0.00,0.00,5,5,0,0.00
10304,2026-04-01T00:00:00.000Z,5,5,5,0,100.00,0.0,1.55,4.67,4,3,0,0.00
10304,2026-05-01T00:00:00.000Z,3,3,3,0,100.00,3.88,6.99,14.38,6,6,0,0.00
10304,2026-06-01T00:00:00.000Z,3,3,3,0,100.00,19.29,19.74,27.88,1,1,0,0.00
10304,2026-07-01T00:00:00.000Z,3,3,2,1,66.67,17.17,23.67,46.92,6,6,0,0.00
10304,2026-08-01T00:00:00.000Z,6,4,3,1,75.00,6.38,8.96,16.92,8,8,0,0.00
10304,2026-09-01T00:00:00.000Z,4,0,0,0,null,null,null,null,null,null,null,null
10305,2025-01-01T00:00:00.000Z,2,2,2,0,100.00,0.0,0.00,0.00,null,null,null,null
10305,2025-02-01T00:00:00.000Z,2,2,2,0,100.00,0.0,0.00,0.00,3,3,0,0.00
10305,2025-03-01T00:00:00.000Z,3,3,3,0,100.00,2.08,2.47,4.13,2,2,0,0.00
10305,2025-04-01T00:00:00.000Z,3,3,3,0,100.00,0.0,0.00,0.00,6,6,0,0.00
10305,2025-05-01T00:00:00.000Z,7,7,7,0,100.00,0.0,0.42,2.92,3,3,0,0.00
10305,2025-06-01T00:00:00.000Z,6,6,6,0,100.00,9.17,7.75,18.79,6,6,0,0.00
10305,2025-07-01T00:00:00.000Z,4,4,4,0,100.00,0.0,2.85,11.42,5,5,0,0.00
10305,2025-08-01T00:00:00.000Z,7,7,7,0,100.00,0.0,1.99,13.92,5,5,0,0.00
10305,2025-09-01T00:00:00.000Z,7,7,7,0,100.00,0.0,2.54,17.79,12,11,0,0.00
10305,2025-10-01T00:00:00.000Z,3,3,3,0,100.00,5.79,3.86,5.79,10,10,1,10.00
10305,2025-11-01T00:00:00.000Z,2,2,2,0,100.00,0.98,0.98,1.96,8,8,0,0.00
10305,2025-12-01T00:00:00.000Z,3,3,3,0,100.00,0.0,0.00,0.00,3,3,0,0.00
10305,2026-01-01T00:00:00.000Z,1,1,1,0,100.00,0.0,0.00,0.00,7,7,0,0.00
10305,2026-02-01T00:00:00.000Z,1,1,1,0,100.00,0.0,0.00,0.00,9,9,0,0.00
10305,2026-03-01T00:00:00.000Z,3,3,3,0,100.00,0.0,0.00,0.00,6,6,0,0.00
10305,2026-04-01T00:00:00.000Z,10,10,10,0,100.00,4.4,4.62,10.00,3,3,0,0.00
10305,2026-05-01T00:00:00.000Z,5,5,4,1,80.00,9.08,30.13,117.13,9,9,0,0.00
10305,2026-06-01T00:00:00.000Z,2,2,2,0,100.00,22.23,22.23,28.25,11,11,0,0.00
10305,2026-07-01T00:00:00.000Z,3,3,2,1,66.67,29.08,35.78,57.29,7,7,0,0.00
10305,2026-08-01T00:00:00.000Z,17,11,4,7,36.36,13.33,19.18,40.04,10,10,0,0.00
10305,2026-09-01T00:00:00.000Z,2,0,0,0,null,null,null,null,4,4,0,0.00
10306,2025-01-01T00:00:00.000Z,2,2,2,0,100.00,0.0,0.00,0.00,8,8,0,0.00
10306,2025-02-01T00:00:00.000Z,2,2,2,0,100.00,0.0,0.00,0.00,4,4,0,0.00
10306,2025-03-01T00:00:00.000Z,4,4,4,0,100.00,0.0,0.00,0.00,6,6,0,0.00
10306,2025-04-01T00:00:00.000Z,4,4,4,0,100.00,0.0,0.54,2.17,2,2,0,0.00
10306,2025-05-01T00:00:00.000Z,16,16,16,0,100.00,0.0,1.13,5.67,6,6,0,0.00
10306,2025-06-01T00:00:00.000Z,8,8,8,0,100.00,0.0,2.04,7.21,1,1,0,0.00
10306,2025-07-01T00:00:00.000Z,12,12,12,0,100.00,0.0,0.00,0.00,16,16,0,0.00
10306,2025-08-01T00:00:00.000Z,3,3,2,1,66.67,0.0,14.86,44.58,12,12,0,0.00
10306,2025-09-01T00:00:00.000Z,6,6,6,0,100.00,0.0,4.26,24.92,12,12,0,0.00
10306,2025-10-01T00:00:00.000Z,9,9,9,0,100.00,2.13,4.61,13.67,6,6,0,0.00
10306,2025-11-01T00:00:00.000Z,1,1,1,0,100.00,13.33,13.33,13.33,11,11,0,0.00
10306,2025-12-01T00:00:00.000Z,3,3,3,0,100.00,0.0,0.00,0.00,16,16,1,6.25
10306,2026-01-01T00:00:00.000Z,5,5,5,0,100.00,0.0,0.33,0.88,15,14,0,0.00
10306,2026-02-01T00:00:00.000Z,1,1,1,0,100.00,0.0,0.00,0.00,15,15,0,0.00
10306,2026-03-01T00:00:00.000Z,2,2,2,0,100.00,0.0,0.00,0.00,24,24,0,0.00
10306,2026-04-01T00:00:00.000Z,5,5,5,0,100.00,4.79,5.38,11.92,7,7,0,0.00
10306,2026-05-01T00:00:00.000Z,4,4,4,0,100.00,15.15,15.36,21.00,11,11,0,0.00
10306,2026-06-01T00:00:00.000Z,9,9,6,3,66.67,12.25,15.01,23.75,7,7,0,0.00
10306,2026-07-01T00:00:00.000Z,10,10,5,5,50.00,25.33,25.14,49.88,5,5,0,0.00
10306,2026-08-01T00:00:00.000Z,18,12,3,9,25.00,28.25,25.46,39.25,8,8,0,0.00
10306,2026-09-01T00:00:00.000Z,4,0,0,0,null,null,null,null,4,4,0,0.00
10307,2025-01-01T00:00:00.000Z,null,null,null,null,null,null,null,null,1,1,0,0.00
10307,2025-03-01T00:00:00.000Z,null,null,null,null,null,null,null,null,1,1,0,0.00
10307,2025-04-01T00:00:00.000Z,null,null,null,null,null,null,null,null,3,3,0,0.00
10307,2025-05-01T00:00:00.000Z,null,null,null,null,null,null,null,null,5,5,0,0.00
10307,2025-06-01T00:00:00.000Z,1,1,1,0,100.00,16.29,16.29,16.29,2,2,0,0.00
10307,2025-08-01T00:00:00.000Z,null,null,null,null,null,null,null,null,2,2,0,0.00
10307,2025-09-01T00:00:00.000Z,null,null,null,null,null,null,null,null,4,4,1,25.00
10307,2025-10-01T00:00:00.000Z,2,2,2,0,100.00,0.88,0.88,1.75,3,3,0,0.00
10307,2025-11-01T00:00:00.000Z,1,1,1,0,100.00,0.0,0.00,0.00,1,1,0,0.00
10307,2025-12-01T00:00:00.000Z,1,1,1,0,100.00,0.0,0.00,0.00,null,null,null,null
10307,2026-02-01T00:00:00.000Z,null,null,null,null,null,null,null,null,2,2,0,0.00
10307,2026-03-01T00:00:00.000Z,1,1,1,0,100.00,0.0,0.00,0.00,5,5,0,0.00
10307,2026-04-01T00:00:00.000Z,null,null,null,null,null,null,null,null,1,1,0,0.00
10307,2026-05-01T00:00:00.000Z,null,null,null,null,null,null,null,null,2,2,0,0.00
10307,2026-06-01T00:00:00.000Z,null,null,null,null,null,null,null,null,6,6,0,0.00
10307,2026-07-01T00:00:00.000Z,null,null,null,null,null,null,null,null,2,2,0,0.00
10307,2026-08-01T00:00:00.000Z,2,1,0,1,0.00,null,null,null,4,4,0,0.00
10307,2026-09-01T00:00:00.000Z,1,0,0,0,null,null,null,null,null,null,null,null
10308,2025-01-01T00:00:00.000Z,3,3,3,0,100.00,0.0,0.00,0.00,null,null,null,null
10308,2025-02-01T00:00:00.000Z,4,4,4,0,100.00,4.54,4.57,5.08,2,2,0,0.00
10308,2025-03-01T00:00:00.000Z,2,2,2,0,100.00,1.98,1.98,3.96,3,3,0,0.00
10308,2025-04-01T00:00:00.000Z,12,12,12,0,100.00,2.52,3.96,10.92,1,1,0,0.00
10308,2025-05-01T00:00:00.000Z,7,7,7,0,100.00,0.0,1.81,8.88,2,2,0,0.00
10308,2025-06-01T00:00:00.000Z,11,11,11,0,100.00,0.0,2.95,10.29,1,1,0,0.00
10308,2025-07-01T00:00:00.000Z,5,5,5,0,100.00,0.0,2.28,11.38,3,3,0,0.00
10308,2025-08-01T00:00:00.000Z,4,4,4,0,100.00,6.35,6.36,12.75,3,3,0,0.00
10308,2025-09-01T00:00:00.000Z,1,1,1,0,100.00,0.0,0.00,0.00,2,2,0,0.00
10308,2025-11-01T00:00:00.000Z,1,1,1,0,100.00,0.0,0.00,0.00,3,3,0,0.00
10308,2025-12-01T00:00:00.000Z,1,1,1,0,100.00,0.0,0.00,0.00,3,3,0,0.00
10308,2026-02-01T00:00:00.000Z,1,1,1,0,100.00,0.0,0.00,0.00,2,2,0,0.00
10308,2026-03-01T00:00:00.000Z,2,2,2,0,100.00,3.06,3.06,6.13,4,4,0,0.00
10308,2026-04-01T00:00:00.000Z,1,1,1,0,100.00,10.75,10.75,10.75,4,4,0,0.00
10308,2026-05-01T00:00:00.000Z,10,10,7,3,70.00,21.79,22.94,49.92,8,8,1,12.50
10308,2026-06-01T00:00:00.000Z,9,9,4,5,44.44,15.25,18.48,38.42,8,8,0,0.00
10308,2026-07-01T00:00:00.000Z,16,16,5,11,31.25,21.38,18.69,22.33,1,1,0,0.00
10308,2026-08-01T00:00:00.000Z,2,2,1,1,50.00,8.21,8.21,8.21,4,4,0,0.00
10308,2026-09-01T00:00:00.000Z,4,0,0,0,null,null,null,null,2,2,0,0.00
10309,2025-01-01T00:00:00.000Z,1,1,1,0,100.00,0.0,0.00,0.00,4,4,0,0.00
10309,2025-02-01T00:00:00.000Z,null,null,null,null,null,null,null,null,1,1,0,0.00
10309,2025-03-01T00:00:00.000Z,null,null,null,null,null,null,null,null,7,7,0,0.00
10309,2025-04-01T00:00:00.000Z,1,1,1,0,100.00,0.0,0.00,0.00,4,4,0,0.00
10309,2025-05-01T00:00:00.000Z,4,4,4,0,100.00,0.0,0.74,2.96,1,1,0,0.00
10309,2025-06-01T00:00:00.000Z,7,7,7,0,100.00,0.0,1.93,13.54,null,null,null,null
10309,2025-07-01T00:00:00.000Z,1,1,1,0,100.00,3.38,3.38,3.38,5,5,0,0.00
10309,2025-08-01T00:00:00.000Z,4,4,4,0,100.00,0.0,1.45,5.79,12,12,0,0.00
10309,2025-09-01T00:00:00.000Z,5,5,5,0,100.00,0.0,5.98,20.00,5,5,0,0.00
10309,2025-10-01T00:00:00.000Z,2,2,2,0,100.00,0.0,0.00,0.00,13,13,0,0.00
10309,2025-11-01T00:00:00.000Z,2,2,2,0,100.00,0.0,0.00,0.00,4,4,0,0.00
10309,2025-12-01T00:00:00.000Z,3,3,3,0,100.00,0.0,5.96,17.88,5,5,0,0.00
10309,2026-01-01T00:00:00.000Z,null,null,null,null,null,null,null,null,7,7,0,0.00
10309,2026-02-01T00:00:00.000Z,1,1,1,0,100.00,0.0,0.00,0.00,10,10,0,0.00
10309,2026-03-01T00:00:00.000Z,2,2,2,0,100.00,0.0,0.00,0.00,5,5,0,0.00
10309,2026-04-01T00:00:00.000Z,1,1,1,0,100.00,0.0,0.00,0.00,4,4,0,0.00
10309,2026-05-01T00:00:00.000Z,4,4,3,1,75.00,14.15,17.42,34.33,null,null,null,null
10309,2026-06-01T00:00:00.000Z,6,6,3,3,50.00,22.46,21.26,28.04,8,8,0,0.00
10309,2026-07-01T00:00:00.000Z,4,4,0,4,0.00,null,null,null,6,6,0,0.00
10309,2026-08-01T00:00:00.000Z,2,0,0,0,null,null,null,null,2,2,0,0.00
10309,2026-09-01T00:00:00.000Z,1,0,0,0,null,null,null,null,2,2,0,0.00
10310,2025-01-01T00:00:00.000Z,4,4,4,0,100.00,4.5,5.63,13.50,5,5,0,0.00
10310,2025-02-01T00:00:00.000Z,2,2,2,0,100.00,3.17,3.17,6.33,1,1,0,0.00
10310,2025-03-01T00:00:00.000Z,7,7,7,0,100.00,0.0,0.00,0.00,2,2,0,0.00
10310,2025-04-01T00:00:00.000Z,3,3,3,0,100.00,0.0,0.00,0.00,null,null,null,null
10310,2025-05-01T00:00:00.000Z,1,1,1,0,100.00,0.0,0.00,0.00,8,8,0,0.00
10310,2025-06-01T00:00:00.000Z,10,10,10,0,100.00,0.0,0.23,0.00,1,1,0,0.00
10310,2025-07-01T00:00:00.000Z,6,6,6,0,100.00,0.0,0.01,0.08,null,null,null,null
10310,2025-08-01T00:00:00.000Z,12,12,12,0,100.00,0.0,5.28,17.67,1,1,0,0.00
10310,2025-09-01T00:00:00.000Z,3,3,3,0,100.00,0.0,2.03,6.08,12,12,0,0.00
10310,2025-10-01T00:00:00.000Z,2,2,2,0,100.00,0.0,0.00,0.00,2,2,0,0.00
10310,2025-11-01T00:00:00.000Z,1,1,1,0,100.00,0.0,0.00,0.00,1,1,0,0.00
10310,2025-12-01T00:00:00.000Z,null,null,null,null,null,null,null,null,10,10,0,0.00
10310,2026-01-01T00:00:00.000Z,1,1,1,0,100.00,0.0,0.00,0.00,3,3,0,0.00
10310,2026-02-01T00:00:00.000Z,1,1,1,0,100.00,0.0,0.00,0.00,2,2,0,0.00
10310,2026-03-01T00:00:00.000Z,6,6,6,0,100.00,0.0,0.02,0.13,15,14,1,6.67
10310,2026-04-01T00:00:00.000Z,7,7,7,0,100.00,6.29,5.61,11.04,7,7,0,0.00
10310,2026-05-01T00:00:00.000Z,5,5,4,1,80.00,14.46,16.99,37.08,5,5,0,0.00
10310,2026-06-01T00:00:00.000Z,9,9,7,2,77.78,20.0,21.52,27.42,4,4,0,0.00
10310,2026-07-01T00:00:00.000Z,5,5,2,3,40.00,15.13,15.13,20.04,4,4,0,0.00
10310,2026-08-01T00:00:00.000Z,9,6,4,2,66.67,6.1,10.96,29.17,3,3,0,0.00
10310,2026-09-01T00:00:00.000Z,2,0,0,0,null,null,null,null,1,1,0,0.00
10312,2025-02-01T00:00:00.000Z,3,3,3,0,100.00,0.0,5.96,17.88,5,5,0,0.00
10312,2025-03-01T00:00:00.000Z,3,3,3,0,100.00,0.0,0.00,0.00,4,4,0,0.00
10312,2025-04-01T00:00:00.000Z,9,9,9,0,100.00,0.0,0.44,3.96,4,4,0,0.00
10312,2025-05-01T00:00:00.000Z,10,10,10,0,100.00,0.0,0.97,1.92,6,6,0,0.00
10312,2025-06-01T00:00:00.000Z,17,17,17,0,100.00,0.0,1.20,2.88,null,null,null,null
10312,2025-07-01T00:00:00.000Z,7,7,7,0,100.00,0.0,1.02,5.83,null,null,null,null
10312,2025-08-01T00:00:00.000Z,18,18,18,0,100.00,0.0,3.26,16.75,5,5,0,0.00
10312,2025-09-01T00:00:00.000Z,9,9,9,0,100.00,0.0,0.64,3.29,11,11,0,0.00
10312,2025-10-01T00:00:00.000Z,4,4,4,0,100.00,0.0,0.00,0.00,11,11,0,0.00
10312,2025-11-01T00:00:00.000Z,null,null,null,null,null,null,null,null,7,7,0,0.00
10312,2025-12-01T00:00:00.000Z,null,null,null,null,null,null,null,null,10,10,0,0.00
10312,2026-01-01T00:00:00.000Z,1,1,1,0,100.00,0.0,0.00,0.00,1,1,0,0.00
10312,2026-02-01T00:00:00.000Z,null,null,null,null,null,null,null,null,2,2,0,0.00
10312,2026-03-01T00:00:00.000Z,5,5,5,0,100.00,0.0,0.00,0.00,9,9,0,0.00
10312,2026-04-01T00:00:00.000Z,7,7,7,0,100.00,9.79,9.23,13.25,1,1,0,0.00
10312,2026-05-01T00:00:00.000Z,18,18,15,3,83.33,9.08,13.69,27.17,9,9,0,0.00
10312,2026-06-01T00:00:00.000Z,22,22,16,6,72.73,9.21,13.25,30.08,7,7,0,0.00
10312,2026-07-01T00:00:00.000Z,9,9,3,6,33.33,8.21,13.43,26.08,4,4,0,0.00
10312,2026-08-01T00:00:00.000Z,8,6,0,6,0.00,null,null,null,3,3,0,0.00
10312,2026-09-01T00:00:00.000Z,1,0,0,0,null,null,null,null,1,1,0,0.00
10314,2025-01-01T00:00:00.000Z,3,3,3,0,100.00,0.0,0.00,0.00,13,12,1,7.69
10314,2025-02-01T00:00:00.000Z,6,6,6,0,100.00,0.0,0.00,0.00,6,6,0,0.00
10314,2025-03-01T00:00:00.000Z,5,5,5,0,100.00,0.0,0.04,0.21,9,9,0,0.00
10314,2025-04-01T00:00:00.000Z,4,4,4,0,100.00,1.44,3.03,9.25,15,15,0,0.00
10314,2025-05-01T00:00:00.000Z,7,7,7,0,100.00,0.0,0.07,0.50,13,13,0,0.00
10314,2025-06-01T00:00:00.000Z,16,16,16,0,100.00,0.0,0.73,3.71,12,12,0,0.00
10314,2025-07-01T00:00:00.000Z,13,13,13,0,100.00,0.0,1.92,8.92,4,4,0,0.00
10314,2025-08-01T00:00:00.000Z,9,9,7,2,77.78,0.0,8.77,41.88,19,18,1,5.26
10314,2025-09-01T00:00:00.000Z,7,7,7,0,100.00,0.0,4.50,13.17,19,19,0,0.00
10314,2025-10-01T00:00:00.000Z,6,6,6,0,100.00,0.0,2.20,8.29,4,4,0,0.00
10314,2025-11-01T00:00:00.000Z,2,2,2,0,100.00,0.0,0.00,0.00,11,11,0,0.00
10314,2025-12-01T00:00:00.000Z,null,null,null,null,null,null,null,null,34,34,1,2.94
10314,2026-01-01T00:00:00.000Z,6,6,6,0,100.00,0.0,0.00,0.00,17,17,0,0.00
10314,2026-02-01T00:00:00.000Z,4,4,4,0,100.00,0.0,0.78,3.13,19,19,0,0.00
10314,2026-03-01T00:00:00.000Z,10,10,10,0,100.00,0.0,0.79,3.38,12,11,1,8.33
10314,2026-04-01T00:00:00.000Z,6,6,6,0,100.00,1.0,3.38,10.25,20,20,1,5.00
10314,2026-05-01T00:00:00.000Z,5,5,5,0,100.00,12.92,10.68,16.29,13,13,0,0.00
10314,2026-06-01T00:00:00.000Z,4,4,2,2,50.00,30.75,31.65,50.13,9,9,0,0.00
10314,2026-07-01T00:00:00.000Z,6,6,3,3,50.00,12.46,11.88,16.17,14,14,1,7.14
10314,2026-08-01T00:00:00.000Z,8,3,3,0,100.00,8.0,6.97,10.04,16,16,0,0.00
10314,2026-09-01T00:00:00.000Z,1,0,0,0,null,null,null,null,6,6,0,0.00
10451,2025-01-01T00:00:00.000Z,9,9,9,0,100.00,0.0,0.21,1.75,7,7,0,0.00
10451,2025-02-01T00:00:00.000Z,6,6,6,0,100.00,0.0,0.81,4.79,12,12,2,16.67
10451,2025-03-01T00:00:00.000Z,8,8,8,0,100.00,0.0,0.28,1.63,4,4,1,25.00
10451,2025-04-01T00:00:00.000Z,8,8,8,0,100.00,0.02,0.63,3.04,10,10,3,30.00
10451,2025-05-01T00:00:00.000Z,21,21,21,0,100.00,0.0,0.30,0.92,10,10,0,0.00
10451,2025-06-01T00:00:00.000Z,9,9,9,0,100.00,0.0,0.84,4.83,12,12,0,0.00
10451,2025-07-01T00:00:00.000Z,8,8,8,0,100.00,0.0,0.75,5.96,19,19,2,10.53
10451,2025-08-01T00:00:00.000Z,9,9,9,0,100.00,0.0,0.38,2.50,4,4,0,0.00
10451,2025-09-01T00:00:00.000Z,8,8,8,0,100.00,0.0,0.49,1.88,14,11,0,0.00
10451,2025-10-01T00:00:00.000Z,2,2,2,0,100.00,0.0,0.00,0.00,16,16,0,0.00
10451,2025-11-01T00:00:00.000Z,5,5,5,0,100.00,0.0,0.00,0.00,16,16,0,0.00
10451,2025-12-01T00:00:00.000Z,7,7,7,0,100.00,0.04,0.72,2.79,19,19,2,10.53
10451,2026-01-01T00:00:00.000Z,5,5,5,0,100.00,0.0,0.00,0.00,9,9,0,0.00
10451,2026-02-01T00:00:00.000Z,7,7,7,0,100.00,0.0,1.09,6.79,8,8,0,0.00
10451,2026-03-01T00:00:00.000Z,7,7,7,0,100.00,0.0,0.75,3.79,7,7,0,0.00
10451,2026-04-01T00:00:00.000Z,9,9,9,0,100.00,3.04,6.03,17.04,12,12,0,0.00
10451,2026-05-01T00:00:00.000Z,6,6,6,0,100.00,11.56,11.02,19.17,13,13,0,0.00
10451,2026-06-01T00:00:00.000Z,7,7,7,0,100.00,5.96,6.40,15.00,16,13,0,0.00
10451,2026-07-01T00:00:00.000Z,6,6,6,0,100.00,7.38,6.49,8.38,16,14,0,0.00
10451,2026-08-01T00:00:00.000Z,11,1,1,0,100.00,13.08,13.08,13.08,5,5,0,0.00
10451,2026-09-01T00:00:00.000Z,5,0,0,0,null,null,null,null,5,5,0,0.00
10452,2025-01-01T00:00:00.000Z,29,29,29,0,100.00,1.13,1.14,2.83,16,16,2,12.50
10452,2025-02-01T00:00:00.000Z,52,52,52,0,100.00,0.56,1.22,3.46,10,10,1,10.00
10452,2025-03-01T00:00:00.000Z,64,64,64,0,100.00,0.42,0.69,2.17,13,13,0,0.00
10452,2025-04-01T00:00:00.000Z,49,49,49,0,100.00,0.38,0.65,2.04,8,8,1,12.50
10452,2025-05-01T00:00:00.000Z,62,62,62,0,100.00,0.67,1.00,2.50,4,4,0,0.00
10452,2025-06-01T00:00:00.000Z,75,75,75,0,100.00,0.5,1.18,3.42,8,8,1,12.50
10452,2025-07-01T00:00:00.000Z,104,104,104,0,100.00,0.5,0.92,2.50,3,3,0,0.00
10452,2025-08-01T00:00:00.000Z,80,80,80,0,100.00,0.33,0.78,2.21,6,6,1,16.67
10452,2025-09-01T00:00:00.000Z,30,30,30,0,100.00,0.23,0.32,0.58,2,2,0,0.00
10452,2025-10-01T00:00:00.000Z,34,34,34,0,100.00,0.15,0.63,2.17,9,8,2,22.22
10452,2025-11-01T00:00:00.000Z,41,41,41,0,100.00,0.33,1.16,3.08,8,8,0,0.00
10452,2025-12-01T00:00:00.000Z,29,29,29,0,100.00,0.21,0.72,2.38,10,10,0,0.00
10452,2026-01-01T00:00:00.000Z,42,42,42,0,100.00,0.5,1.23,3.25,13,11,0,0.00
10452,2026-02-01T00:00:00.000Z,54,54,54,0,100.00,0.83,1.08,2.71,3,3,0,0.00
10452,2026-03-01T00:00:00.000Z,47,47,47,0,100.00,0.29,0.65,2.13,4,3,1,25.00
10452,2026-04-01T00:00:00.000Z,62,62,62,0,100.00,1.27,2.31,5.46,14,12,0,0.00
10452,2026-05-01T00:00:00.000Z,44,44,43,1,97.73,2.94,5.18,10.75,21,21,0,0.00
10452,2026-06-01T00:00:00.000Z,23,23,23,0,100.00,5.79,6.82,14.75,10,10,1,10.00
10452,2026-07-01T00:00:00.000Z,14,14,14,0,100.00,3.9,7.54,18.17,8,8,0,0.00
10452,2026-08-01T00:00:00.000Z,18,8,8,0,100.00,6.77,7.31,17.71,13,13,1,7.69
10452,2026-09-01T00:00:00.000Z,7,0,0,0,null,null,null,null,2,2,0,0.00
10453,2025-01-01T00:00:00.000Z,14,14,14,0,100.00,0.0,0.38,1.50,16,16,2,12.50
10453,2025-02-01T00:00:00.000Z,10,10,10,0,100.00,0.0,0.21,1.04,10,10,1,10.00
10453,2025-03-01T00:00:00.000Z,6,6,6,0,100.00,0.21,0.94,4.42,5,5,1,20.00
10453,2025-04-01T00:00:00.000Z,11,11,10,1,90.91,0.0,4.17,1.04,5,5,0,0.00
10453,2025-05-01T00:00:00.000Z,13,13,13,0,100.00,0.0,0.15,0.46,10,10,2,20.00
10453,2025-06-01T00:00:00.000Z,16,16,16,0,100.00,0.0,2.50,5.08,6,6,0,0.00
10453,2025-07-01T00:00:00.000Z,12,12,12,0,100.00,0.0,0.21,0.17,6,6,1,16.67
10453,2025-08-01T00:00:00.000Z,34,34,34,0,100.00,0.92,1.47,3.71,6,5,0,0.00
10453,2025-09-01T00:00:00.000Z,11,11,11,0,100.00,0.0,0.48,1.38,9,9,0,0.00
10453,2025-10-01T00:00:00.000Z,10,10,10,0,100.00,0.0,0.08,0.38,13,13,0,0.00
10453,2025-11-01T00:00:00.000Z,8,8,8,0,100.00,0.52,0.78,3.83,6,6,0,0.00
10453,2025-12-01T00:00:00.000Z,18,18,18,0,100.00,0.0,0.61,3.08,12,12,0,0.00
10453,2026-01-01T00:00:00.000Z,12,12,12,0,100.00,0.0,0.62,0.46,3,3,0,0.00
10453,2026-02-01T00:00:00.000Z,6,6,6,0,100.00,0.0,0.00,0.00,5,5,0,0.00
10453,2026-03-01T00:00:00.000Z,1,1,1,0,100.00,0.0,0.00,0.00,3,3,1,33.33
10453,2026-04-01T00:00:00.000Z,11,11,11,0,100.00,2.5,5.91,21.25,7,7,0,0.00
10453,2026-05-01T00:00:00.000Z,9,9,7,2,77.78,12.54,20.40,59.17,4,4,1,25.00
10453,2026-06-01T00:00:00.000Z,15,15,14,1,93.33,6.08,6.07,10.54,8,8,0,0.00
10453,2026-07-01T00:00:00.000Z,15,15,14,1,93.33,7.29,12.25,30.04,19,19,1,5.26
10453,2026-08-01T00:00:00.000Z,17,10,6,4,60.00,15.08,18.93,39.38,12,12,0,0.00
10453,2026-09-01T00:00:00.000Z,11,0,0,0,null,null,null,null,5,5,1,20.00
10454,2025-01-01T00:00:00.000Z,7,7,7,0,100.00,0.0,0.11,0.75,1,1,0,0.00
10454,2025-02-01T00:00:00.000Z,10,10,10,0,100.00,0.0,0.10,0.04,1,1,0,0.00
10454,2025-03-01T00:00:00.000Z,13,13,13,0,100.00,0.0,1.13,5.04,5,5,0,0.00
10454,2025-04-01T00:00:00.000Z,4,4,4,0,100.00,0.0,0.48,1.92,6,6,0,0.00
10454,2025-05-01T00:00:00.000Z,8,8,8,0,100.00,0.0,0.00,0.00,4,4,0,0.00
10454,2025-06-01T00:00:00.000Z,7,7,7,0,100.00,0.0,1.48,5.04,8,6,1,12.50
10454,2025-07-01T00:00:00.000Z,9,9,9,0,100.00,1.54,2.66,6.58,8,8,0,0.00
10454,2025-08-01T00:00:00.000Z,8,8,8,0,100.00,0.0,0.00,0.00,6,6,0,0.00
10454,2025-09-01T00:00:00.000Z,6,6,6,0,100.00,0.0,0.00,0.00,11,11,1,9.09
10454,2025-10-01T00:00:00.000Z,8,8,8,0,100.00,0.0,0.00,0.00,13,12,3,23.08
10454,2025-11-01T00:00:00.000Z,4,4,4,0,100.00,0.0,0.00,0.00,6,6,1,16.67
10454,2025-12-01T00:00:00.000Z,2,2,2,0,100.00,0.0,0.00,0.00,16,15,2,12.50
10454,2026-01-01T00:00:00.000Z,4,4,4,0,100.00,0.0,0.00,0.00,7,7,0,0.00
10454,2026-02-01T00:00:00.000Z,3,3,3,0,100.00,2.21,1.92,3.54,6,5,2,33.33
10454,2026-03-01T00:00:00.000Z,3,3,3,0,100.00,0.0,0.22,0.67,3,3,0,0.00
10454,2026-04-01T00:00:00.000Z,7,7,7,0,100.00,1.13,9.60,30.00,11,11,0,0.00
10454,2026-05-01T00:00:00.000Z,2,2,2,0,100.00,18.73,18.73,22.13,8,8,0,0.00
10454,2026-06-01T00:00:00.000Z,4,4,4,0,100.00,6.25,10.45,24.33,5,5,0,0.00
10454,2026-07-01T00:00:00.000Z,8,8,8,0,100.00,7.65,7.44,13.38,13,12,0,0.00
10454,2026-08-01T00:00:00.000Z,14,14,14,0,100.00,6.08,8.90,22.08,14,12,0,0.00
10454,2026-09-01T00:00:00.000Z,6,0,0,0,null,null,null,null,7,7,0,0.00
10455,2025-01-01T00:00:00.000Z,7,7,7,0,100.00,0.0,0.99,5.04,7,7,0,0.00
10455,2025-02-01T00:00:00.000Z,8,8,8,0,100.00,0.0,0.36,2.00,1,1,0,0.00
10455,2025-03-01T00:00:00.000Z,18,18,18,0,100.00,0.0,0.29,1.00,1,1,0,0.00
10455,2025-04-01T00:00:00.000Z,11,11,11,0,100.00,0.04,0.97,2.21,11,11,0,0.00
10455,2025-05-01T00:00:00.000Z,7,7,7,0,100.00,0.0,0.63,2.00,13,13,1,7.69
10455,2025-06-01T00:00:00.000Z,21,21,21,0,100.00,0.0,0.58,2.00,5,5,1,20.00
10455,2025-07-01T00:00:00.000Z,9,9,9,0,100.00,0.0,0.95,5.08,11,11,0,0.00
10455,2025-08-01T00:00:00.000Z,16,16,16,0,100.00,0.0,1.09,3.21,10,9,0,0.00
10455,2025-09-01T00:00:00.000Z,6,6,6,0,100.00,0.0,0.37,2.21,3,3,0,0.00
10455,2025-10-01T00:00:00.000Z,12,12,12,0,100.00,0.0,0.41,0.00,13,13,1,7.69
10455,2025-11-01T00:00:00.000Z,5,5,5,0,100.00,0.0,0.00,0.00,11,11,0,0.00
10455,2025-12-01T00:00:00.000Z,4,4,4,0,100.00,0.0,0.97,3.88,6,6,0,0.00
10455,2026-01-01T00:00:00.000Z,6,6,6,0,100.00,0.0,0.00,0.00,11,11,0,0.00
10455,2026-02-01T00:00:00.000Z,7,7,7,0,100.00,0.0,0.00,0.00,4,4,0,0.00
10455,2026-03-01T00:00:00.000Z,8,8,8,0,100.00,0.0,0.00,0.00,13,11,0,0.00
10455,2026-04-01T00:00:00.000Z,12,12,12,0,100.00,4.92,5.61,14.92,11,11,1,9.09
10455,2026-05-01T00:00:00.000Z,14,14,13,1,92.86,11.63,14.30,28.29,16,14,1,6.25
10455,2026-06-01T00:00:00.000Z,13,13,13,0,100.00,8.08,10.28,15.17,11,11,0,0.00
10455,2026-07-01T00:00:00.000Z,13,13,13,0,100.00,6.08,6.18,12.04,12,12,0,0.00
10455,2026-08-01T00:00:00.000Z,5,2,2,0,100.00,5.81,5.81,7.29,13,13,1,7.69
10455,2026-09-01T00:00:00.000Z,6,0,0,0,null,null,null,null,1,1,0,0.00
10456,2025-01-01T00:00:00.000Z,15,15,15,0,100.00,0.0,0.88,5.00,10,10,0,0.00
10456,2025-02-01T00:00:00.000Z,16,16,16,0,100.00,0.0,0.29,2.13,8,8,0,0.00
10456,2025-03-01T00:00:00.000Z,16,16,16,0,100.00,0.65,1.02,2.71,4,4,0,0.00
10456,2025-04-01T00:00:00.000Z,8,8,8,0,100.00,0.04,1.19,4.50,9,8,1,11.11
10456,2025-05-01T00:00:00.000Z,14,14,14,0,100.00,0.04,0.50,1.96,5,5,0,0.00
10456,2025-06-01T00:00:00.000Z,17,17,17,0,100.00,0.0,0.18,1.29,7,7,0,0.00
10456,2025-07-01T00:00:00.000Z,17,17,17,0,100.00,0.0,0.20,1.21,7,7,0,0.00
10456,2025-08-01T00:00:00.000Z,24,24,24,0,100.00,0.0,0.13,0.79,5,5,0,0.00
10456,2025-09-01T00:00:00.000Z,13,13,13,0,100.00,0.0,0.19,0.79,11,8,1,9.09
10456,2025-10-01T00:00:00.000Z,9,9,9,0,100.00,0.0,0.00,0.00,3,3,0,0.00
10456,2025-11-01T00:00:00.000Z,17,17,17,0,100.00,0.0,0.17,1.00,2,2,1,50.00
10456,2025-12-01T00:00:00.000Z,6,6,6,0,100.00,0.0,0.00,0.00,6,6,0,0.00
10456,2026-01-01T00:00:00.000Z,10,10,10,0,100.00,0.0,2.19,5.96,4,4,0,0.00
10456,2026-02-01T00:00:00.000Z,12,12,12,0,100.00,0.0,0.83,3.21,4,4,0,0.00
10456,2026-03-01T00:00:00.000Z,7,7,7,0,100.00,0.0,0.46,3.00,5,5,0,0.00
10456,2026-04-01T00:00:00.000Z,7,7,7,0,100.00,1.75,2.04,7.33,3,3,0,0.00
10456,2026-05-01T00:00:00.000Z,13,13,13,0,100.00,4.71,7.67,13.75,8,8,0,0.00
10456,2026-06-01T00:00:00.000Z,8,8,8,0,100.00,9.52,10.63,22.04,5,5,0,0.00
10456,2026-07-01T00:00:00.000Z,9,9,9,0,100.00,9.42,9.73,19.38,6,6,0,0.00
10456,2026-08-01T00:00:00.000Z,14,7,7,0,100.00,8.79,9.61,17.17,11,11,0,0.00
10456,2026-09-01T00:00:00.000Z,4,0,0,0,null,null,null,null,null,null,null,null
10457,2025-01-01T00:00:00.000Z,11,11,11,0,100.00,0.0,0.23,0.54,15,13,1,6.67
10457,2025-02-01T00:00:00.000Z,6,6,6,0,100.00,0.0,0.00,0.00,3,3,0,0.00
10457,2025-03-01T00:00:00.000Z,12,12,12,0,100.00,0.0,0.09,0.46,9,9,0,0.00
10457,2025-04-01T00:00:00.000Z,13,13,13,0,100.00,0.0,0.35,1.50,7,7,0,0.00
10457,2025-05-01T00:00:00.000Z,14,14,14,0,100.00,0.0,0.00,0.00,7,7,0,0.00
10457,2025-06-01T00:00:00.000Z,14,14,14,0,100.00,0.0,0.30,0.92,1,1,0,0.00
10457,2025-07-01T00:00:00.000Z,9,9,9,0,100.00,0.0,0.00,0.00,4,4,1,25.00
10457,2025-08-01T00:00:00.000Z,16,16,16,0,100.00,0.0,0.17,0.25,4,4,0,0.00
10457,2025-09-01T00:00:00.000Z,18,18,18,0,100.00,0.0,0.34,2.04,4,4,1,25.00
10457,2025-10-01T00:00:00.000Z,8,8,8,0,100.00,0.0,0.00,0.00,7,7,0,0.00
10457,2025-11-01T00:00:00.000Z,6,6,6,0,100.00,0.0,0.00,0.00,6,6,0,0.00
10457,2025-12-01T00:00:00.000Z,2,2,2,0,100.00,0.0,0.00,0.00,5,5,0,0.00
10457,2026-01-01T00:00:00.000Z,4,4,4,0,100.00,0.0,0.14,0.54,7,7,1,14.29
10457,2026-02-01T00:00:00.000Z,11,11,10,1,90.91,0.0,6.77,0.00,6,6,1,16.67
10457,2026-03-01T00:00:00.000Z,14,14,14,0,100.00,0.0,0.01,0.00,9,8,0,0.00
10457,2026-04-01T00:00:00.000Z,10,10,9,1,90.00,3.21,7.81,21.17,8,8,0,0.00
10457,2026-05-01T00:00:00.000Z,10,10,9,1,90.00,8.71,12.59,22.21,9,9,1,11.11
10457,2026-06-01T00:00:00.000Z,8,8,8,0,100.00,13.85,12.46,24.46,5,5,0,0.00
10457,2026-07-01T00:00:00.000Z,17,17,17,0,100.00,9.17,9.78,17.71,11,11,0,0.00
10457,2026-08-01T00:00:00.000Z,9,5,5,0,100.00,5.25,5.57,7.21,12,12,1,8.33
10457,2026-09-01T00:00:00.000Z,8,0,0,0,null,null,null,null,3,3,0,0.00
10458,2025-01-01T00:00:00.000Z,15,15,15,0,100.00,0.0,0.47,2.08,10,10,4,40.00
10458,2025-02-01T00:00:00.000Z,12,12,12,0,100.00,0.0,0.26,0.92,53,53,6,11.32
10458,2025-03-01T00:00:00.000Z,13,13,13,0,100.00,0.0,0.61,2.88,24,22,5,20.83
10458,2025-04-01T00:00:00.000Z,18,18,18,0,100.00,0.0,0.56,2.08,19,19,2,10.53
10458,2025-05-01T00:00:00.000Z,20,20,20,0,100.00,0.0,0.15,0.00,17,14,3,17.65
10458,2025-06-01T00:00:00.000Z,25,25,25,0,100.00,0.0,0.43,1.58,8,8,1,12.50
10458,2025-07-01T00:00:00.000Z,29,29,29,0,100.00,0.0,0.71,3.42,14,14,0,0.00
10458,2025-08-01T00:00:00.000Z,23,23,23,0,100.00,0.25,0.81,2.08,18,17,2,11.11
10458,2025-09-01T00:00:00.000Z,14,14,14,0,100.00,0.0,1.07,5.00,25,25,0,0.00
10458,2025-10-01T00:00:00.000Z,10,10,9,1,90.00,0.0,0.54,4.08,9,9,0,0.00
10458,2025-11-01T00:00:00.000Z,8,8,8,0,100.00,0.0,0.99,6.04,11,11,0,0.00
10458,2025-12-01T00:00:00.000Z,8,8,8,0,100.00,0.0,0.36,2.04,25,25,0,0.00
10458,2026-01-01T00:00:00.000Z,3,3,3,0,100.00,0.0,0.00,0.00,7,7,1,14.29
10458,2026-02-01T00:00:00.000Z,8,8,8,0,100.00,0.0,0.22,1.75,15,14,3,20.00
10458,2026-03-01T00:00:00.000Z,8,8,7,1,87.50,0.0,6.19,48.88,11,11,2,18.18
10458,2026-04-01T00:00:00.000Z,11,11,11,0,100.00,0.0,6.89,17.88,18,17,2,11.11
10458,2026-05-01T00:00:00.000Z,16,16,16,0,100.00,7.73,11.07,22.88,14,14,1,7.14
10458,2026-06-01T00:00:00.000Z,15,15,15,0,100.00,10.29,11.66,19.92,10,10,0,0.00
10458,2026-07-01T00:00:00.000Z,7,7,7,0,100.00,16.29,15.10,24.25,26,25,3,11.54
10458,2026-08-01T00:00:00.000Z,13,8,7,1,87.50,8.29,9.48,16.04,24,24,1,4.17
10458,2026-09-01T00:00:00.000Z,11,0,0,0,null,null,null,null,26,24,0,0.00
10459,2025-01-01T00:00:00.000Z,18,18,18,0,100.00,0.0,0.72,4.67,5,5,1,20.00
10459,2025-02-01T00:00:00.000Z,4,4,4,0,100.00,1.33,1.49,3.29,4,4,0,0.00
10459,2025-03-01T00:00:00.000Z,10,10,10,0,100.00,0.0,0.63,3.04,4,4,1,25.00
10459,2025-04-01T00:00:00.000Z,8,8,8,0,100.00,0.0,1.18,4.54,11,11,0,0.00
10459,2025-05-01T00:00:00.000Z,8,8,8,0,100.00,0.0,0.17,0.79,9,9,1,11.11
10459,2025-06-01T00:00:00.000Z,13,13,13,0,100.00,0.0,0.72,2.29,1,1,0,0.00
10459,2025-07-01T00:00:00.000Z,11,11,11,0,100.00,0.0,0.58,0.00,10,10,1,10.00
10459,2025-08-01T00:00:00.000Z,12,12,12,0,100.00,0.0,1.07,4.00,2,2,0,0.00
10459,2025-09-01T00:00:00.000Z,7,7,7,0,100.00,0.0,0.36,2.00,6,6,1,16.67
10459,2025-10-01T00:00:00.000Z,9,9,9,0,100.00,0.0,4.54,14.92,6,6,0,0.00
10459,2025-11-01T00:00:00.000Z,11,11,11,0,100.00,0.0,0.44,1.96,7,7,0,0.00
10459,2025-12-01T00:00:00.000Z,4,4,4,0,100.00,0.0,0.00,0.00,4,4,0,0.00
10459,2026-01-01T00:00:00.000Z,7,7,7,0,100.00,0.0,0.14,1.00,10,10,0,0.00
10459,2026-02-01T00:00:00.000Z,1,1,1,0,100.00,0.0,0.00,0.00,9,9,1,11.11
10459,2026-03-01T00:00:00.000Z,6,6,6,0,100.00,0.0,0.69,4.13,6,6,0,0.00
10459,2026-04-01T00:00:00.000Z,8,8,8,0,100.00,0.0,3.26,12.42,13,12,0,0.00
10459,2026-05-01T00:00:00.000Z,10,10,10,0,100.00,14.75,13.15,16.08,11,11,1,9.09
10459,2026-06-01T00:00:00.000Z,4,4,4,0,100.00,7.52,7.55,9.08,4,4,2,50.00
10459,2026-07-01T00:00:00.000Z,11,11,11,0,100.00,6.38,7.50,12.33,8,8,0,0.00
10459,2026-08-01T00:00:00.000Z,12,10,10,0,100.00,6.46,7.07,12.29,5,5,0,0.00
10459,2026-09-01T00:00:00.000Z,6,0,0,0,null,null,null,null,null,null,null,null
10460,2025-01-01T00:00:00.000Z,10,10,10,0,100.00,0.0,0.42,0.04,3,3,2,66.67
10460,2025-02-01T00:00:00.000Z,12,12,12,0,100.00,1.15,1.36,3.50,3,3,0,0.00
10460,2025-03-01T00:00:00.000Z,21,21,21,0,100.00,0.0,0.84,2.88,1,1,1,100.00
10460,2025-04-01T00:00:00.000Z,18,18,18,0,100.00,0.0,0.24,0.96,7,7,1,14.29
10460,2025-05-01T00:00:00.000Z,16,16,16,0,100.00,0.0,0.70,2.92,4,4,0,0.00
10460,2025-06-01T00:00:00.000Z,16,16,16,0,100.00,0.0,0.02,0.00,3,3,0,0.00
10460,2025-07-01T00:00:00.000Z,13,13,13,0,100.00,0.0,0.12,0.13,4,4,0,0.00
10460,2025-08-01T00:00:00.000Z,23,23,23,0,100.00,0.0,0.42,1.67,null,null,null,null
10460,2025-09-01T00:00:00.000Z,9,9,9,0,100.00,0.0,0.00,0.04,5,5,0,0.00
10460,2025-10-01T00:00:00.000Z,11,11,11,0,100.00,0.0,0.55,0.00,10,10,1,10.00
10460,2025-11-01T00:00:00.000Z,7,7,7,0,100.00,0.0,0.00,0.00,1,1,0,0.00
10460,2025-12-01T00:00:00.000Z,6,6,6,0,100.00,0.0,0.00,0.00,13,13,0,0.00
10460,2026-01-01T00:00:00.000Z,4,4,4,0,100.00,0.0,0.00,0.00,4,4,0,0.00
10460,2026-02-01T00:00:00.000Z,2,2,2,0,100.00,0.0,0.00,0.00,5,5,0,0.00
10460,2026-03-01T00:00:00.000Z,6,6,6,0,100.00,0.0,0.00,0.00,3,3,0,0.00
10460,2026-04-01T00:00:00.000Z,5,5,5,0,100.00,7.04,5.99,14.88,7,7,2,28.57
10460,2026-05-01T00:00:00.000Z,5,5,5,0,100.00,16.17,13.62,21.21,12,11,1,8.33
10460,2026-06-01T00:00:00.000Z,11,11,11,0,100.00,14.08,13.87,25.04,6,6,0,0.00
10460,2026-07-01T00:00:00.000Z,15,15,14,1,93.33,13.1,10.15,16.21,5,5,0,0.00
10460,2026-08-01T00:00:00.000Z,5,0,0,0,null,null,null,null,4,4,0,0.00
10460,2026-09-01T00:00:00.000Z,12,0,0,0,null,null,null,null,null,null,null,null
10461,2025-01-01T00:00:00.000Z,4,4,4,0,100.00,0.0,0.31,1.25,18,18,0,0.00
10461,2025-02-01T00:00:00.000Z,9,9,9,0,100.00,0.0,0.09,0.79,17,17,0,0.00
10461,2025-03-01T00:00:00.000Z,3,3,3,0,100.00,0.0,0.00,0.00,14,13,1,7.14
10461,2025-04-01T00:00:00.000Z,9,9,9,0,100.00,0.0,0.00,0.00,13,13,0,0.00
10461,2025-05-01T00:00:00.000Z,10,10,10,0,100.00,0.0,1.24,3.42,17,17,1,5.88
10461,2025-06-01T00:00:00.000Z,9,9,9,0,100.00,0.0,0.66,2.21,8,8,0,0.00
10461,2025-07-01T00:00:00.000Z,11,11,11,0,100.00,0.0,0.97,3.04,21,21,0,0.00
10461,2025-08-01T00:00:00.000Z,6,6,6,0,100.00,0.0,0.00,0.00,14,14,0,0.00
10461,2025-09-01T00:00:00.000Z,8,8,8,0,100.00,0.0,0.02,0.13,10,10,0,0.00
10461,2025-10-01T00:00:00.000Z,6,6,6,0,100.00,7.92,6.94,14.46,7,7,1,14.29
10461,2025-11-01T00:00:00.000Z,null,null,null,null,null,null,null,null,14,13,1,7.14
10461,2025-12-01T00:00:00.000Z,null,null,null,null,null,null,null,null,17,16,1,5.88
10461,2026-01-01T00:00:00.000Z,3,3,3,0,100.00,0.0,0.00,0.00,10,10,0,0.00
10461,2026-02-01T00:00:00.000Z,null,null,null,null,null,null,null,null,6,6,0,0.00
10461,2026-03-01T00:00:00.000Z,2,2,2,0,100.00,3.77,3.77,7.54,11,11,1,9.09
10461,2026-04-01T00:00:00.000Z,9,9,9,0,100.00,6.5,5.87,15.33,15,14,0,0.00
10461,2026-05-01T00:00:00.000Z,14,14,14,0,100.00,7.52,7.43,13.33,10,10,0,0.00
10461,2026-06-01T00:00:00.000Z,1,1,1,0,100.00,6.5,6.50,6.50,19,18,1,5.26
10461,2026-07-01T00:00:00.000Z,6,6,6,0,100.00,6.67,7.42,13.08,19,19,1,5.26
10461,2026-08-01T00:00:00.000Z,7,5,5,0,100.00,9.17,7.48,11.17,19,18,1,5.26
10461,2026-09-01T00:00:00.000Z,4,0,0,0,null,null,null,null,8,8,0,0.00
10462,2025-01-01T00:00:00.000Z,15,15,15,0,100.00,0.0,0.46,1.08,22,22,1,4.55
10462,2025-02-01T00:00:00.000Z,15,15,15,0,100.00,0.0,0.75,2.79,8,8,0,0.00
10462,2025-03-01T00:00:00.000Z,9,9,9,0,100.00,0.0,0.52,4.63,7,7,1,14.29
10462,2025-04-01T00:00:00.000Z,22,22,22,0,100.00,0.0,0.26,0.58,7,7,1,14.29
10462,2025-05-01T00:00:00.000Z,19,19,19,0,100.00,0.0,0.15,0.58,17,17,1,5.88
10462,2025-06-01T00:00:00.000Z,19,19,19,0,100.00,0.0,0.38,1.50,10,9,0,0.00
10462,2025-07-01T00:00:00.000Z,15,15,15,0,100.00,0.0,0.84,5.29,13,13,0,0.00
10462,2025-08-01T00:00:00.000Z,22,22,22,0,100.00,0.0,0.69,2.63,3,3,0,0.00
10462,2025-09-01T00:00:00.000Z,15,15,15,0,100.00,0.0,0.15,0.00,14,14,1,7.14
10462,2025-10-01T00:00:00.000Z,13,13,13,0,100.00,0.0,1.64,5.17,14,14,1,7.14
10462,2025-11-01T00:00:00.000Z,6,6,6,0,100.00,0.0,0.23,1.38,13,13,2,15.38
10462,2025-12-01T00:00:00.000Z,5,5,5,0,100.00,0.0,0.00,0.00,20,20,1,5.00
10462,2026-01-01T00:00:00.000Z,8,8,8,0,100.00,0.0,0.99,7.92,9,8,1,11.11
10462,2026-02-01T00:00:00.000Z,3,3,3,0,100.00,0.0,0.00,0.00,20,20,1,5.00
10462,2026-03-01T00:00:00.000Z,10,10,9,1,90.00,0.0,4.70,2.83,12,12,0,0.00
10462,2026-04-01T00:00:00.000Z,14,14,14,0,100.00,2.0,4.36,10.42,23,21,3,13.04
10462,2026-05-01T00:00:00.000Z,12,12,12,0,100.00,8.52,9.74,15.88,14,14,1,7.14
10462,2026-06-01T00:00:00.000Z,11,11,11,0,100.00,8.25,8.75,12.96,14,12,0,0.00
10462,2026-07-01T00:00:00.000Z,20,20,20,0,100.00,5.79,7.67,16.00,11,11,0,0.00
10462,2026-08-01T00:00:00.000Z,15,8,8,0,100.00,8.63,7.23,10.25,22,22,1,4.55
10462,2026-09-01T00:00:00.000Z,7,0,0,0,null,null,null,null,9,9,0,0.00
10463,2025-01-01T00:00:00.000Z,7,7,7,0,100.00,0.96,1.43,4.33,18,18,1,5.56
10463,2025-02-01T00:00:00.000Z,16,16,16,0,100.00,0.0,0.45,1.25,3,3,0,0.00
10463,2025-03-01T00:00:00.000Z,10,10,10,0,100.00,0.0,0.13,0.13,5,5,1,20.00
10463,2025-04-01T00:00:00.000Z,15,15,15,0,100.00,0.0,0.22,0.00,8,8,0,0.00
10463,2025-05-01T00:00:00.000Z,17,17,17,0,100.00,0.0,0.60,3.79,15,15,0,0.00
10463,2025-06-01T00:00:00.000Z,16,16,16,0,100.00,0.0,0.45,1.75,4,4,0,0.00
10463,2025-07-01T00:00:00.000Z,39,39,39,0,100.00,0.0,0.63,3.04,11,11,0,0.00
10463,2025-08-01T00:00:00.000Z,20,20,19,1,95.00,0.0,0.19,1.13,9,9,0,0.00
10463,2025-09-01T00:00:00.000Z,22,22,22,0,100.00,0.0,0.39,1.04,11,11,0,0.00
10463,2025-10-01T00:00:00.000Z,15,15,15,0,100.00,0.0,2.86,12.50,11,11,0,0.00
10463,2025-11-01T00:00:00.000Z,12,12,12,0,100.00,0.0,0.41,0.00,11,11,0,0.00
10463,2025-12-01T00:00:00.000Z,6,6,6,0,100.00,0.0,0.40,2.38,18,18,1,5.56
10463,2026-01-01T00:00:00.000Z,7,7,7,0,100.00,0.0,2.80,9.71,10,9,0,0.00
10463,2026-02-01T00:00:00.000Z,5,5,5,0,100.00,0.0,0.46,1.17,5,5,0,0.00
10463,2026-03-01T00:00:00.000Z,9,9,9,0,100.00,0.0,0.62,4.46,14,14,0,0.00
10463,2026-04-01T00:00:00.000Z,11,11,10,1,90.91,2.25,9.00,19.92,6,6,0,0.00
10463,2026-05-01T00:00:00.000Z,33,33,30,3,90.91,16.04,16.22,29.96,10,10,1,10.00
10463,2026-06-01T00:00:00.000Z,30,30,25,5,83.33,6.88,9.55,24.21,9,9,0,0.00
10463,2026-07-01T00:00:00.000Z,27,27,24,3,88.89,8.77,12.57,24.38,13,13,0,0.00
10463,2026-08-01T00:00:00.000Z,18,10,10,0,100.00,8.31,8.78,13.79,22,22,1,4.55
10463,2026-09-01T00:00:00.000Z,9,0,0,0,null,null,null,null,1,1,0,0.00
10464,2025-03-01T00:00:00.000Z,null,null,null,null,null,null,null,null,2,2,0,0.00
10464,2025-06-01T00:00:00.000Z,1,1,1,0,100.00,0.0,0.00,0.00,8,8,0,0.00
10464,2025-07-01T00:00:00.000Z,null,null,null,null,null,null,null,null,3,3,0,0.00
10464,2025-08-01T00:00:00.000Z,null,null,null,null,null,null,null,null,2,1,0,0.00
10464,2025-10-01T00:00:00.000Z,null,null,null,null,null,null,null,null,4,4,0,0.00
10464,2025-11-01T00:00:00.000Z,null,null,null,null,null,null,null,null,3,3,0,0.00
10464,2025-12-01T00:00:00.000Z,null,null,null,null,null,null,null,null,5,5,1,20.00
10464,2026-03-01T00:00:00.000Z,null,null,null,null,null,null,null,null,4,4,0,0.00
10464,2026-06-01T00:00:00.000Z,null,null,null,null,null,null,null,null,4,4,0,0.00
10464,2026-07-01T00:00:00.000Z,null,null,null,null,null,null,null,null,1,1,0,0.00
10464,2026-08-01T00:00:00.000Z,null,null,null,null,null,null,null,null,4,4,0,0.00
10465,2025-01-01T00:00:00.000Z,3,3,3,0,100.00,0.0,0.93,2.79,10,10,0,0.00
10465,2025-02-01T00:00:00.000Z,2,2,2,0,100.00,0.0,0.00,0.00,3,3,0,0.00
10465,2025-03-01T00:00:00.000Z,2,2,2,0,100.00,2.15,2.15,4.29,10,10,0,0.00
10465,2025-04-01T00:00:00.000Z,3,3,3,0,100.00,0.0,0.00,0.00,6,6,0,0.00
10465,2025-05-01T00:00:00.000Z,1,1,1,0,100.00,0.0,0.00,0.00,3,3,0,0.00
10465,2025-06-01T00:00:00.000Z,5,5,5,0,100.00,0.0,0.81,4.04,5,5,0,0.00
10465,2025-07-01T00:00:00.000Z,6,6,6,0,100.00,0.0,0.20,0.96,7,7,0,0.00
10465,2025-08-01T00:00:00.000Z,9,9,9,0,100.00,0.0,0.20,0.83,3,3,0,0.00
10465,2025-09-01T00:00:00.000Z,6,6,6,0,100.00,0.0,0.44,2.67,5,5,0,0.00
10465,2025-10-01T00:00:00.000Z,4,4,4,0,100.00,0.0,0.00,0.00,10,10,0,0.00
10465,2025-11-01T00:00:00.000Z,1,1,1,0,100.00,0.0,0.00,0.00,3,3,0,0.00
10465,2025-12-01T00:00:00.000Z,2,2,2,0,100.00,0.85,0.85,1.71,10,10,0,0.00
10465,2026-01-01T00:00:00.000Z,null,null,null,null,null,null,null,null,5,5,0,0.00
10465,2026-02-01T00:00:00.000Z,null,null,null,null,null,null,null,null,2,2,0,0.00
10465,2026-03-01T00:00:00.000Z,2,2,2,0,100.00,0.0,0.00,0.00,5,5,0,0.00
10465,2026-04-01T00:00:00.000Z,2,2,2,0,100.00,8.94,8.94,10.04,5,5,0,0.00
10465,2026-05-01T00:00:00.000Z,4,4,4,0,100.00,7.56,7.55,10.13,10,10,0,0.00
10465,2026-06-01T00:00:00.000Z,1,1,1,0,100.00,5.92,5.92,5.92,9,9,0,0.00
10465,2026-07-01T00:00:00.000Z,2,2,2,0,100.00,4.46,4.46,5.88,8,8,0,0.00
10465,2026-08-01T00:00:00.000Z,6,3,3,0,100.00,6.13,8.10,12.17,4,4,0,0.00
10465,2026-09-01T00:00:00.000Z,1,0,0,0,null,null,null,null,3,3,0,0.00
10466,2025-01-01T00:00:00.000Z,9,9,9,0,100.00,0.0,0.65,5.63,6,6,1,16.67
10466,2025-02-01T00:00:00.000Z,5,5,5,0,100.00,0.0,0.55,1.58,10,10,1,10.00
10466,2025-03-01T00:00:00.000Z,3,3,3,0,100.00,0.0,0.33,1.00,2,2,0,0.00
10466,2025-04-01T00:00:00.000Z,7,7,7,0,100.00,0.0,0.41,2.88,12,9,4,33.33
10466,2025-05-01T00:00:00.000Z,10,10,10,0,100.00,0.0,0.48,0.88,9,9,2,22.22
10466,2025-06-01T00:00:00.000Z,13,13,13,0,100.00,0.67,1.17,2.96,3,3,0,0.00
10466,2025-07-01T00:00:00.000Z,14,14,14,0,100.00,0.0,0.91,5.13,6,5,0,0.00
10466,2025-08-01T00:00:00.000Z,10,10,10,0,100.00,0.0,0.43,1.58,3,3,0,0.00
10466,2025-09-01T00:00:00.000Z,9,9,9,0,100.00,0.0,0.35,2.04,8,8,0,0.00
10466,2025-10-01T00:00:00.000Z,8,8,8,0,100.00,0.0,0.00,0.00,16,15,1,6.25
10466,2025-11-01T00:00:00.000Z,6,6,6,0,100.00,0.0,0.86,5.17,9,9,0,0.00
10466,2025-12-01T00:00:00.000Z,3,3,3,0,100.00,0.08,0.17,0.42,10,9,0,0.00
10466,2026-01-01T00:00:00.000Z,17,17,17,0,100.00,0.5,1.85,4.75,9,9,0,0.00
10466,2026-02-01T00:00:00.000Z,6,6,6,0,100.00,0.56,2.09,6.75,4,4,0,0.00
10466,2026-03-01T00:00:00.000Z,9,9,9,0,100.00,0.58,0.97,3.08,5,5,0,0.00
10466,2026-04-01T00:00:00.000Z,9,9,9,0,100.00,1.71,5.87,14.96,8,8,0,0.00
10466,2026-05-01T00:00:00.000Z,9,9,9,0,100.00,7.13,8.06,14.08,4,4,1,25.00
10466,2026-06-01T00:00:00.000Z,5,5,5,0,100.00,9.17,8.98,11.96,12,10,0,0.00
10466,2026-07-01T00:00:00.000Z,12,12,12,0,100.00,7.9,7.93,12.54,11,11,1,9.09
10466,2026-08-01T00:00:00.000Z,10,7,7,0,100.00,9.25,9.39,11.33,8,7,0,0.00
10466,2026-09-01T00:00:00.000Z,6,0,0,0,null,null,null,null,3,3,1,33.33
10467,2025-01-01T00:00:00.000Z,21,21,21,0,100.00,0.0,0.84,3.13,18,18,4,22.22
10467,2025-02-01T00:00:00.000Z,15,15,15,0,100.00,0.0,1.45,4.83,13,13,1,7.69
10467,2025-03-01T00:00:00.000Z,36,36,36,0,100.00,0.0,0.35,1.88,19,17,2,10.53
10467,2025-04-01T00:00:00.000Z,23,23,23,0,100.00,0.0,0.26,0.08,14,13,1,7.14
10467,2025-05-01T00:00:00.000Z,29,29,29,0,100.00,0.0,0.19,0.75,21,20,4,19.05
10467,2025-06-01T00:00:00.000Z,24,24,24,0,100.00,0.0,0.50,2.00,10,9,0,0.00
10467,2025-07-01T00:00:00.000Z,23,23,23,0,100.00,0.0,0.80,4.08,12,11,0,0.00
10467,2025-08-01T00:00:00.000Z,38,38,38,0,100.00,0.0,0.18,1.21,18,18,0,0.00
10467,2025-09-01T00:00:00.000Z,31,31,31,0,100.00,0.0,0.03,0.00,23,22,1,4.35
10467,2025-10-01T00:00:00.000Z,26,26,26,0,100.00,0.0,1.51,7.54,24,24,2,8.33
10467,2025-11-01T00:00:00.000Z,19,19,19,0,100.00,0.0,0.60,1.71,9,9,0,0.00
10467,2025-12-01T00:00:00.000Z,11,11,11,0,100.00,0.0,0.62,0.00,16,16,3,18.75
10467,2026-01-01T00:00:00.000Z,15,15,15,0,100.00,0.0,0.31,0.83,11,11,2,18.18
10467,2026-02-01T00:00:00.000Z,11,11,11,0,100.00,0.0,2.05,2.88,2,2,1,50.00
10467,2026-03-01T00:00:00.000Z,10,10,10,0,100.00,0.0,1.08,3.04,11,11,0,0.00
10467,2026-04-01T00:00:00.000Z,23,23,21,2,91.30,7.17,8.56,24.33,10,10,1,10.00
10467,2026-05-01T00:00:00.000Z,13,13,13,0,100.00,10.21,9.88,16.04,9,9,1,11.11
10467,2026-06-01T00:00:00.000Z,23,23,22,1,95.65,6.46,9.28,15.25,5,5,0,0.00
10467,2026-07-01T00:00:00.000Z,13,13,13,0,100.00,10.46,12.29,21.42,16,16,2,12.50
10467,2026-08-01T00:00:00.000Z,33,23,22,1,95.65,9.46,9.82,14.13,12,12,0,0.00
10467,2026-09-01T00:00:00.000Z,15,0,0,0,null,null,null,null,9,9,0,0.00
10468,2025-01-01T00:00:00.000Z,11,11,11,0,100.00,0.0,0.35,1.21,11,10,1,9.09
10468,2025-02-01T00:00:00.000Z,19,19,19,0,100.00,0.0,0.11,0.54,6,6,1,16.67
10468,2025-03-01T00:00:00.000Z,19,19,19,0,100.00,0.08,0.63,2.29,12,12,1,8.33
10468,2025-04-01T00:00:00.000Z,23,23,23,0,100.00,0.0,0.21,0.67,11,11,2,18.18
10468,2025-05-01T00:00:00.000Z,10,10,10,0,100.00,0.1,1.11,4.17,8,8,0,0.00
10468,2025-06-01T00:00:00.000Z,21,21,21,0,100.00,0.46,0.64,1.42,5,5,1,20.00
10468,2025-07-01T00:00:00.000Z,22,22,22,0,100.00,0.19,0.44,1.04,8,7,1,12.50
10468,2025-08-01T00:00:00.000Z,27,27,27,0,100.00,0.38,0.88,2.96,3,3,0,0.00
10468,2025-09-01T00:00:00.000Z,7,7,7,0,100.00,0.17,1.13,5.63,15,15,0,0.00
10468,2025-10-01T00:00:00.000Z,8,8,8,0,100.00,0.0,0.07,0.58,10,10,0,0.00
10468,2025-11-01T00:00:00.000Z,8,8,8,0,100.00,0.0,0.00,0.00,10,8,0,0.00
10468,2025-12-01T00:00:00.000Z,9,9,9,0,100.00,0.0,0.18,1.25,11,11,0,0.00
10468,2026-01-01T00:00:00.000Z,5,5,5,0,100.00,0.0,0.00,0.00,4,4,0,0.00
10468,2026-02-01T00:00:00.000Z,5,5,5,0,100.00,0.0,0.00,0.00,8,8,0,0.00
10468,2026-03-01T00:00:00.000Z,9,9,9,0,100.00,0.0,3.94,30.38,12,12,1,8.33
10468,2026-04-01T00:00:00.000Z,11,11,11,0,100.00,2.96,5.72,11.04,9,9,0,0.00
10468,2026-05-01T00:00:00.000Z,23,23,23,0,100.00,5.38,8.75,19.21,12,11,2,16.67
10468,2026-06-01T00:00:00.000Z,16,16,16,0,100.00,10.06,11.67,20.42,8,8,1,12.50
10468,2026-07-01T00:00:00.000Z,16,16,15,1,93.75,13.77,14.76,27.08,14,14,0,0.00
10468,2026-08-01T00:00:00.000Z,10,4,4,0,100.00,6.9,9.67,19.92,7,7,0,0.00
10468,2026-09-01T00:00:00.000Z,8,0,0,0,null,null,null,null,6,6,0,0.00
10469,2025-01-01T00:00:00.000Z,3,3,3,0,100.00,0.0,2.08,6.25,10,9,1,10.00
10469,2025-02-01T00:00:00.000Z,5,5,5,0,100.00,0.0,0.28,1.00,6,6,0,0.00
10469,2025-03-01T00:00:00.000Z,10,10,10,0,100.00,0.0,0.29,0.00,8,8,2,25.00
10469,2025-04-01T00:00:00.000Z,10,10,10,0,100.00,0.0,0.09,0.00,11,11,1,9.09
10469,2025-05-01T00:00:00.000Z,10,10,10,0,100.00,0.0,0.40,1.67,9,9,1,11.11
10469,2025-06-01T00:00:00.000Z,13,13,13,0,100.00,0.0,0.19,0.63,6,6,0,0.00
10469,2025-07-01T00:00:00.000Z,8,8,8,0,100.00,0.0,0.36,1.63,9,9,1,11.11
10469,2025-08-01T00:00:00.000Z,16,16,16,0,100.00,0.0,0.97,4.96,7,6,2,28.57
10469,2025-09-01T00:00:00.000Z,9,9,9,0,100.00,0.92,1.80,7.83,10,10,0,0.00
10469,2025-10-01T00:00:00.000Z,4,4,4,0,100.00,0.0,0.00,0.00,6,6,0,0.00
10469,2025-11-01T00:00:00.000Z,9,9,9,0,100.00,0.0,0.00,0.00,9,9,0,0.00
10469,2025-12-01T00:00:00.000Z,2,2,2,0,100.00,1.33,1.33,2.67,8,8,0,0.00
10469,2026-01-01T00:00:00.000Z,7,7,7,0,100.00,0.0,1.00,5.21,7,7,0,0.00
10469,2026-02-01T00:00:00.000Z,4,4,4,0,100.00,0.06,0.94,3.63,8,8,1,12.50
10469,2026-03-01T00:00:00.000Z,5,5,5,0,100.00,0.0,0.80,4.00,8,8,0,0.00
10469,2026-04-01T00:00:00.000Z,4,4,4,0,100.00,4.94,5.19,10.88,8,8,0,0.00
10469,2026-05-01T00:00:00.000Z,7,7,7,0,100.00,10.08,7.80,14.13,9,9,0,0.00
10469,2026-06-01T00:00:00.000Z,4,4,4,0,100.00,8.94,8.97,11.17,14,13,0,0.00
10469,2026-07-01T00:00:00.000Z,11,11,11,0,100.00,11.29,9.52,15.08,8,6,0,0.00
10469,2026-08-01T00:00:00.000Z,11,9,9,0,100.00,11.29,9.51,13.42,5,5,0,0.00
10469,2026-09-01T00:00:00.000Z,6,0,0,0,null,null,null,null,9,9,0,0.00
10470,2025-01-01T00:00:00.000Z,2,2,2,0,100.00,0.46,0.46,0.92,7,6,0,0.00
10470,2025-02-01T00:00:00.000Z,1,1,1,0,100.00,0.0,0.00,0.00,6,6,0,0.00
10470,2025-03-01T00:00:00.000Z,5,5,5,0,100.00,0.0,0.00,0.00,5,5,0,0.00
10470,2025-04-01T00:00:00.000Z,null,null,null,null,null,null,null,null,8,7,1,12.50
10470,2025-05-01T00:00:00.000Z,3,3,3,0,100.00,0.0,0.00,0.00,2,2,0,0.00
10470,2025-06-01T00:00:00.000Z,7,7,7,0,100.00,0.0,0.20,0.71,4,4,1,25.00
10470,2025-07-01T00:00:00.000Z,3,3,3,0,100.00,0.0,0.08,0.25,null,null,null,null
10470,2025-08-01T00:00:00.000Z,6,6,6,0,100.00,0.0,0.00,0.00,5,5,0,0.00
10470,2025-09-01T00:00:00.000Z,3,3,3,0,100.00,0.0,0.15,0.46,6,6,1,16.67
10470,2025-10-01T00:00:00.000Z,1,1,1,0,100.00,0.0,0.00,0.00,2,2,0,0.00
10470,2025-11-01T00:00:00.000Z,4,4,4,0,100.00,0.0,0.00,0.00,1,1,0,0.00
10470,2025-12-01T00:00:00.000Z,1,1,1,0,100.00,0.0,0.00,0.00,3,3,1,33.33
10470,2026-01-01T00:00:00.000Z,null,null,null,null,null,null,null,null,3,3,0,0.00
10470,2026-02-01T00:00:00.000Z,null,null,null,null,null,null,null,null,3,3,0,0.00
10470,2026-03-01T00:00:00.000Z,5,5,5,0,100.00,0.0,0.00,0.00,5,5,0,0.00
10470,2026-04-01T00:00:00.000Z,null,null,null,null,null,null,null,null,3,3,0,0.00
10470,2026-05-01T00:00:00.000Z,2,2,2,0,100.00,9.5,9.50,10.21,1,1,0,0.00
10470,2026-06-01T00:00:00.000Z,4,4,4,0,100.00,8.23,8.07,14.13,5,5,0,0.00
10470,2026-07-01T00:00:00.000Z,3,3,3,0,100.00,13.33,13.10,13.92,12,12,0,0.00
10470,2026-08-01T00:00:00.000Z,7,6,6,0,100.00,9.48,9.04,11.17,4,4,1,25.00
10470,2026-09-01T00:00:00.000Z,3,0,0,0,null,null,null,null,null,null,null,null
10471,2025-01-01T00:00:00.000Z,3,3,3,0,100.00,1.71,1.86,2.71,3,3,0,0.00
10471,2025-02-01T00:00:00.000Z,2,2,2,0,100.00,1.52,1.52,3.04,3,3,0,0.00
10471,2025-03-01T00:00:00.000Z,5,5,5,0,100.00,0.0,0.76,3.79,5,5,0,0.00
10471,2025-04-01T00:00:00.000Z,1,1,1,0,100.00,0.0,0.00,0.00,5,5,0,0.00
10471,2025-05-01T00:00:00.000Z,6,6,6,0,100.00,0.0,0.13,0.75,1,1,0,0.00
10471,2025-06-01T00:00:00.000Z,5,5,5,0,100.00,0.0,1.36,6.63,4,4,0,0.00
10471,2025-07-01T00:00:00.000Z,9,9,9,0,100.00,0.0,0.80,6.67,5,5,0,0.00
10471,2025-08-01T00:00:00.000Z,4,4,4,0,100.00,0.25,0.63,2.00,2,1,0,0.00
10471,2025-09-01T00:00:00.000Z,5,5,5,0,100.00,0.0,0.32,1.00,2,2,0,0.00
10471,2025-10-01T00:00:00.000Z,3,3,3,0,100.00,0.0,0.00,0.00,1,1,0,0.00
10471,2025-11-01T00:00:00.000Z,2,2,2,0,100.00,0.0,0.00,0.00,3,3,0,0.00
10471,2025-12-01T00:00:00.000Z,2,2,2,0,100.00,0.0,0.00,0.00,4,4,1,25.00
10471,2026-01-01T00:00:00.000Z,8,8,8,0,100.00,0.0,0.24,1.13,5,5,0,0.00
10471,2026-02-01T00:00:00.000Z,6,6,6,0,100.00,0.0,0.00,0.00,null,null,null,null
10471,2026-03-01T00:00:00.000Z,15,15,12,3,80.00,2.88,13.65,57.88,9,9,0,0.00
10471,2026-04-01T00:00:00.000Z,8,8,8,0,100.00,1.54,10.31,29.71,3,3,0,0.00
10471,2026-05-01T00:00:00.000Z,8,8,8,0,100.00,13.04,13.61,23.96,2,2,0,0.00
10471,2026-06-01T00:00:00.000Z,6,6,4,2,66.67,13.42,21.03,53.13,11,10,0,0.00
10471,2026-07-01T00:00:00.000Z,8,8,8,0,100.00,3.65,5.43,15.08,6,6,0,0.00
10471,2026-08-01T00:00:00.000Z,21,19,19,0,100.00,6.29,6.61,12.96,4,4,0,0.00
10471,2026-09-01T00:00:00.000Z,6,0,0,0,null,null,null,null,2,2,0,0.00
10472,2025-01-01T00:00:00.000Z,9,9,9,0,100.00,0.71,1.09,2.88,14,14,1,7.14
10472,2025-02-01T00:00:00.000Z,4,4,4,0,100.00,0.0,0.00,0.00,10,10,0,0.00
10472,2025-03-01T00:00:00.000Z,20,20,20,0,100.00,0.0,0.61,2.42,9,9,0,0.00
10472,2025-04-01T00:00:00.000Z,10,10,10,0,100.00,0.0,0.72,0.46,9,9,0,0.00
10472,2025-05-01T00:00:00.000Z,12,12,12,0,100.00,0.0,0.50,0.42,8,8,0,0.00
10472,2025-06-01T00:00:00.000Z,24,24,24,0,100.00,0.0,0.73,3.79,2,2,0,0.00
10472,2025-07-01T00:00:00.000Z,17,17,17,0,100.00,0.0,0.35,1.08,14,13,0,0.00
10472,2025-08-01T00:00:00.000Z,8,8,8,0,100.00,0.0,0.48,3.83,6,6,0,0.00
10472,2025-09-01T00:00:00.000Z,10,10,10,0,100.00,0.0,0.35,0.83,11,11,0,0.00
10472,2025-10-01T00:00:00.000Z,5,5,5,0,100.00,0.0,4.97,16.13,7,7,0,0.00
10472,2025-11-01T00:00:00.000Z,7,7,7,0,100.00,0.0,0.32,2.25,10,10,2,20.00
10472,2025-12-01T00:00:00.000Z,8,8,8,0,100.00,0.0,0.31,2.46,13,12,0,0.00
10472,2026-01-01T00:00:00.000Z,11,11,11,0,100.00,0.0,0.80,1.88,2,2,0,0.00
10472,2026-02-01T00:00:00.000Z,5,5,5,0,100.00,0.0,0.00,0.00,10,10,0,0.00
10472,2026-03-01T00:00:00.000Z,12,12,11,1,91.67,0.0,0.02,0.00,7,7,1,14.29
10472,2026-04-01T00:00:00.000Z,7,7,7,0,100.00,0.0,1.05,7.33,14,14,1,7.14
10472,2026-05-01T00:00:00.000Z,12,12,12,0,100.00,7.06,7.48,10.25,13,13,1,7.69
10472,2026-06-01T00:00:00.000Z,11,11,9,2,81.82,5.13,11.13,7.38,7,7,0,0.00
10472,2026-07-01T00:00:00.000Z,9,9,9,0,100.00,8.21,8.85,24.33,10,10,0,0.00
10472,2026-08-01T00:00:00.000Z,10,8,8,0,100.00,9.65,9.99,16.21,16,15,0,0.00
10472,2026-09-01T00:00:00.000Z,7,0,0,0,null,null,null,null,7,7,1,14.29
10473,2025-01-01T00:00:00.000Z,4,4,4,0,100.00,0.0,0.79,3.17,7,6,1,14.29
10473,2025-02-01T00:00:00.000Z,3,3,3,0,100.00,0.0,1.01,3.04,1,1,0,0.00
10473,2025-03-01T00:00:00.000Z,5,5,5,0,100.00,5.08,3.53,6.79,3,3,0,0.00
10473,2025-04-01T00:00:00.000Z,2,2,2,0,100.00,3.46,3.46,6.92,1,1,0,0.00
10473,2025-05-01T00:00:00.000Z,4,4,4,0,100.00,0.0,0.25,1.00,4,4,0,0.00
10473,2025-06-01T00:00:00.000Z,7,7,7,0,100.00,1.17,1.33,3.46,1,1,0,0.00
10473,2025-07-01T00:00:00.000Z,9,9,9,0,100.00,0.04,1.14,6.13,1,1,0,0.00
10473,2025-08-01T00:00:00.000Z,8,8,8,0,100.00,0.0,0.77,5.88,2,2,0,0.00
10473,2025-09-01T00:00:00.000Z,14,14,14,0,100.00,0.0,0.00,0.00,1,1,0,0.00
10473,2025-10-01T00:00:00.000Z,7,7,7,0,100.00,0.0,1.23,5.92,4,4,0,0.00
10473,2025-11-01T00:00:00.000Z,2,2,2,0,100.00,0.0,0.00,0.00,2,2,0,0.00
10473,2025-12-01T00:00:00.000Z,2,2,2,0,100.00,0.0,0.00,0.00,3,3,0,0.00
10473,2026-01-01T00:00:00.000Z,3,3,3,0,100.00,0.0,2.29,6.88,4,4,0,0.00
10473,2026-02-01T00:00:00.000Z,null,null,null,null,null,null,null,null,2,2,0,0.00
10473,2026-03-01T00:00:00.000Z,7,7,7,0,100.00,0.0,0.41,1.17,2,2,0,0.00
10473,2026-04-01T00:00:00.000Z,6,6,6,0,100.00,6.02,6.57,13.96,4,4,0,0.00
10473,2026-05-01T00:00:00.000Z,13,13,13,0,100.00,6.29,6.88,11.75,null,null,null,null
10473,2026-06-01T00:00:00.000Z,7,7,6,1,85.71,4.25,11.65,44.04,1,1,0,0.00
10473,2026-07-01T00:00:00.000Z,4,4,4,0,100.00,8.25,7.86,12.96,5,5,0,0.00
10473,2026-08-01T00:00:00.000Z,9,3,2,1,66.67,4.08,4.08,6.33,1,1,0,0.00
10473,2026-09-01T00:00:00.000Z,2,0,0,0,null,null,null,null,null,null,null,null
10474,2025-01-01T00:00:00.000Z,5,5,5,0,100.00,0.0,0.65,1.71,5,5,0,0.00
10474,2025-02-01T00:00:00.000Z,6,6,6,0,100.00,0.0,0.62,2.33,3,3,0,0.00
10474,2025-03-01T00:00:00.000Z,3,3,3,0,100.00,0.58,2.79,7.79,5,4,0,0.00
10474,2025-04-01T00:00:00.000Z,1,1,1,0,100.00,0.0,0.00,0.00,2,2,0,0.00
10474,2025-05-01T00:00:00.000Z,1,1,1,0,100.00,1.63,1.63,1.63,4,4,2,50.00
10474,2025-06-01T00:00:00.000Z,3,3,3,0,100.00,0.0,0.00,0.00,null,null,null,null
10474,2025-07-01T00:00:00.000Z,3,3,3,0,100.00,0.0,0.36,1.08,2,2,1,50.00
10474,2025-08-01T00:00:00.000Z,7,7,7,0,100.00,0.0,0.54,3.79,5,4,1,20.00
10474,2025-09-01T00:00:00.000Z,4,4,4,0,100.00,0.0,0.22,0.88,3,3,0,0.00
10474,2025-10-01T00:00:00.000Z,5,5,5,0,100.00,0.0,0.62,3.08,5,5,1,20.00
10474,2025-11-01T00:00:00.000Z,null,null,null,null,null,null,null,null,2,2,0,0.00
10474,2025-12-01T00:00:00.000Z,2,2,2,0,100.00,0.0,0.00,0.00,2,2,0,0.00
10474,2026-01-01T00:00:00.000Z,5,5,5,0,100.00,0.0,0.00,0.00,4,4,0,0.00
10474,2026-02-01T00:00:00.000Z,2,2,2,0,100.00,0.96,0.96,1.92,2,2,0,0.00
10474,2026-03-01T00:00:00.000Z,3,3,3,0,100.00,1.25,2.15,5.21,4,4,0,0.00
10474,2026-04-01T00:00:00.000Z,4,4,4,0,100.00,4.06,4.31,9.13,3,3,0,0.00
10474,2026-05-01T00:00:00.000Z,2,2,2,0,100.00,9.48,9.48,15.75,3,3,1,33.33
10474,2026-06-01T00:00:00.000Z,null,null,null,null,null,null,null,null,5,5,0,0.00
10474,2026-07-01T00:00:00.000Z,5,5,5,0,100.00,6.5,8.37,19.96,2,2,0,0.00
10474,2026-08-01T00:00:00.000Z,1,1,1,0,100.00,9.08,9.08,9.08,3,3,0,0.00
10474,2026-09-01T00:00:00.000Z,2,0,0,0,null,null,null,null,null,null,null,null
10475,2025-01-01T00:00:00.000Z,2,2,2,0,100.00,1.48,1.48,2.96,9,8,0,0.00
10475,2025-02-01T00:00:00.000Z,null,null,null,null,null,null,null,null,6,6,0,0.00
10475,2025-03-01T00:00:00.000Z,2,2,2,0,100.00,0.06,0.06,0.13,3,3,0,0.00
10475,2025-04-01T00:00:00.000Z,null,null,null,null,null,null,null,null,6,6,0,0.00
10475,2025-05-01T00:00:00.000Z,null,null,null,null,null,null,null,null,6,6,0,0.00
10475,2025-06-01T00:00:00.000Z,null,null,null,null,null,null,null,null,4,4,0,0.00
10475,2025-07-01T00:00:00.000Z,2,2,2,0,100.00,3.0,3.00,3.04,9,9,0,0.00
10475,2025-08-01T00:00:00.000Z,1,1,1,0,100.00,0.0,0.00,0.00,8,8,0,0.00
10475,2025-09-01T00:00:00.000Z,1,1,1,0,100.00,1.04,1.04,1.04,2,2,0,0.00
10475,2025-10-01T00:00:00.000Z,null,null,null,null,null,null,null,null,5,5,0,0.00
10475,2025-11-01T00:00:00.000Z,null,null,null,null,null,null,null,null,8,8,0,0.00
10475,2025-12-01T00:00:00.000Z,null,null,null,null,null,null,null,null,9,9,0,0.00
10475,2026-01-01T00:00:00.000Z,null,null,null,null,null,null,null,null,5,5,0,0.00
10475,2026-02-01T00:00:00.000Z,null,null,null,null,null,null,null,null,7,7,0,0.00
10475,2026-03-01T00:00:00.000Z,null,null,null,null,null,null,null,null,12,12,0,0.00
10475,2026-04-01T00:00:00.000Z,null,null,null,null,null,null,null,null,4,4,0,0.00
10475,2026-05-01T00:00:00.000Z,2,2,2,0,100.00,8.4,8.40,14.33,3,3,0,0.00
10475,2026-06-01T00:00:00.000Z,1,1,1,0,100.00,12.0,12.00,12.00,null,null,null,null
10475,2026-07-01T00:00:00.000Z,1,1,1,0,100.00,4.33,4.33,4.33,11,9,0,0.00
10475,2026-08-01T00:00:00.000Z,2,1,1,0,100.00,8.54,8.54,8.54,6,6,0,0.00
10475,2026-09-01T00:00:00.000Z,null,null,null,null,null,null,null,null,1,1,0,0.00
10538,2025-05-01T00:00:00.000Z,null,null,null,null,null,null,null,null,1,1,0,0.00
10550,2025-04-01T00:00:00.000Z,null,null,null,null,null,null,null,null,1,1,0,0.00
11001,2025-04-01T00:00:00.000Z,null,null,null,null,null,null,null,null,1,1,0,0.00
11001,2026-04-01T00:00:00.000Z,1,1,1,0,100.00,23.08,23.08,23.08,null,null,null,null
11004,2025-03-01T00:00:00.000Z,5,5,5,0,100.00,0.0,0.18,0.92,2,2,0,0.00
11004,2025-04-01T00:00:00.000Z,1,1,1,0,100.00,1.0,1.00,1.00,2,2,0,0.00
11004,2025-06-01T00:00:00.000Z,null,null,null,null,null,null,null,null,5,4,0,0.00
11004,2025-07-01T00:00:00.000Z,1,1,1,0,100.00,0.0,0.00,0.00,3,3,0,0.00
11004,2025-08-01T00:00:00.000Z,null,null,null,null,null,null,null,null,10,7,0,0.00
11004,2025-11-01T00:00:00.000Z,null,null,null,null,null,null,null,null,2,2,0,0.00
11004,2025-12-01T00:00:00.000Z,null,null,null,null,null,null,null,null,4,4,0,0.00
11004,2026-01-01T00:00:00.000Z,1,1,1,0,100.00,0.0,0.00,0.00,1,1,0,0.00
11004,2026-02-01T00:00:00.000Z,1,1,1,0,100.00,0.0,0.00,0.00,1,1,0,0.00
11004,2026-03-01T00:00:00.000Z,null,null,null,null,null,null,null,null,4,4,0,0.00
11004,2026-04-01T00:00:00.000Z,1,1,1,0,100.00,4.92,4.92,4.92,3,3,0,0.00
11004,2026-05-01T00:00:00.000Z,1,1,0,1,0.00,59.13,59.13,59.13,2,2,0,0.00
11004,2026-06-01T00:00:00.000Z,null,null,null,null,null,null,null,null,4,4,0,0.00
11004,2026-07-01T00:00:00.000Z,null,null,null,null,null,null,null,null,5,5,0,0.00
11004,2026-08-01T00:00:00.000Z,1,1,0,1,0.00,null,null,null,2,2,0,0.00
11004,2026-09-01T00:00:00.000Z,2,0,0,0,null,null,null,null,1,1,0,0.00
11005,2026-03-01T00:00:00.000Z,null,null,null,null,null,null,null,null,1,1,0,0.00
11005,2026-04-01T00:00:00.000Z,null,null,null,null,null,null,null,null,2,2,0,0.00
11040,2025-03-01T00:00:00.000Z,1,1,1,0,100.00,0.0,0.00,0.00,3,3,0,0.00
11040,2025-04-01T00:00:00.000Z,null,null,null,null,null,null,null,null,2,2,0,0.00
11040,2025-05-01T00:00:00.000Z,null,null,null,null,null,null,null,null,3,3,0,0.00
11040,2025-06-01T00:00:00.000Z,2,2,2,0,100.00,0.0,0.00,0.00,null,null,null,null
11040,2025-07-01T00:00:00.000Z,null,null,null,null,null,null,null,null,7,5,0,0.00
11040,2025-09-01T00:00:00.000Z,null,null,null,null,null,null,null,null,1,1,0,0.00
11040,2025-10-01T00:00:00.000Z,null,null,null,null,null,null,null,null,2,1,0,0.00
11040,2026-03-01T00:00:00.000Z,null,null,null,null,null,null,null,null,3,3,0,0.00
11040,2026-04-01T00:00:00.000Z,1,1,1,0,100.00,12.0,12.00,12.00,3,3,0,0.00
11040,2026-07-01T00:00:00.000Z,null,null,null,null,null,null,null,null,1,1,0,0.00
11101,2025-01-01T00:00:00.000Z,5,5,5,0,100.00,0.0,0.33,1.63,37,37,1,2.70
11101,2025-02-01T00:00:00.000Z,8,8,8,0,100.00,0.0,0.00,0.00,32,31,1,3.13
11101,2025-03-01T00:00:00.000Z,16,16,16,0,100.00,0.0,0.99,2.71,33,32,2,6.06
11101,2025-04-01T00:00:00.000Z,8,8,8,0,100.00,0.0,0.00,0.00,34,34,2,5.88
11101,2025-05-01T00:00:00.000Z,12,12,12,0,100.00,0.0,0.92,4.04,33,33,0,0.00
11101,2025-06-01T00:00:00.000Z,17,17,17,0,100.00,0.0,1.69,0.17,17,17,0,0.00
11101,2025-07-01T00:00:00.000Z,9,9,9,0,100.00,0.0,1.13,6.83,31,28,0,0.00
11101,2025-08-01T00:00:00.000Z,22,22,22,0,100.00,0.0,0.92,0.00,33,32,1,3.03
11101,2025-09-01T00:00:00.000Z,7,7,7,0,100.00,0.0,0.08,0.29,14,14,0,0.00
11101,2025-10-01T00:00:00.000Z,17,17,17,0,100.00,0.0,0.75,0.79,28,28,0,0.00
11101,2025-11-01T00:00:00.000Z,2,2,2,0,100.00,0.0,0.00,0.00,22,22,0,0.00
11101,2025-12-01T00:00:00.000Z,5,5,5,0,100.00,0.0,0.00,0.00,53,53,0,0.00
11101,2026-01-01T00:00:00.000Z,2,2,2,0,100.00,0.0,0.00,0.00,40,38,0,0.00
11101,2026-02-01T00:00:00.000Z,null,null,null,null,null,null,null,null,25,25,1,4.00
11101,2026-03-01T00:00:00.000Z,6,6,6,0,100.00,0.0,0.10,0.63,28,24,0,0.00
11101,2026-04-01T00:00:00.000Z,6,6,4,2,66.67,15.88,51.84,142.42,37,34,1,2.70
11101,2026-05-01T00:00:00.000Z,12,12,9,3,75.00,16.19,32.76,96.71,33,32,1,3.03
11101,2026-06-01T00:00:00.000Z,6,6,5,1,83.33,6.52,14.08,46.21,30,28,0,0.00
11101,2026-07-01T00:00:00.000Z,11,11,8,3,72.73,21.92,24.27,35.25,40,36,0,0.00
11101,2026-08-01T00:00:00.000Z,10,8,3,5,37.50,29.13,31.05,45.29,42,41,1,2.38
11101,2026-09-01T00:00:00.000Z,3,0,0,0,null,null,null,null,18,18,0,0.00
11102,2025-01-01T00:00:00.000Z,7,7,7,0,100.00,0.0,2.24,10.42,9,9,0,0.00
11102,2025-02-01T00:00:00.000Z,2,2,2,0,100.00,0.0,0.00,0.00,7,7,0,0.00
11102,2025-03-01T00:00:00.000Z,9,9,9,0,100.00,0.0,0.00,0.00,12,12,0,0.00
11102,2025-04-01T00:00:00.000Z,9,9,9,0,100.00,0.0,0.46,2.71,8,8,0,0.00
11102,2025-05-01T00:00:00.000Z,10,10,10,0,100.00,0.0,0.42,1.00,6,6,0,0.00
11102,2025-06-01T00:00:00.000Z,5,5,5,0,100.00,1.54,2.15,5.54,2,1,0,0.00
11102,2025-07-01T00:00:00.000Z,4,4,4,0,100.00,0.0,0.00,0.00,8,8,0,0.00
11102,2025-08-01T00:00:00.000Z,3,3,3,0,100.00,0.0,0.00,0.00,6,6,1,16.67
11102,2025-09-01T00:00:00.000Z,5,5,5,0,100.00,0.0,0.00,0.00,9,9,0,0.00
11102,2025-10-01T00:00:00.000Z,9,9,9,0,100.00,0.0,2.57,18.67,5,4,0,0.00
11102,2025-11-01T00:00:00.000Z,8,8,8,0,100.00,0.0,0.00,0.00,5,5,0,0.00
11102,2025-12-01T00:00:00.000Z,6,6,6,0,100.00,1.88,3.02,9.75,16,16,1,6.25
11102,2026-01-01T00:00:00.000Z,2,2,2,0,100.00,0.0,0.00,0.00,3,3,0,0.00
11102,2026-02-01T00:00:00.000Z,12,12,12,0,100.00,0.0,3.31,10.21,6,6,0,0.00
11102,2026-03-01T00:00:00.000Z,10,10,9,1,90.00,1.27,6.83,2.67,7,6,1,14.29
11102,2026-04-01T00:00:00.000Z,7,7,7,0,100.00,11.21,9.49,13.83,7,7,0,0.00
11102,2026-05-01T00:00:00.000Z,13,13,11,2,84.62,11.71,18.44,17.92,2,2,0,0.00
11102,2026-06-01T00:00:00.000Z,15,15,10,5,66.67,7.96,19.81,64.46,8,8,0,0.00
11102,2026-07-01T00:00:00.000Z,7,7,6,1,85.71,6.25,7.38,16.92,9,9,0,0.00
11102,2026-08-01T00:00:00.000Z,9,6,5,1,83.33,22.83,19.87,25.33,12,12,0,0.00
11102,2026-09-01T00:00:00.000Z,4,0,0,0,null,null,null,null,null,null,null,null
11103,2025-01-01T00:00:00.000Z,6,6,6,0,100.00,0.0,0.47,2.79,20,20,0,0.00
11103,2025-02-01T00:00:00.000Z,13,13,13,0,100.00,0.0,0.45,0.83,26,26,0,0.00
11103,2025-03-01T00:00:00.000Z,23,23,23,0,100.00,0.0,0.70,2.79,21,19,2,9.52
11103,2025-04-01T00:00:00.000Z,25,25,25,0,100.00,0.0,0.57,1.58,26,25,2,7.69
11103,2025-05-01T00:00:00.000Z,12,12,12,0,100.00,0.0,0.69,2.96,17,17,1,5.88
11103,2025-06-01T00:00:00.000Z,25,25,25,0,100.00,0.0,0.67,0.58,22,21,0,0.00
11103,2025-07-01T00:00:00.000Z,19,19,19,0,100.00,0.0,0.54,2.08,29,27,4,13.79
11103,2025-08-01T00:00:00.000Z,14,14,14,0,100.00,0.0,1.75,3.96,23,23,2,8.70
11103,2025-09-01T00:00:00.000Z,8,8,8,0,100.00,0.02,1.48,8.00,26,20,0,0.00
11103,2025-10-01T00:00:00.000Z,7,7,7,0,100.00,0.0,1.45,8.75,18,17,1,5.56
11103,2025-11-01T00:00:00.000Z,11,11,11,0,100.00,0.0,1.17,2.29,24,23,0,0.00
11103,2025-12-01T00:00:00.000Z,11,11,11,0,100.00,0.0,1.42,5.42,17,17,0,0.00
11103,2026-01-01T00:00:00.000Z,13,13,13,0,100.00,0.42,1.71,3.96,27,26,0,0.00
11103,2026-02-01T00:00:00.000Z,17,17,17,0,100.00,0.0,0.88,7.46,12,11,0,0.00
11103,2026-03-01T00:00:00.000Z,13,13,12,1,92.31,0.33,11.74,3.71,21,21,1,4.76
11103,2026-04-01T00:00:00.000Z,32,32,30,2,93.75,1.38,11.26,13.33,13,13,0,0.00
11103,2026-05-01T00:00:00.000Z,21,21,7,14,33.33,55.73,47.59,101.13,24,24,2,8.33
11103,2026-06-01T00:00:00.000Z,42,42,25,17,59.52,28.58,30.04,41.67,25,25,3,12.00
11103,2026-07-01T00:00:00.000Z,176,176,176,0,100.00,6.67,8.27,17.21,29,27,0,0.00
11103,2026-08-01T00:00:00.000Z,174,136,133,3,97.79,2.58,3.57,4.63,22,22,2,9.09
11103,2026-09-01T00:00:00.000Z,2,0,0,0,null,null,null,null,5,5,0,0.00
11104,2025-01-01T00:00:00.000Z,5,5,5,0,100.00,0.92,1.03,2.21,1,1,0,0.00
11104,2025-02-01T00:00:00.000Z,4,4,4,0,100.00,0.0,0.00,0.00,9,9,0,0.00
11104,2025-03-01T00:00:00.000Z,6,6,6,0,100.00,0.0,1.14,6.83,6,6,1,16.67
11104,2025-04-01T00:00:00.000Z,8,8,8,0,100.00,0.0,0.52,3.00,12,12,0,0.00
11104,2025-05-01T00:00:00.000Z,11,11,11,0,100.00,1.67,1.50,2.83,9,9,0,0.00
11104,2025-06-01T00:00:00.000Z,11,11,11,0,100.00,0.0,0.47,0.79,12,10,2,16.67
11104,2025-07-01T00:00:00.000Z,16,16,16,0,100.00,0.0,0.27,2.00,9,9,0,0.00
11104,2025-08-01T00:00:00.000Z,6,6,6,0,100.00,0.02,0.69,3.96,3,3,0,0.00
11104,2025-09-01T00:00:00.000Z,13,13,13,0,100.00,0.0,0.59,2.71,17,17,1,5.88
11104,2025-10-01T00:00:00.000Z,4,4,4,0,100.00,0.42,0.88,2.67,10,10,0,0.00
11104,2025-11-01T00:00:00.000Z,7,7,7,0,100.00,0.0,0.81,3.54,12,12,0,0.00
11104,2025-12-01T00:00:00.000Z,5,5,5,0,100.00,0.0,0.95,3.17,12,11,0,0.00
11104,2026-01-01T00:00:00.000Z,4,4,4,0,100.00,0.31,0.77,2.46,7,7,0,0.00
11104,2026-02-01T00:00:00.000Z,3,3,3,0,100.00,2.75,5.79,14.63,8,8,0,0.00
11104,2026-03-01T00:00:00.000Z,8,8,8,0,100.00,0.02,0.49,2.71,6,6,0,0.00
11104,2026-04-01T00:00:00.000Z,6,6,5,1,83.33,9.15,27.47,124.25,9,8,0,0.00
11104,2026-05-01T00:00:00.000Z,10,10,7,3,70.00,13.27,31.56,82.25,13,13,0,0.00
11104,2026-06-01T00:00:00.000Z,6,6,0,6,0.00,48.5,47.87,55.25,15,15,0,0.00
11104,2026-07-01T00:00:00.000Z,9,9,8,1,88.89,16.71,15.40,20.00,6,6,0,0.00
11104,2026-08-01T00:00:00.000Z,11,10,8,2,80.00,16.23,15.35,21.83,7,7,0,0.00
11104,2026-09-01T00:00:00.000Z,5,0,0,0,null,null,null,null,9,9,0,0.00
11105,2025-01-01T00:00:00.000Z,7,7,7,0,100.00,0.0,0.15,1.00,16,16,0,0.00
11105,2025-02-01T00:00:00.000Z,19,19,19,0,100.00,0.0,0.63,3.00,17,17,1,5.88
11105,2025-03-01T00:00:00.000Z,24,24,24,0,100.00,0.04,0.92,3.00,12,12,0,0.00
11105,2025-04-01T00:00:00.000Z,22,22,22,0,100.00,0.4,0.56,1.75,16,16,0,0.00
11105,2025-05-01T00:00:00.000Z,15,15,15,0,100.00,0.0,0.64,2.71,8,8,0,0.00
11105,2025-06-01T00:00:00.000Z,25,25,25,0,100.00,0.0,0.68,2.46,4,4,0,0.00
11105,2025-07-01T00:00:00.000Z,16,16,16,0,100.00,0.0,0.46,1.25,17,15,1,5.88
11105,2025-08-01T00:00:00.000Z,18,18,18,0,100.00,0.0,0.94,4.67,16,15,0,0.00
11105,2025-09-01T00:00:00.000Z,23,23,23,0,100.00,0.0,0.60,1.42,15,14,0,0.00
11105,2025-10-01T00:00:00.000Z,7,7,7,0,100.00,0.0,1.77,7.13,4,4,0,0.00
11105,2025-11-01T00:00:00.000Z,6,6,6,0,100.00,0.0,0.00,0.00,23,23,1,4.35
11105,2025-12-01T00:00:00.000Z,4,4,4,0,100.00,0.0,0.94,3.75,10,10,0,0.00
11105,2026-01-01T00:00:00.000Z,6,6,6,0,100.00,0.0,0.35,2.13,11,11,0,0.00
11105,2026-02-01T00:00:00.000Z,1,1,1,0,100.00,0.0,0.00,0.00,11,11,1,9.09
11105,2026-03-01T00:00:00.000Z,11,11,11,0,100.00,0.0,0.44,1.88,12,12,1,8.33
11105,2026-04-01T00:00:00.000Z,17,17,16,1,94.12,11.88,16.14,26.83,13,10,0,0.00
11105,2026-05-01T00:00:00.000Z,24,24,16,8,66.67,11.33,21.44,71.00,5,5,0,0.00
11105,2026-06-01T00:00:00.000Z,25,25,16,9,64.00,11.25,17.98,59.96,9,9,0,0.00
11105,2026-07-01T00:00:00.000Z,23,23,14,9,60.87,9.21,11.54,20.42,5,5,0,0.00
11105,2026-08-01T00:00:00.000Z,17,12,8,4,66.67,14.54,14.79,23.25,12,12,1,8.33
11105,2026-09-01T00:00:00.000Z,11,0,0,0,null,null,null,null,12,12,0,0.00
11106,2025-01-01T00:00:00.000Z,6,6,6,0,100.00,0.0,0.51,2.50,8,8,0,0.00
11106,2025-02-01T00:00:00.000Z,5,5,5,0,100.00,0.0,0.00,0.00,13,13,0,0.00
11106,2025-03-01T00:00:00.000Z,3,3,3,0,100.00,0.0,0.22,0.67,13,12,1,7.69
11106,2025-04-01T00:00:00.000Z,16,16,16,0,100.00,0.0,0.52,2.54,14,14,0,0.00
11106,2025-05-01T00:00:00.000Z,15,15,15,0,100.00,0.0,0.88,3.92,8,8,0,0.00
11106,2025-06-01T00:00:00.000Z,10,10,10,0,100.00,0.04,0.78,2.00,17,17,0,0.00
11106,2025-07-01T00:00:00.000Z,18,18,18,0,100.00,0.92,1.64,4.71,18,16,0,0.00
11106,2025-08-01T00:00:00.000Z,11,11,11,0,100.00,0.0,0.00,0.00,19,16,1,5.26
11106,2025-09-01T00:00:00.000Z,9,9,9,0,100.00,0.0,1.00,5.67,20,18,0,0.00
11106,2025-10-01T00:00:00.000Z,5,5,5,0,100.00,3.92,2.65,4.67,20,20,0,0.00
11106,2025-11-01T00:00:00.000Z,1,1,1,0,100.00,0.0,0.00,0.00,13,13,0,0.00
11106,2025-12-01T00:00:00.000Z,5,5,5,0,100.00,0.0,0.00,0.00,30,30,1,3.33
11106,2026-01-01T00:00:00.000Z,2,2,2,0,100.00,1.4,1.40,2.79,13,13,0,0.00
11106,2026-02-01T00:00:00.000Z,2,2,2,0,100.00,0.0,0.00,0.00,6,6,0,0.00
11106,2026-03-01T00:00:00.000Z,7,7,7,0,100.00,0.0,0.00,0.00,16,15,0,0.00
11106,2026-04-01T00:00:00.000Z,8,8,8,0,100.00,3.17,5.15,12.42,6,6,0,0.00
11106,2026-05-01T00:00:00.000Z,27,27,16,11,59.26,14.13,39.16,99.38,12,10,1,8.33
11106,2026-06-01T00:00:00.000Z,12,12,11,1,91.67,7.21,13.49,10.04,15,14,0,0.00
11106,2026-07-01T00:00:00.000Z,29,29,24,5,82.76,9.46,14.01,36.13,14,14,0,0.00
11106,2026-08-01T00:00:00.000Z,19,15,12,3,80.00,14.44,15.58,34.21,13,13,0,0.00
11106,2026-09-01T00:00:00.000Z,10,0,0,0,null,null,null,null,12,12,0,0.00
11109,2025-02-01T00:00:00.000Z,3,3,3,0,100.00,2.71,2.63,2.92,null,null,null,null
11109,2025-03-01T00:00:00.000Z,1,1,1,0,100.00,1.75,1.75,1.75,2,2,0,0.00
11109,2025-04-01T00:00:00.000Z,null,null,null,null,null,null,null,null,2,2,0,0.00
11109,2025-10-01T00:00:00.000Z,1,1,1,0,100.00,0.0,0.00,0.00,null,null,null,null
11109,2025-11-01T00:00:00.000Z,1,1,1,0,100.00,0.0,0.00,0.00,2,2,0,0.00
11109,2026-03-01T00:00:00.000Z,null,null,null,null,null,null,null,null,1,1,0,0.00
11109,2026-05-01T00:00:00.000Z,null,null,null,null,null,null,null,null,1,1,0,0.00
11109,2026-09-01T00:00:00.000Z,null,null,null,null,null,null,null,null,2,2,0,0.00
11201,2025-01-01T00:00:00.000Z,8,8,8,0,100.00,0.0,0.31,2.00,29,29,1,3.45
11201,2025-02-01T00:00:00.000Z,8,8,8,0,100.00,0.0,1.47,9.88,21,21,1,4.76
11201,2025-03-01T00:00:00.000Z,16,16,16,0,100.00,0.06,1.09,4.00,32,32,0,0.00
11201,2025-04-01T00:00:00.000Z,6,6,6,0,100.00,0.0,0.00,0.00,24,24,0,0.00
11201,2025-05-01T00:00:00.000Z,12,12,12,0,100.00,0.0,1.35,2.08,37,33,1,2.70
11201,2025-06-01T00:00:00.000Z,15,15,15,0,100.00,0.0,1.00,6.00,27,27,0,0.00
11201,2025-07-01T00:00:00.000Z,10,10,10,0,100.00,0.0,0.11,0.04,37,37,0,0.00
11201,2025-08-01T00:00:00.000Z,11,11,11,0,100.00,0.0,0.70,0.83,43,38,1,2.33
11201,2025-09-01T00:00:00.000Z,11,11,11,0,100.00,0.0,0.11,0.00,49,49,0,0.00
11201,2025-10-01T00:00:00.000Z,17,17,17,0,100.00,0.0,2.77,14.00,48,44,1,2.08
11201,2025-11-01T00:00:00.000Z,3,3,3,0,100.00,0.0,0.57,1.71,18,17,0,0.00
11201,2025-12-01T00:00:00.000Z,2,2,2,0,100.00,11.85,11.85,23.71,36,35,1,2.78
11201,2026-01-01T00:00:00.000Z,1,1,1,0,100.00,0.0,0.00,0.00,31,31,1,3.23
11201,2026-02-01T00:00:00.000Z,1,1,1,0,100.00,0.0,0.00,0.00,23,23,1,4.35
11201,2026-03-01T00:00:00.000Z,6,6,6,0,100.00,0.0,3.60,21.63,42,39,3,7.14
11201,2026-04-01T00:00:00.000Z,7,7,7,0,100.00,14.42,10.82,20.96,44,43,0,0.00
11201,2026-05-01T00:00:00.000Z,12,12,10,2,83.33,14.79,17.35,34.92,29,26,0,0.00
11201,2026-06-01T00:00:00.000Z,11,11,10,1,90.91,9.94,12.01,19.88,42,42,1,2.38
11201,2026-07-01T00:00:00.000Z,11,11,9,2,81.82,6.71,9.76,21.79,34,31,0,0.00
11201,2026-08-01T00:00:00.000Z,19,13,12,1,92.31,10.29,9.02,14.00,41,39,0,0.00
11201,2026-09-01T00:00:00.000Z,6,0,0,0,null,null,null,null,29,29,0,0.00
11203,2025-01-01T00:00:00.000Z,9,9,9,0,100.00,0.0,1.50,9.58,21,20,1,4.76
11203,2025-02-01T00:00:00.000Z,6,6,6,0,100.00,0.0,0.09,0.54,6,6,1,16.67
11203,2025-03-01T00:00:00.000Z,13,13,13,0,100.00,0.0,1.11,1.42,8,8,0,0.00
11203,2025-04-01T00:00:00.000Z,13,13,13,0,100.00,0.0,2.76,13.29,10,10,0,0.00
11203,2025-05-01T00:00:00.000Z,27,27,27,0,100.00,0.0,0.54,2.83,11,11,1,9.09
11203,2025-06-01T00:00:00.000Z,12,12,12,0,100.00,0.0,0.92,3.83,6,5,0,0.00
11203,2025-07-01T00:00:00.000Z,20,20,20,0,100.00,0.0,2.61,10.00,7,7,0,0.00
11203,2025-08-01T00:00:00.000Z,14,14,14,0,100.00,0.0,0.50,2.92,15,13,2,13.33
11203,2025-09-01T00:00:00.000Z,18,18,18,0,100.00,0.0,0.64,3.63,11,10,0,0.00
11203,2025-10-01T00:00:00.000Z,8,8,8,0,100.00,0.0,1.92,15.13,10,10,1,10.00
11203,2025-11-01T00:00:00.000Z,7,7,7,0,100.00,0.0,1.40,9.83,19,17,0,0.00
11203,2025-12-01T00:00:00.000Z,5,5,5,0,100.00,0.0,0.00,0.00,7,7,1,14.29
11203,2026-01-01T00:00:00.000Z,8,8,8,0,100.00,0.0,0.00,0.00,6,6,1,16.67
11203,2026-02-01T00:00:00.000Z,5,5,5,0,100.00,0.0,0.48,2.08,10,10,0,0.00
11203,2026-03-01T00:00:00.000Z,8,8,7,1,87.50,0.0,18.40,147.21,8,8,0,0.00
11203,2026-04-01T00:00:00.000Z,9,9,9,0,100.00,3.04,4.73,18.21,12,12,0,0.00
11203,2026-05-01T00:00:00.000Z,19,19,18,1,94.74,6.1,8.44,19.33,13,13,0,0.00
11203,2026-06-01T00:00:00.000Z,15,15,12,3,80.00,15.29,24.79,82.00,17,16,0,0.00
11203,2026-07-01T00:00:00.000Z,16,16,11,5,68.75,11.33,20.52,49.38,15,13,0,0.00
11203,2026-08-01T00:00:00.000Z,11,9,7,2,77.78,14.33,17.25,36.42,7,7,0,0.00
11203,2026-09-01T00:00:00.000Z,7,0,0,0,null,null,null,null,6,6,0,0.00
11204,2025-01-01T00:00:00.000Z,4,4,4,0,100.00,0.0,0.00,0.00,6,5,0,0.00
11204,2025-02-01T00:00:00.000Z,9,9,9,0,100.00,0.0,0.71,4.92,9,9,0,0.00
11204,2025-03-01T00:00:00.000Z,14,14,14,0,100.00,0.0,1.30,8.21,17,17,0,0.00
11204,2025-04-01T00:00:00.000Z,37,37,37,0,100.00,0.0,2.11,9.29,10,10,0,0.00
11204,2025-05-01T00:00:00.000Z,8,8,8,0,100.00,1.94,3.51,8.13,10,10,1,10.00
11204,2025-06-01T00:00:00.000Z,12,12,12,0,100.00,0.0,1.08,2.58,12,12,1,8.33
11204,2025-07-01T00:00:00.000Z,13,13,13,0,100.00,0.0,2.09,5.88,17,16,0,0.00
11204,2025-08-01T00:00:00.000Z,7,7,7,0,100.00,0.0,1.82,5.96,9,9,0,0.00
11204,2025-09-01T00:00:00.000Z,17,17,17,0,100.00,0.0,1.58,9.75,20,19,0,0.00
11204,2025-10-01T00:00:00.000Z,8,8,8,0,100.00,1.83,2.46,6.21,15,15,0,0.00
11204,2025-11-01T00:00:00.000Z,2,2,2,0,100.00,0.0,0.00,0.00,17,16,0,0.00
11204,2025-12-01T00:00:00.000Z,1,1,1,0,100.00,0.0,0.00,0.00,13,12,1,7.69
11204,2026-01-01T00:00:00.000Z,2,2,2,0,100.00,0.0,0.00,0.00,6,6,0,0.00
11204,2026-02-01T00:00:00.000Z,2,2,2,0,100.00,0.0,0.00,0.00,10,10,1,10.00
11204,2026-03-01T00:00:00.000Z,7,7,7,0,100.00,0.0,1.44,5.83,5,5,0,0.00
11204,2026-04-01T00:00:00.000Z,7,7,7,0,100.00,2.96,6.38,21.25,12,11,0,0.00
11204,2026-05-01T00:00:00.000Z,10,10,8,2,80.00,14.98,20.10,31.04,2,2,0,0.00
11204,2026-06-01T00:00:00.000Z,4,4,3,1,75.00,20.67,16.86,22.96,8,7,1,12.50
11204,2026-07-01T00:00:00.000Z,2,2,2,0,100.00,17.1,17.10,20.83,13,13,2,15.38
11204,2026-08-01T00:00:00.000Z,6,1,1,0,100.00,7.04,7.04,7.04,18,18,0,0.00
11204,2026-09-01T00:00:00.000Z,10,0,0,0,null,null,null,null,4,4,0,0.00
11205,2025-01-01T00:00:00.000Z,26,26,26,0,100.00,0.04,0.62,3.00,15,15,1,6.67
11205,2025-02-01T00:00:00.000Z,7,7,7,0,100.00,0.0,1.20,4.79,12,11,1,8.33
11205,2025-03-01T00:00:00.000Z,19,19,19,0,100.00,0.0,0.30,1.21,9,9,0,0.00
11205,2025-04-01T00:00:00.000Z,11,11,10,1,90.91,0.17,3.81,3.67,4,4,0,0.00
11205,2025-05-01T00:00:00.000Z,11,11,11,0,100.00,0.0,0.58,2.79,12,12,0,0.00
11205,2025-06-01T00:00:00.000Z,24,24,24,0,100.00,0.0,3.76,19.92,10,10,0,0.00
11205,2025-07-01T00:00:00.000Z,40,40,39,1,97.50,0.0,2.18,4.71,6,6,0,0.00
11205,2025-08-01T00:00:00.000Z,25,25,24,1,96.00,0.0,1.24,4.75,15,14,2,13.33
11205,2025-09-01T00:00:00.000Z,14,14,14,0,100.00,0.0,0.24,0.83,11,10,1,9.09
11205,2025-10-01T00:00:00.000Z,17,17,17,0,100.00,0.0,0.21,0.00,23,19,1,4.35
11205,2025-11-01T00:00:00.000Z,6,6,6,0,100.00,0.0,0.13,0.75,13,13,0,0.00
11205,2025-12-01T00:00:00.000Z,5,5,5,0,100.00,0.0,0.68,3.38,12,12,0,0.00
11205,2026-01-01T00:00:00.000Z,8,8,8,0,100.00,0.33,1.00,3.92,14,14,0,0.00
11205,2026-02-01T00:00:00.000Z,5,5,5,0,100.00,0.0,1.73,4.71,7,7,0,0.00
11205,2026-03-01T00:00:00.000Z,5,5,4,1,80.00,0.75,8.50,40.75,26,23,1,3.85
11205,2026-04-01T00:00:00.000Z,8,8,8,0,100.00,12.04,12.95,28.79,23,23,1,4.35
11205,2026-05-01T00:00:00.000Z,5,5,4,1,80.00,13.83,28.12,90.13,10,9,0,0.00
11205,2026-06-01T00:00:00.000Z,18,18,13,5,72.22,17.38,23.07,55.33,20,19,0,0.00
11205,2026-07-01T00:00:00.000Z,41,41,38,3,92.68,10.17,10.26,17.58,10,10,0,0.00
11205,2026-08-01T00:00:00.000Z,94,56,51,5,91.07,7.08,8.58,15.08,14,14,0,0.00
11205,2026-09-01T00:00:00.000Z,29,0,0,0,null,null,null,null,4,4,0,0.00
11206,2025-01-01T00:00:00.000Z,10,10,10,0,100.00,0.35,1.04,2.33,9,9,0,0.00
11206,2025-02-01T00:00:00.000Z,17,17,17,0,100.00,0.04,0.31,1.00,8,8,0,0.00
11206,2025-03-01T00:00:00.000Z,23,23,23,0,100.00,0.0,0.62,3.17,8,8,2,25.00
11206,2025-04-01T00:00:00.000Z,25,25,25,0,100.00,0.0,1.37,3.71,12,12,0,0.00
11206,2025-05-01T00:00:00.000Z,18,18,18,0,100.00,0.0,0.77,3.71,19,19,1,5.26
11206,2025-06-01T00:00:00.000Z,28,28,28,0,100.00,0.0,2.55,14.58,4,4,0,0.00
11206,2025-07-01T00:00:00.000Z,28,28,26,2,92.86,0.0,6.48,5.54,8,8,0,0.00
11206,2025-08-01T00:00:00.000Z,35,35,34,1,97.14,0.0,2.37,2.17,19,18,0,0.00
11206,2025-09-01T00:00:00.000Z,20,20,19,1,95.00,0.0,2.25,0.75,20,20,1,5.00
11206,2025-10-01T00:00:00.000Z,15,15,15,0,100.00,0.0,0.90,2.83,25,23,1,4.00
11206,2025-11-01T00:00:00.000Z,17,17,17,0,100.00,0.0,0.20,1.17,26,26,3,11.54
11206,2025-12-01T00:00:00.000Z,8,8,8,0,100.00,0.44,1.31,7.79,10,10,0,0.00
11206,2026-01-01T00:00:00.000Z,7,7,7,0,100.00,0.0,2.33,15.54,19,19,1,5.26
11206,2026-02-01T00:00:00.000Z,12,12,12,0,100.00,0.0,0.41,1.08,9,8,0,0.00
11206,2026-03-01T00:00:00.000Z,19,19,19,0,100.00,0.0,0.91,3.92,19,18,2,10.53
11206,2026-04-01T00:00:00.000Z,24,24,20,4,83.33,3.06,13.71,51.88,15,15,2,13.33
11206,2026-05-01T00:00:00.000Z,25,25,22,3,88.00,7.79,13.98,35.00,25,24,1,4.00
11206,2026-06-01T00:00:00.000Z,20,20,17,3,85.00,8.96,15.65,33.38,12,12,1,8.33
11206,2026-07-01T00:00:00.000Z,21,21,20,1,95.24,8.25,11.24,25.38,14,14,2,14.29
11206,2026-08-01T00:00:00.000Z,34,24,21,3,87.50,8.1,12.29,28.13,16,16,1,6.25
11206,2026-09-01T00:00:00.000Z,13,0,0,0,null,null,null,null,7,7,0,0.00
11207,2025-01-01T00:00:00.000Z,14,14,14,0,100.00,0.0,0.81,3.50,11,11,1,9.09
11207,2025-02-01T00:00:00.000Z,7,7,7,0,100.00,0.0,1.18,8.29,8,8,0,0.00
11207,2025-03-01T00:00:00.000Z,19,19,19,0,100.00,0.0,0.96,3.21,7,7,0,0.00
11207,2025-04-01T00:00:00.000Z,17,17,17,0,100.00,0.0,0.53,2.00,9,9,1,11.11
11207,2025-05-01T00:00:00.000Z,23,23,23,0,100.00,0.0,1.43,2.83,10,10,0,0.00
11207,2025-06-01T00:00:00.000Z,22,22,22,0,100.00,0.0,0.54,1.42,9,8,0,0.00
11207,2025-07-01T00:00:00.000Z,18,18,18,0,100.00,0.0,1.09,4.71,10,10,1,10.00
11207,2025-08-01T00:00:00.000Z,26,26,26,0,100.00,0.0,2.21,9.88,8,8,1,12.50
11207,2025-09-01T00:00:00.000Z,22,22,22,0,100.00,0.0,0.91,2.04,8,8,0,0.00
11207,2025-10-01T00:00:00.000Z,12,12,12,0,100.00,0.0,1.58,4.00,14,13,0,0.00
11207,2025-11-01T00:00:00.000Z,11,11,11,0,100.00,0.0,0.25,0.00,26,25,1,3.85
11207,2025-12-01T00:00:00.000Z,4,4,4,0,100.00,0.0,0.05,0.21,11,11,0,0.00
11207,2026-01-01T00:00:00.000Z,7,7,7,0,100.00,0.0,0.00,0.00,10,10,0,0.00
11207,2026-02-01T00:00:00.000Z,7,7,7,0,100.00,0.0,0.43,2.21,6,6,1,16.67
11207,2026-03-01T00:00:00.000Z,10,10,10,0,100.00,0.0,0.10,0.00,9,9,0,0.00
11207,2026-04-01T00:00:00.000Z,13,13,12,1,92.31,1.71,5.33,12.29,20,19,1,5.00
11207,2026-05-01T00:00:00.000Z,20,20,20,0,100.00,11.25,9.96,16.08,19,19,0,0.00
11207,2026-06-01T00:00:00.000Z,8,8,7,1,87.50,9.88,11.04,20.25,11,11,0,0.00
11207,2026-07-01T00:00:00.000Z,14,14,11,3,78.57,8.04,12.12,23.08,17,17,1,5.88
11207,2026-08-01T00:00:00.000Z,18,9,8,1,88.89,6.46,10.68,36.42,15,14,0,0.00
11207,2026-09-01T00:00:00.000Z,10,0,0,0,null,null,null,null,9,9,1,11.11
11208,2025-01-01T00:00:00.000Z,4,4,4,0,100.00,0.0,0.00,0.00,6,4,0,0.00
11208,2025-02-01T00:00:00.000Z,9,9,9,0,100.00,0.0,0.00,0.00,12,12,1,8.33
11208,2025-03-01T00:00:00.000Z,12,12,12,0,100.00,0.0,0.89,0.00,11,10,1,9.09
11208,2025-04-01T00:00:00.000Z,11,11,11,0,100.00,0.0,1.02,4.17,9,9,0,0.00
11208,2025-05-01T00:00:00.000Z,13,13,13,0,100.00,0.0,2.40,8.63,7,7,0,0.00
11208,2025-06-01T00:00:00.000Z,12,12,12,0,100.00,0.0,1.59,0.00,12,12,1,8.33
11208,2025-07-01T00:00:00.000Z,18,18,18,0,100.00,0.0,1.22,7.00,17,14,0,0.00
11208,2025-08-01T00:00:00.000Z,8,8,8,0,100.00,0.0,1.46,11.67,14,14,0,0.00
11208,2025-09-01T00:00:00.000Z,10,10,10,0,100.00,0.0,0.13,0.17,6,6,0,0.00
11208,2025-10-01T00:00:00.000Z,5,5,5,0,100.00,0.0,0.00,0.00,16,16,0,0.00
11208,2025-11-01T00:00:00.000Z,4,4,4,0,100.00,0.0,0.00,0.00,6,6,0,0.00
11208,2025-12-01T00:00:00.000Z,5,5,5,0,100.00,0.0,3.52,17.58,7,5,0,0.00
11208,2026-01-01T00:00:00.000Z,1,1,1,0,100.00,0.0,0.00,0.00,7,7,0,0.00
11208,2026-02-01T00:00:00.000Z,2,2,2,0,100.00,0.0,0.00,0.00,8,8,1,12.50
11208,2026-03-01T00:00:00.000Z,7,7,7,0,100.00,0.0,2.43,10.17,13,12,1,7.69
11208,2026-04-01T00:00:00.000Z,9,9,9,0,100.00,0.96,2.99,8.29,13,13,1,7.69
11208,2026-05-01T00:00:00.000Z,14,14,12,2,85.71,9.69,11.05,16.96,9,9,0,0.00
11208,2026-06-01T00:00:00.000Z,6,6,6,0,100.00,10.92,13.53,24.33,10,10,0,0.00
11208,2026-07-01T00:00:00.000Z,6,6,4,2,66.67,14.29,17.15,43.00,7,7,0,0.00
11208,2026-08-01T00:00:00.000Z,8,7,5,2,71.43,8.63,12.38,33.50,12,12,1,8.33
11208,2026-09-01T00:00:00.000Z,4,0,0,0,null,null,null,null,10,10,0,0.00
11209,2025-01-01T00:00:00.000Z,11,11,11,0,100.00,0.0,2.71,7.08,15,15,0,0.00
11209,2025-02-01T00:00:00.000Z,11,11,11,0,100.00,0.0,1.78,3.96,21,21,2,9.52
11209,2025-03-01T00:00:00.000Z,17,17,17,0,100.00,0.0,0.18,0.00,17,17,0,0.00
11209,2025-04-01T00:00:00.000Z,28,28,28,0,100.00,0.0,0.90,4.00,20,18,0,0.00
11209,2025-05-01T00:00:00.000Z,21,21,21,0,100.00,0.0,0.93,4.21,17,17,0,0.00
11209,2025-06-01T00:00:00.000Z,25,25,25,0,100.00,0.0,2.56,12.75,21,21,0,0.00
11209,2025-07-01T00:00:00.000Z,26,26,26,0,100.00,0.0,1.41,3.88,23,23,2,8.70
11209,2025-08-01T00:00:00.000Z,10,10,10,0,100.00,0.0,0.42,0.00,16,16,0,0.00
11209,2025-09-01T00:00:00.000Z,10,10,10,0,100.00,0.0,2.22,9.79,17,17,0,0.00
11209,2025-10-01T00:00:00.000Z,5,5,5,0,100.00,0.0,0.00,0.00,23,23,1,4.35
11209,2025-11-01T00:00:00.000Z,3,3,3,0,100.00,0.0,1.00,3.00,12,12,0,0.00
11209,2025-12-01T00:00:00.000Z,8,8,8,0,100.00,1.85,3.87,12.54,23,23,0,0.00
11209,2026-01-01T00:00:00.000Z,16,16,16,0,100.00,5.63,7.01,15.13,16,16,0,0.00
11209,2026-02-01T00:00:00.000Z,26,26,26,0,100.00,2.94,5.34,14.67,14,14,1,7.14
11209,2026-03-01T00:00:00.000Z,16,16,16,0,100.00,1.9,1.97,5.83,18,18,0,0.00
11209,2026-04-01T00:00:00.000Z,20,20,20,0,100.00,5.06,5.34,11.96,20,18,0,0.00
11209,2026-05-01T00:00:00.000Z,34,34,31,3,91.18,13.04,15.50,28.17,25,25,1,4.00
11209,2026-06-01T00:00:00.000Z,39,39,24,15,61.54,21.63,30.92,78.00,18,17,0,0.00
11209,2026-07-01T00:00:00.000Z,40,40,18,22,45.00,28.71,28.78,49.21,42,40,1,2.38
11209,2026-08-01T00:00:00.000Z,22,19,12,7,63.16,9.29,14.94,30.79,18,18,1,5.56
11209,2026-09-01T00:00:00.000Z,20,0,0,0,null,null,null,null,8,8,0,0.00
11210,2025-01-01T00:00:00.000Z,8,8,8,0,100.00,0.08,2.08,11.25,8,5,0,0.00
11210,2025-02-01T00:00:00.000Z,9,9,9,0,100.00,0.0,1.80,6.83,null,null,null,null
11210,2025-03-01T00:00:00.000Z,8,8,8,0,100.00,1.56,4.22,14.17,13,12,0,0.00
11210,2025-04-01T00:00:00.000Z,9,9,9,0,100.00,0.0,1.78,10.88,6,6,0,0.00
11210,2025-05-01T00:00:00.000Z,16,16,16,0,100.00,0.0,1.52,6.92,12,12,0,0.00
11210,2025-06-01T00:00:00.000Z,6,6,6,0,100.00,0.0,0.74,2.71,4,4,1,25.00
11210,2025-07-01T00:00:00.000Z,12,12,12,0,100.00,6.29,6.47,14.08,4,4,0,0.00
11210,2025-08-01T00:00:00.000Z,14,14,14,0,100.00,2.46,4.32,9.92,3,3,0,0.00
11210,2025-09-01T00:00:00.000Z,14,14,14,0,100.00,0.0,0.24,0.00,5,5,0,0.00
11210,2025-10-01T00:00:00.000Z,10,10,10,0,100.00,0.56,4.55,10.63,7,7,0,0.00
11210,2025-11-01T00:00:00.000Z,6,6,6,0,100.00,1.31,2.06,6.50,3,3,0,0.00
11210,2025-12-01T00:00:00.000Z,7,7,7,0,100.00,1.58,4.06,10.92,8,8,2,25.00
11210,2026-01-01T00:00:00.000Z,5,5,5,0,100.00,0.0,0.00,0.00,4,4,1,25.00
11210,2026-02-01T00:00:00.000Z,11,11,11,0,100.00,0.0,2.18,6.08,5,5,2,40.00
11210,2026-03-01T00:00:00.000Z,7,7,7,0,100.00,0.0,2.37,7.75,3,3,0,0.00
11210,2026-04-01T00:00:00.000Z,16,16,15,1,93.75,0.73,11.37,19.83,9,8,1,11.11
11210,2026-05-01T00:00:00.000Z,18,18,17,1,94.44,10.79,10.46,16.92,12,9,1,8.33
11210,2026-06-01T00:00:00.000Z,9,9,9,0,100.00,11.33,9.84,15.33,6,6,1,16.67
11210,2026-07-01T00:00:00.000Z,11,11,7,4,63.64,18.96,22.09,54.88,2,2,0,0.00
11210,2026-08-01T00:00:00.000Z,14,11,4,7,36.36,4.77,13.10,33.67,10,10,0,0.00
11210,2026-09-01T00:00:00.000Z,9,0,0,0,null,null,null,null,3,3,0,0.00
11211,2025-01-01T00:00:00.000Z,9,9,9,0,100.00,0.25,1.10,3.58,32,32,1,3.13
11211,2025-02-01T00:00:00.000Z,13,13,13,0,100.00,0.0,0.61,1.96,16,16,0,0.00
11211,2025-03-01T00:00:00.000Z,30,30,30,0,100.00,0.0,0.37,0.79,19,19,1,5.26
11211,2025-04-01T00:00:00.000Z,23,23,23,0,100.00,0.0,0.26,0.83,24,23,2,8.33
11211,2025-05-01T00:00:00.000Z,43,43,43,0,100.00,0.0,0.94,3.71,24,24,1,4.17
11211,2025-06-01T00:00:00.000Z,29,29,29,0,100.00,0.0,0.43,1.17,25,24,0,0.00
11211,2025-07-01T00:00:00.000Z,20,20,20,0,100.00,0.0,0.46,0.58,25,25,0,0.00
11211,2025-08-01T00:00:00.000Z,24,24,24,0,100.00,0.0,0.28,0.96,24,23,0,0.00
11211,2025-09-01T00:00:00.000Z,17,17,17,0,100.00,0.0,0.33,2.00,31,31,0,0.00
11211,2025-10-01T00:00:00.000Z,20,20,20,0,100.00,0.0,0.30,0.83,27,26,2,7.41
11211,2025-11-01T00:00:00.000Z,10,10,10,0,100.00,0.79,1.01,1.46,36,36,2,5.56
11211,2025-12-01T00:00:00.000Z,8,8,8,0,100.00,0.0,0.98,3.08,51,51,4,7.84
11211,2026-01-01T00:00:00.000Z,5,5,5,0,100.00,0.0,0.00,0.00,28,26,3,10.71
11211,2026-02-01T00:00:00.000Z,11,11,11,0,100.00,0.0,0.39,1.00,32,32,1,3.13
11211,2026-03-01T00:00:00.000Z,20,20,19,1,95.00,0.0,6.77,2.67,31,28,3,9.68
11211,2026-04-01T00:00:00.000Z,21,21,21,0,100.00,3.63,5.19,14.25,41,41,0,0.00
11211,2026-05-01T00:00:00.000Z,30,30,29,1,96.67,6.33,8.75,20.63,33,32,2,6.06
11211,2026-06-01T00:00:00.000Z,18,18,17,1,94.44,8.0,10.30,24.21,35,35,2,5.71
11211,2026-07-01T00:00:00.000Z,13,13,11,2,84.62,8.29,16.89,31.29,26,26,0,0.00
11211,2026-08-01T00:00:00.000Z,18,11,11,0,100.00,20.83,18.55,27.04,41,38,1,2.44
11211,2026-09-01T00:00:00.000Z,6,0,0,0,null,null,null,null,20,20,0,0.00
11212,2025-01-01T00:00:00.000Z,4,4,4,0,100.00,5.9,5.90,11.79,9,9,0,0.00
11212,2025-02-01T00:00:00.000Z,7,7,7,0,100.00,0.0,0.00,0.00,8,8,1,12.50
11212,2025-03-01T00:00:00.000Z,6,6,6,0,100.00,0.0,0.23,1.38,11,11,1,9.09
11212,2025-04-01T00:00:00.000Z,7,7,7,0,100.00,0.0,0.55,3.88,1,1,0,0.00
11212,2025-05-01T00:00:00.000Z,11,11,11,0,100.00,0.0,1.59,4.50,9,9,0,0.00
11212,2025-06-01T00:00:00.000Z,9,9,9,0,100.00,0.0,1.99,7.21,5,5,0,0.00
11212,2025-07-01T00:00:00.000Z,8,8,8,0,100.00,0.0,0.00,0.00,5,5,0,0.00
11212,2025-08-01T00:00:00.000Z,11,11,11,0,100.00,0.0,0.40,0.50,4,4,0,0.00
11212,2025-09-01T00:00:00.000Z,13,13,13,0,100.00,0.0,0.72,3.58,10,10,0,0.00
11212,2025-10-01T00:00:00.000Z,11,11,11,0,100.00,0.0,0.00,0.00,9,9,1,11.11
11212,2025-11-01T00:00:00.000Z,9,9,9,0,100.00,0.0,2.17,9.04,7,7,0,0.00
11212,2025-12-01T00:00:00.000Z,5,5,5,0,100.00,0.0,1.43,7.13,14,14,0,0.00
11212,2026-01-01T00:00:00.000Z,5,5,5,0,100.00,0.0,0.84,2.13,6,6,0,0.00
11212,2026-02-01T00:00:00.000Z,6,6,6,0,100.00,0.0,0.17,1.04,9,9,0,0.00
11212,2026-03-01T00:00:00.000Z,6,6,6,0,100.00,0.0,0.00,0.00,9,9,1,11.11
11212,2026-04-01T00:00:00.000Z,16,16,16,0,100.00,2.31,3.86,10.79,7,7,0,0.00
11212,2026-05-01T00:00:00.000Z,8,8,8,0,100.00,12.19,12.70,30.25,9,9,0,0.00
11212,2026-06-01T00:00:00.000Z,5,5,2,3,40.00,10.67,10.67,15.13,10,9,0,0.00
11212,2026-07-01T00:00:00.000Z,13,13,9,4,69.23,10.08,18.16,43.25,15,14,0,0.00
11212,2026-08-01T00:00:00.000Z,12,8,7,1,87.50,9.04,13.60,32.88,11,11,0,0.00
11212,2026-09-01T00:00:00.000Z,9,0,0,0,null,null,null,null,5,5,0,0.00
11213,2025-01-01T00:00:00.000Z,9,9,9,0,100.00,0.0,0.23,1.75,5,5,0,0.00
11213,2025-02-01T00:00:00.000Z,15,15,14,1,93.33,0.0,2.94,3.58,7,6,0,0.00
11213,2025-03-01T00:00:00.000Z,30,30,29,1,96.67,0.0,2.32,3.58,4,4,0,0.00
11213,2025-04-01T00:00:00.000Z,17,17,17,0,100.00,0.25,0.48,1.67,9,9,0,0.00
11213,2025-05-01T00:00:00.000Z,33,33,33,0,100.00,0.0,0.75,3.04,8,8,1,12.50
11213,2025-06-01T00:00:00.000Z,26,26,26,0,100.00,0.0,0.59,1.75,5,4,1,20.00
11213,2025-07-01T00:00:00.000Z,19,19,19,0,100.00,0.0,1.42,4.33,10,9,0,0.00
11213,2025-08-01T00:00:00.000Z,22,22,22,0,100.00,0.0,0.59,2.67,9,9,0,0.00
11213,2025-09-01T00:00:00.000Z,20,20,20,0,100.00,0.0,1.93,5.00,5,5,0,0.00
11213,2025-10-01T00:00:00.000Z,19,19,19,0,100.00,0.0,1.11,3.71,9,9,0,0.00
11213,2025-11-01T00:00:00.000Z,18,18,17,1,94.44,0.0,0.26,0.79,7,7,1,14.29
11213,2025-12-01T00:00:00.000Z,21,21,21,0,100.00,0.0,1.19,2.83,5,5,0,0.00
11213,2026-01-01T00:00:00.000Z,15,15,15,0,100.00,0.58,1.82,5.00,7,7,0,0.00
11213,2026-02-01T00:00:00.000Z,8,8,8,0,100.00,0.0,0.88,4.42,9,9,0,0.00
11213,2026-03-01T00:00:00.000Z,27,27,27,0,100.00,0.0,1.25,3.96,10,10,1,10.00
11213,2026-04-01T00:00:00.000Z,25,25,25,0,100.00,3.08,4.87,10.58,9,8,0,0.00
11213,2026-05-01T00:00:00.000Z,19,19,16,3,84.21,6.0,12.93,41.04,5,5,0,0.00
11213,2026-06-01T00:00:00.000Z,35,35,33,2,94.29,8.29,9.79,16.83,20,20,2,10.00
11213,2026-07-01T00:00:00.000Z,32,32,29,3,90.63,8.33,12.17,23.21,8,8,0,0.00
11213,2026-08-01T00:00:00.000Z,34,18,15,3,83.33,10.08,13.70,29.25,5,5,0,0.00
11213,2026-09-01T00:00:00.000Z,9,0,0,0,null,null,null,null,6,6,0,0.00
11214,2025-01-01T00:00:00.000Z,2,2,2,0,100.00,0.0,0.00,0.00,19,19,2,10.53
11214,2025-02-01T00:00:00.000Z,3,3,3,0,100.00,0.0,0.00,0.00,12,12,1,8.33
11214,2025-03-01T00:00:00.000Z,4,4,4,0,100.00,0.0,0.20,0.79,19,19,0,0.00
11214,2025-04-01T00:00:00.000Z,8,8,8,0,100.00,0.0,1.35,10.83,14,13,1,7.14
11214,2025-05-01T00:00:00.000Z,12,12,12,0,100.00,0.1,1.85,8.17,16,16,0,0.00
11214,2025-06-01T00:00:00.000Z,19,19,19,0,100.00,0.04,1.38,4.67,13,13,0,0.00
11214,2025-07-01T00:00:00.000Z,13,13,13,0,100.00,0.0,0.74,0.00,15,15,1,6.67
11214,2025-08-01T00:00:00.000Z,13,13,13,0,100.00,0.0,0.65,3.54,20,17,0,0.00
11214,2025-09-01T00:00:00.000Z,18,18,18,0,100.00,0.0,1.21,6.00,20,19,0,0.00
11214,2025-10-01T00:00:00.000Z,8,8,7,1,87.50,0.0,6.18,38.08,20,19,0,0.00
11214,2025-11-01T00:00:00.000Z,4,4,4,0,100.00,0.0,2.26,9.04,17,17,1,5.88
11214,2025-12-01T00:00:00.000Z,11,11,11,0,100.00,0.0,0.24,1.29,30,30,0,0.00
11214,2026-01-01T00:00:00.000Z,11,11,11,0,100.00,0.0,4.58,9.88,24,22,0,0.00
11214,2026-02-01T00:00:00.000Z,4,4,4,0,100.00,0.0,0.00,0.00,12,11,0,0.00
11214,2026-03-01T00:00:00.000Z,8,8,8,0,100.00,0.0,0.78,3.13,14,14,0,0.00
11214,2026-04-01T00:00:00.000Z,8,8,8,0,100.00,6.23,6.44,13.00,10,9,0,0.00
11214,2026-05-01T00:00:00.000Z,8,8,7,1,87.50,8.27,15.32,35.21,20,20,2,10.00
11214,2026-06-01T00:00:00.000Z,7,7,5,2,71.43,16.13,24.15,79.33,30,27,0,0.00
11214,2026-07-01T00:00:00.000Z,15,15,8,7,53.33,17.83,26.64,58.08,22,22,0,0.00
11214,2026-08-01T00:00:00.000Z,15,9,5,4,55.56,10.29,8.83,15.21,22,20,2,9.09
11214,2026-09-01T00:00:00.000Z,null,null,null,null,null,null,null,null,9,9,0,0.00
11215,2025-01-01T00:00:00.000Z,29,29,29,0,100.00,0.0,0.51,2.00,22,22,2,9.09
11215,2025-02-01T00:00:00.000Z,24,24,24,0,100.00,0.0,0.67,2.83,23,23,0,0.00
11215,2025-03-01T00:00:00.000Z,39,39,39,0,100.00,0.0,0.79,3.75,24,23,0,0.00
11215,2025-04-01T00:00:00.000Z,31,31,31,0,100.00,0.0,0.87,2.88,21,21,2,9.52
11215,2025-05-01T00:00:00.000Z,51,51,51,0,100.00,0.0,0.71,3.08,24,24,0,0.00
11215,2025-06-01T00:00:00.000Z,38,38,38,0,100.00,0.0,0.85,0.63,31,29,2,6.45
11215,2025-07-01T00:00:00.000Z,46,46,46,0,100.00,0.0,0.75,2.00,17,17,1,5.88
11215,2025-08-01T00:00:00.000Z,29,29,29,0,100.00,0.0,0.38,2.00,16,15,0,0.00
11215,2025-09-01T00:00:00.000Z,33,33,33,0,100.00,0.0,0.36,1.83,23,23,0,0.00
11215,2025-10-01T00:00:00.000Z,9,9,9,0,100.00,0.0,0.80,5.63,25,25,1,4.00
11215,2025-11-01T00:00:00.000Z,11,11,11,0,100.00,0.0,0.84,2.92,30,29,3,10.00
11215,2025-12-01T00:00:00.000Z,9,9,9,0,100.00,0.0,0.31,2.83,50,49,3,6.00
11215,2026-01-01T00:00:00.000Z,16,16,16,0,100.00,0.0,0.75,4.13,17,17,0,0.00
11215,2026-02-01T00:00:00.000Z,5,5,5,0,100.00,1.5,1.51,3.25,27,27,1,3.70
11215,2026-03-01T00:00:00.000Z,21,21,20,1,95.24,0.0,6.56,2.58,33,33,0,0.00
11215,2026-04-01T00:00:00.000Z,12,12,12,0,100.00,4.85,6.05,12.25,34,32,0,0.00
11215,2026-05-01T00:00:00.000Z,28,28,28,0,100.00,5.29,6.90,17.25,19,19,0,0.00
11215,2026-06-01T00:00:00.000Z,23,23,22,1,95.65,9.5,11.72,21.00,17,17,1,5.88
11215,2026-07-01T00:00:00.000Z,29,29,28,1,96.55,8.21,9.54,17.79,29,29,1,3.45
11215,2026-08-01T00:00:00.000Z,29,22,21,1,95.45,7.46,8.34,14.79,38,37,0,0.00
11215,2026-09-01T00:00:00.000Z,11,0,0,0,null,null,null,null,19,19,0,0.00
11216,2025-01-01T00:00:00.000Z,20,20,18,2,90.00,0.0,8.07,22.75,19,19,0,0.00
11216,2025-02-01T00:00:00.000Z,32,32,25,7,78.13,6.13,21.51,84.50,40,39,3,7.50
11216,2025-03-01T00:00:00.000Z,37,37,34,3,91.89,0.88,5.86,15.67,9,5,5,55.56
11216,2025-04-01T00:00:00.000Z,32,32,30,2,93.75,0.65,9.25,26.50,24,23,0,0.00
11216,2025-05-01T00:00:00.000Z,48,48,42,6,87.50,1.31,8.05,34.79,20,17,3,15.00
11216,2025-06-01T00:00:00.000Z,39,39,38,1,97.44,1.17,5.98,19.13,2,2,0,0.00
11216,2025-07-01T00:00:00.000Z,45,45,38,7,84.44,0.08,9.53,40.54,13,11,0,0.00
11216,2025-08-01T00:00:00.000Z,45,45,42,3,93.33,1.71,8.64,28.04,15,14,0,0.00
11216,2025-09-01T00:00:00.000Z,50,50,49,1,98.00,0.48,3.60,9.92,14,14,1,7.14
11216,2025-10-01T00:00:00.000Z,38,38,38,0,100.00,0.0,3.08,15.08,23,22,1,4.35
11216,2025-11-01T00:00:00.000Z,21,21,21,0,100.00,0.0,1.83,3.54,15,15,1,6.67
11216,2025-12-01T00:00:00.000Z,13,13,13,0,100.00,0.21,3.66,13.79,14,14,1,7.14
11216,2026-01-01T00:00:00.000Z,16,16,14,2,87.50,1.54,21.43,78.00,20,20,3,15.00
11216,2026-02-01T00:00:00.000Z,12,12,9,3,75.00,1.38,16.99,66.46,6,6,0,0.00
11216,2026-03-01T00:00:00.000Z,29,29,25,4,86.21,0.5,11.18,38.50,12,11,0,0.00
11216,2026-04-01T00:00:00.000Z,44,44,35,9,79.55,10.79,17.15,42.75,29,26,0,0.00
11216,2026-05-01T00:00:00.000Z,52,52,44,8,84.62,10.71,18.72,34.38,22,22,1,4.55
11216,2026-06-01T00:00:00.000Z,36,36,31,5,86.11,10.38,15.60,31.25,17,17,1,5.88
11216,2026-07-01T00:00:00.000Z,42,42,37,5,88.10,8.23,11.60,26.75,23,22,2,8.70
11216,2026-08-01T00:00:00.000Z,40,25,14,11,56.00,8.5,16.66,35.42,13,13,0,0.00
11216,2026-09-01T00:00:00.000Z,27,0,0,0,null,null,null,null,12,12,1,8.33
11217,2025-01-01T00:00:00.000Z,11,11,11,0,100.00,0.0,0.36,0.00,42,42,1,2.38
11217,2025-02-01T00:00:00.000Z,10,10,10,0,100.00,0.0,0.36,0.71,15,14,2,13.33
11217,2025-03-01T00:00:00.000Z,8,8,8,0,100.00,0.0,0.01,0.08,13,13,0,0.00
11217,2025-04-01T00:00:00.000Z,11,11,11,0,100.00,0.0,2.80,0.67,16,16,2,12.50
11217,2025-05-01T00:00:00.000Z,24,24,24,0,100.00,0.06,1.02,3.00,13,13,0,0.00
11217,2025-06-01T00:00:00.000Z,13,13,13,0,100.00,0.0,0.51,1.67,23,23,1,4.35
11217,2025-07-01T00:00:00.000Z,24,24,24,0,100.00,0.08,0.88,3.92,19,18,0,0.00
11217,2025-08-01T00:00:00.000Z,23,23,23,0,100.00,0.0,0.83,1.88,40,38,1,2.50
11217,2025-09-01T00:00:00.000Z,19,19,19,0,100.00,0.0,0.46,1.67,22,20,1,4.55
11217,2025-10-01T00:00:00.000Z,10,10,10,0,100.00,0.0,0.37,1.58,30,28,1,3.33
11217,2025-11-01T00:00:00.000Z,4,4,4,0,100.00,0.0,0.00,0.00,25,25,0,0.00
11217,2025-12-01T00:00:00.000Z,14,14,14,0,100.00,0.0,0.85,3.75,19,19,0,0.00
11217,2026-01-01T00:00:00.000Z,10,10,10,0,100.00,0.13,0.48,1.08,12,12,1,8.33
11217,2026-02-01T00:00:00.000Z,5,5,5,0,100.00,1.58,2.38,5.54,14,14,0,0.00
11217,2026-03-01T00:00:00.000Z,8,8,8,0,100.00,0.02,1.01,3.92,14,14,0,0.00
11217,2026-04-01T00:00:00.000Z,5,5,4,1,80.00,15.21,16.98,48.38,17,17,2,11.76
11217,2026-05-01T00:00:00.000Z,6,6,6,0,100.00,8.19,7.36,14.00,17,17,2,11.76
11217,2026-06-01T00:00:00.000Z,12,12,12,0,100.00,8.35,10.26,24.00,27,26,0,0.00
11217,2026-07-01T00:00:00.000Z,7,7,7,0,100.00,8.96,9.77,18.25,25,22,2,8.00
11217,2026-08-01T00:00:00.000Z,7,6,6,0,100.00,4.94,8.08,24.25,21,21,1,4.76
11217,2026-09-01T00:00:00.000Z,7,0,0,0,null,null,null,null,8,8,0,0.00
11218,2025-01-01T00:00:00.000Z,15,15,15,0,100.00,0.0,1.02,5.33,8,8,1,12.50
11218,2025-02-01T00:00:00.000Z,17,17,17,0,100.00,0.0,2.02,7.96,null,null,null,null
11218,2025-03-01T00:00:00.000Z,27,27,27,0,100.00,0.0,1.72,9.96,9,9,0,0.00
11218,2025-04-01T00:00:00.000Z,36,36,36,0,100.00,0.13,1.88,7.79,10,10,0,0.00
11218,2025-05-01T00:00:00.000Z,39,39,39,0,100.00,0.0,1.58,6.88,11,11,0,0.00
11218,2025-06-01T00:00:00.000Z,30,30,30,0,100.00,0.0,1.22,6.17,16,16,3,18.75
11218,2025-07-01T00:00:00.000Z,21,21,21,0,100.00,0.0,3.26,15.88,15,13,1,6.67
11218,2025-08-01T00:00:00.000Z,31,31,31,0,100.00,0.13,1.99,4.25,14,13,0,0.00
11218,2025-09-01T00:00:00.000Z,29,29,29,0,100.00,0.0,2.76,10.67,6,6,0,0.00
11218,2025-10-01T00:00:00.000Z,18,18,18,0,100.00,0.0,0.37,2.50,17,17,0,0.00
11218,2025-11-01T00:00:00.000Z,9,9,9,0,100.00,0.0,0.00,0.00,13,12,0,0.00
11218,2025-12-01T00:00:00.000Z,11,11,11,0,100.00,0.0,1.51,2.04,15,14,1,6.67
11218,2026-01-01T00:00:00.000Z,19,19,19,0,100.00,0.0,1.46,5.50,19,18,2,10.53
11218,2026-02-01T00:00:00.000Z,12,12,12,0,100.00,1.31,3.10,5.75,3,3,0,0.00
11218,2026-03-01T00:00:00.000Z,24,24,24,0,100.00,0.79,2.51,3.42,8,8,1,12.50
11218,2026-04-01T00:00:00.000Z,26,26,25,1,96.15,1.42,7.71,14.17,11,11,1,9.09
11218,2026-05-01T00:00:00.000Z,34,34,30,4,88.24,9.21,10.12,17.29,9,9,1,11.11
11218,2026-06-01T00:00:00.000Z,27,27,17,10,62.96,13.23,29.98,75.08,11,11,0,0.00
11218,2026-07-01T00:00:00.000Z,22,22,14,8,63.64,18.08,20.26,46.04,11,10,0,0.00
11218,2026-08-01T00:00:00.000Z,35,22,16,6,72.73,9.13,13.30,32.00,14,13,0,0.00
11218,2026-09-01T00:00:00.000Z,11,0,0,0,null,null,null,null,4,4,0,0.00
11219,2025-01-01T00:00:00.000Z,3,3,3,0,100.00,0.0,0.00,0.00,8,6,2,25.00
11219,2025-02-01T00:00:00.000Z,4,4,4,0,100.00,0.0,0.00,0.00,7,7,1,14.29
11219,2025-03-01T00:00:00.000Z,7,7,7,0,100.00,0.0,0.00,0.00,7,7,2,28.57
11219,2025-04-01T00:00:00.000Z,9,9,9,0,100.00,0.0,2.55,13.75,7,6,0,0.00
11219,2025-05-01T00:00:00.000Z,6,6,6,0,100.00,0.0,0.65,3.25,11,11,1,9.09
11219,2025-06-01T00:00:00.000Z,10,10,10,0,100.00,0.0,0.00,0.00,4,4,0,0.00
11219,2025-07-01T00:00:00.000Z,15,15,15,0,100.00,0.0,2.34,9.67,6,6,2,33.33
11219,2025-08-01T00:00:00.000Z,23,23,23,0,100.00,0.0,1.13,4.96,9,8,1,11.11
11219,2025-09-01T00:00:00.000Z,43,43,43,0,100.00,0.0,2.00,7.17,11,9,0,0.00
11219,2025-10-01T00:00:00.000Z,7,7,7,0,100.00,0.0,1.89,13.25,5,5,0,0.00
11219,2025-11-01T00:00:00.000Z,4,4,4,0,100.00,0.0,0.00,0.00,9,8,0,0.00
11219,2025-12-01T00:00:00.000Z,3,3,3,0,100.00,0.0,0.00,0.00,14,14,0,0.00
11219,2026-01-01T00:00:00.000Z,2,2,2,0,100.00,0.0,0.00,0.00,8,7,0,0.00
11219,2026-02-01T00:00:00.000Z,4,4,3,1,75.00,0.04,46.36,185.38,12,12,1,8.33
11219,2026-03-01T00:00:00.000Z,4,4,3,1,75.00,0.0,35.34,141.38,9,9,0,0.00
11219,2026-04-01T00:00:00.000Z,8,8,8,0,100.00,0.4,3.70,16.83,18,17,1,5.56
11219,2026-05-01T00:00:00.000Z,8,8,8,0,100.00,10.77,12.81,25.83,6,6,0,0.00
11219,2026-06-01T00:00:00.000Z,7,7,6,1,85.71,14.63,26.07,79.21,16,16,1,6.25
11219,2026-07-01T00:00:00.000Z,5,5,3,2,60.00,9.21,13.94,32.88,8,8,1,12.50
11219,2026-08-01T00:00:00.000Z,14,8,7,1,87.50,11.71,10.51,14.00,6,6,0,0.00
11219,2026-09-01T00:00:00.000Z,2,0,0,0,null,null,null,null,3,3,0,0.00
11220,2025-01-01T00:00:00.000Z,13,13,13,0,100.00,0.0,1.09,4.00,26,26,2,7.69
11220,2025-02-01T00:00:00.000Z,17,17,17,0,100.00,0.0,0.88,4.96,26,26,1,3.85
11220,2025-03-01T00:00:00.000Z,20,20,20,0,100.00,0.0,1.93,7.33,18,17,0,0.00
11220,2025-04-01T00:00:00.000Z,17,17,17,0,100.00,0.0,0.38,0.88,22,17,0,0.00
11220,2025-05-01T00:00:00.000Z,19,19,19,0,100.00,0.0,0.58,1.67,20,19,0,0.00
11220,2025-06-01T00:00:00.000Z,27,27,27,0,100.00,0.0,0.97,6.96,22,21,1,4.55
11220,2025-07-01T00:00:00.000Z,18,18,18,0,100.00,0.0,0.25,0.92,39,35,2,5.13
11220,2025-08-01T00:00:00.000Z,10,10,10,0,100.00,0.0,0.36,1.54,47,45,3,6.38
11220,2025-09-01T00:00:00.000Z,11,11,11,0,100.00,0.0,0.32,0.79,27,26,1,3.70
11220,2025-10-01T00:00:00.000Z,14,14,14,0,100.00,0.0,0.64,3.25,32,31,2,6.25
11220,2025-11-01T00:00:00.000Z,7,7,7,0,100.00,0.0,0.38,1.92,34,34,1,2.94
11220,2025-12-01T00:00:00.000Z,10,10,10,0,100.00,0.0,0.27,0.00,50,50,4,8.00
11220,2026-01-01T00:00:00.000Z,3,3,3,0,100.00,0.0,0.90,2.71,30,30,3,10.00
11220,2026-02-01T00:00:00.000Z,3,3,3,0,100.00,0.0,0.00,0.00,22,22,0,0.00
11220,2026-03-01T00:00:00.000Z,9,9,7,2,77.78,0.0,43.48,190.04,29,28,1,3.45
11220,2026-04-01T00:00:00.000Z,12,12,11,1,91.67,3.42,5.78,11.79,40,36,1,2.50
11220,2026-05-01T00:00:00.000Z,14,14,13,1,92.86,9.38,13.04,25.96,33,30,3,9.09
11220,2026-06-01T00:00:00.000Z,18,18,18,0,100.00,10.17,11.59,20.92,39,37,3,7.69
11220,2026-07-01T00:00:00.000Z,17,17,11,6,64.71,8.54,16.09,38.08,30,29,1,3.33
11220,2026-08-01T00:00:00.000Z,15,12,9,3,75.00,6.96,11.78,30.46,37,35,2,5.41
11220,2026-09-01T00:00:00.000Z,4,0,0,0,null,null,null,null,16,16,0,0.00
11221,2025-01-01T00:00:00.000Z,18,18,18,0,100.00,0.0,4.87,26.00,6,6,1,16.67
11221,2025-02-01T00:00:00.000Z,44,44,44,0,100.00,0.0,0.86,2.38,12,12,1,8.33
11221,2025-03-01T00:00:00.000Z,31,31,31,0,100.00,0.0,0.87,3.00,15,13,0,0.00
11221,2025-04-01T00:00:00.000Z,38,38,38,0,100.00,0.0,0.72,3.33,11,11,0,0.00
11221,2025-05-01T00:00:00.000Z,46,46,45,1,97.83,0.04,2.34,3.63,13,13,0,0.00
11221,2025-06-01T00:00:00.000Z,53,53,53,0,100.00,0.0,1.43,4.13,11,11,0,0.00
11221,2025-07-01T00:00:00.000Z,67,67,66,1,98.51,0.04,1.41,4.63,13,13,0,0.00
11221,2025-08-01T00:00:00.000Z,34,34,34,0,100.00,0.0,1.79,8.00,15,15,0,0.00
11221,2025-09-01T00:00:00.000Z,40,40,40,0,100.00,0.0,1.00,3.17,12,12,0,0.00
11221,2025-10-01T00:00:00.000Z,29,29,29,0,100.00,0.17,1.43,3.75,11,11,0,0.00
11221,2025-11-01T00:00:00.000Z,14,14,14,0,100.00,0.06,1.04,0.79,14,14,0,0.00
11221,2025-12-01T00:00:00.000Z,16,16,16,0,100.00,0.0,0.64,0.83,9,9,1,11.11
11221,2026-01-01T00:00:00.000Z,14,14,14,0,100.00,0.0,0.34,2.00,12,12,1,8.33
11221,2026-02-01T00:00:00.000Z,11,11,11,0,100.00,0.0,1.12,2.46,12,11,1,8.33
11221,2026-03-01T00:00:00.000Z,28,28,27,1,96.43,0.04,5.45,24.13,17,16,2,11.76
11221,2026-04-01T00:00:00.000Z,30,30,29,1,96.67,6.0,8.97,14.75,8,8,1,12.50
11221,2026-05-01T00:00:00.000Z,32,32,30,2,93.75,5.27,10.72,21.33,6,6,0,0.00
11221,2026-06-01T00:00:00.000Z,43,43,38,5,88.37,10.21,16.21,33.42,19,18,1,5.26
11221,2026-07-01T00:00:00.000Z,44,44,40,4,90.91,8.04,10.87,18.96,14,14,3,21.43
11221,2026-08-01T00:00:00.000Z,44,33,28,5,84.85,13.69,14.73,30.21,25,24,1,4.00
11221,2026-09-01T00:00:00.000Z,16,0,0,0,null,null,null,null,11,11,1,9.09
11222,2025-01-01T00:00:00.000Z,11,11,11,0,100.00,0.0,0.36,0.96,17,17,1,5.88
11222,2025-02-01T00:00:00.000Z,23,23,23,0,100.00,0.0,1.52,6.00,4,3,1,25.00
11222,2025-03-01T00:00:00.000Z,17,17,17,0,100.00,0.0,0.82,3.96,20,19,1,5.00
11222,2025-04-01T00:00:00.000Z,29,29,29,0,100.00,0.0,0.30,0.96,19,19,1,5.26
11222,2025-05-01T00:00:00.000Z,23,23,23,0,100.00,0.0,1.52,4.83,12,12,3,25.00
11222,2025-06-01T00:00:00.000Z,17,17,17,0,100.00,0.0,2.43,10.04,4,4,0,0.00
11222,2025-07-01T00:00:00.000Z,16,16,16,0,100.00,0.0,0.70,2.79,31,30,0,0.00
11222,2025-08-01T00:00:00.000Z,24,24,23,1,95.83,0.0,3.04,4.25,19,18,0,0.00
11222,2025-09-01T00:00:00.000Z,17,17,17,0,100.00,0.0,0.41,1.75,21,21,1,4.76
11222,2025-10-01T00:00:00.000Z,15,15,15,0,100.00,0.0,0.31,1.63,20,20,0,0.00
11222,2025-11-01T00:00:00.000Z,2,2,2,0,100.00,0.0,0.00,0.00,29,29,1,3.45
11222,2025-12-01T00:00:00.000Z,2,2,2,0,100.00,0.02,0.02,0.04,31,31,1,3.23
11222,2026-01-01T00:00:00.000Z,6,6,6,0,100.00,0.0,0.01,0.08,12,12,0,0.00
11222,2026-02-01T00:00:00.000Z,11,11,11,0,100.00,0.0,0.95,3.96,14,14,2,14.29
11222,2026-03-01T00:00:00.000Z,12,12,12,0,100.00,0.0,0.06,0.00,19,19,1,5.26
11222,2026-04-01T00:00:00.000Z,11,11,11,0,100.00,4.54,6.56,14.50,29,28,1,3.45
11222,2026-05-01T00:00:00.000Z,26,26,26,0,100.00,12.17,11.67,17.13,19,19,0,0.00
11222,2026-06-01T00:00:00.000Z,14,14,14,0,100.00,10.63,10.42,14.38,21,21,0,0.00
11222,2026-07-01T00:00:00.000Z,16,16,15,1,93.75,11.08,12.70,20.96,21,21,0,0.00
11222,2026-08-01T00:00:00.000Z,8,8,6,2,75.00,14.88,15.74,39.46,18,18,0,0.00
11222,2026-09-01T00:00:00.000Z,9,0,0,0,null,null,null,null,13,13,0,0.00
11223,2025-01-01T00:00:00.000Z,5,5,5,0,100.00,0.0,1.23,4.96,14,13,0,0.00
11223,2025-02-01T00:00:00.000Z,1,1,1,0,100.00,8.79,8.79,8.79,6,6,0,0.00
11223,2025-03-01T00:00:00.000Z,7,7,7,0,100.00,0.0,3.73,12.33,14,12,0,0.00
11223,2025-04-01T00:00:00.000Z,4,4,4,0,100.00,0.0,0.22,0.88,16,16,0,0.00
11223,2025-05-01T00:00:00.000Z,14,14,14,0,100.00,0.0,2.07,6.42,12,12,0,0.00
11223,2025-06-01T00:00:00.000Z,11,11,11,0,100.00,0.0,1.80,4.04,7,7,0,0.00
11223,2025-07-01T00:00:00.000Z,12,12,12,0,100.00,0.0,1.40,0.00,21,17,2,9.52
11223,2025-08-01T00:00:00.000Z,12,12,12,0,100.00,0.0,0.35,0.42,10,10,0,0.00
11223,2025-09-01T00:00:00.000Z,16,16,16,0,100.00,0.0,0.99,5.21,3,3,0,0.00
11223,2025-10-01T00:00:00.000Z,7,7,7,0,100.00,0.0,1.00,7.00,18,17,0,0.00
11223,2025-11-01T00:00:00.000Z,6,6,6,0,100.00,0.0,1.55,6.17,18,18,0,0.00
11223,2025-12-01T00:00:00.000Z,null,null,null,null,null,null,null,null,18,18,2,11.11
11223,2026-01-01T00:00:00.000Z,5,5,5,0,100.00,0.0,2.64,7.13,9,9,0,0.00
11223,2026-02-01T00:00:00.000Z,4,4,4,0,100.00,0.0,1.50,6.00,9,9,2,22.22
11223,2026-03-01T00:00:00.000Z,5,5,5,0,100.00,0.0,0.00,0.00,16,16,0,0.00
11223,2026-04-01T00:00:00.000Z,null,null,null,null,null,null,null,null,9,9,0,0.00
11223,2026-05-01T00:00:00.000Z,14,14,11,3,78.57,11.58,13.24,19.00,15,14,1,6.67
11223,2026-06-01T00:00:00.000Z,6,6,4,2,66.67,14.5,16.69,35.75,15,14,0,0.00
11223,2026-07-01T00:00:00.000Z,11,11,6,5,54.55,11.9,24.33,51.33,16,16,0,0.00
11223,2026-08-01T00:00:00.000Z,5,4,2,2,50.00,6.21,6.21,6.50,15,15,0,0.00
11223,2026-09-01T00:00:00.000Z,5,0,0,0,null,null,null,null,8,8,0,0.00
11224,2025-02-01T00:00:00.000Z,7,7,7,0,100.00,0.0,0.40,2.79,4,4,1,25.00
11224,2025-03-01T00:00:00.000Z,3,3,3,0,100.00,0.0,4.40,13.21,9,9,0,0.00
11224,2025-04-01T00:00:00.000Z,9,9,9,0,100.00,0.0,1.30,8.54,1,1,0,0.00
11224,2025-05-01T00:00:00.000Z,5,5,5,0,100.00,0.0,1.37,6.83,3,3,0,0.00
11224,2025-06-01T00:00:00.000Z,10,10,10,0,100.00,0.0,1.14,2.79,4,4,0,0.00
11224,2025-07-01T00:00:00.000Z,7,7,7,0,100.00,0.0,4.43,20.96,1,1,0,0.00
11224,2025-08-01T00:00:00.000Z,6,6,6,0,100.00,0.0,0.00,0.00,12,12,0,0.00
11224,2025-09-01T00:00:00.000Z,2,2,2,0,100.00,0.0,0.00,0.00,3,3,0,0.00
11224,2025-10-01T00:00:00.000Z,5,5,5,0,100.00,0.0,0.01,0.04,5,5,0,0.00
11224,2025-11-01T00:00:00.000Z,4,4,4,0,100.00,0.0,0.00,0.00,7,6,0,0.00
11224,2025-12-01T00:00:00.000Z,4,4,4,0,100.00,0.35,1.16,3.92,4,1,2,50.00
11224,2026-01-01T00:00:00.000Z,3,3,3,0,100.00,0.0,1.63,4.88,6,6,0,0.00
11224,2026-02-01T00:00:00.000Z,1,1,1,0,100.00,0.0,0.00,0.00,4,4,0,0.00
11224,2026-03-01T00:00:00.000Z,5,5,5,0,100.00,0.0,1.10,5.50,9,9,0,0.00
11224,2026-04-01T00:00:00.000Z,3,3,3,0,100.00,10.04,7.86,11.25,5,5,0,0.00
11224,2026-05-01T00:00:00.000Z,4,4,3,1,75.00,14.13,14.93,24.42,19,19,0,0.00
11224,2026-06-01T00:00:00.000Z,5,5,5,0,100.00,11.13,11.69,21.08,9,9,0,0.00
11224,2026-07-01T00:00:00.000Z,3,3,3,0,100.00,13.04,11.50,15.33,7,7,0,0.00
11224,2026-08-01T00:00:00.000Z,7,7,2,5,28.57,8.48,8.48,9.04,1,1,0,0.00
11224,2026-09-01T00:00:00.000Z,3,0,0,0,null,null,null,null,4,4,0,0.00
11225,2025-01-01T00:00:00.000Z,15,15,15,0,100.00,1.5,1.91,5.58,9,8,0,0.00
11225,2025-02-01T00:00:00.000Z,15,15,15,0,100.00,1.83,2.74,8.71,3,3,0,0.00
11225,2025-03-01T00:00:00.000Z,26,26,26,0,100.00,0.0,1.53,6.25,11,11,0,0.00
11225,2025-04-01T00:00:00.000Z,29,29,29,0,100.00,0.0,1.85,3.54,11,10,0,0.00
11225,2025-05-01T00:00:00.000Z,18,18,18,0,100.00,0.0,1.11,6.25,20,19,2,10.00
11225,2025-06-01T00:00:00.000Z,28,28,28,0,100.00,0.0,1.93,6.67,2,2,0,0.00
11225,2025-07-01T00:00:00.000Z,31,31,31,0,100.00,0.0,2.81,10.04,5,5,1,20.00
11225,2025-08-01T00:00:00.000Z,26,26,26,0,100.00,0.0,1.18,3.54,13,12,0,0.00
11225,2025-09-01T00:00:00.000Z,28,28,28,0,100.00,0.0,1.55,5.92,16,15,0,0.00
11225,2025-10-01T00:00:00.000Z,23,23,23,0,100.00,0.04,4.07,12.67,8,8,0,0.00
11225,2025-11-01T00:00:00.000Z,19,19,19,0,100.00,0.0,1.34,6.67,16,15,0,0.00
11225,2025-12-01T00:00:00.000Z,18,18,18,0,100.00,0.0,1.19,5.92,19,18,2,10.53
11225,2026-01-01T00:00:00.000Z,28,28,28,0,100.00,0.08,2.50,9.67,9,9,0,0.00
11225,2026-02-01T00:00:00.000Z,18,18,18,0,100.00,0.56,2.92,14.75,10,9,1,10.00
11225,2026-03-01T00:00:00.000Z,44,44,44,0,100.00,0.85,1.92,4.88,14,13,0,0.00
11225,2026-04-01T00:00:00.000Z,18,18,18,0,100.00,4.35,5.01,15.92,10,10,1,10.00
11225,2026-05-01T00:00:00.000Z,40,40,39,1,97.50,7.0,7.68,15.13,24,24,1,4.17
11225,2026-06-01T00:00:00.000Z,13,13,11,2,84.62,16.29,19.61,32.00,9,9,1,11.11
11225,2026-07-01T00:00:00.000Z,34,34,29,5,85.29,20.15,17.85,26.54,18,17,0,0.00
11225,2026-08-01T00:00:00.000Z,32,25,13,12,52.00,13.92,12.26,16.83,19,19,1,5.26
11225,2026-09-01T00:00:00.000Z,6,0,0,0,null,null,null,null,5,5,0,0.00
11226,2025-01-01T00:00:00.000Z,35,35,35,0,100.00,0.0,2.04,9.21,24,24,1,4.17
11226,2025-02-01T00:00:00.000Z,32,32,32,0,100.00,0.27,1.76,6.88,14,14,1,7.14
11226,2025-03-01T00:00:00.000Z,59,59,59,0,100.00,0.0,2.78,9.71,17,15,2,11.76
11226,2025-04-01T00:00:00.000Z,37,37,37,0,100.00,0.0,2.50,9.79,21,19,0,0.00
11226,2025-05-01T00:00:00.000Z,61,61,61,0,100.00,0.0,1.83,6.50,12,11,0,0.00
11226,2025-06-01T00:00:00.000Z,66,66,66,0,100.00,0.0,1.90,5.04,18,17,0,0.00
11226,2025-07-01T00:00:00.000Z,35,35,35,0,100.00,0.0,5.10,15.21,20,19,0,0.00
11226,2025-08-01T00:00:00.000Z,35,35,35,0,100.00,0.0,2.81,10.67,16,15,0,0.00
11226,2025-09-01T00:00:00.000Z,41,41,41,0,100.00,0.0,2.06,6.58,25,24,1,4.00
11226,2025-10-01T00:00:00.000Z,37,37,37,0,100.00,0.0,2.73,11.63,29,27,2,6.90
11226,2025-11-01T00:00:00.000Z,26,26,26,0,100.00,2.75,3.49,8.83,24,22,1,4.17
11226,2025-12-01T00:00:00.000Z,22,22,22,0,100.00,0.0,1.58,6.38,37,31,4,10.81
11226,2026-01-01T00:00:00.000Z,30,30,30,0,100.00,0.0,1.55,4.08,12,11,1,8.33
11226,2026-02-01T00:00:00.000Z,18,18,17,1,94.44,0.0,11.97,10.00,8,8,0,0.00
11226,2026-03-01T00:00:00.000Z,31,31,31,0,100.00,0.0,2.81,10.63,21,20,1,4.76
11226,2026-04-01T00:00:00.000Z,38,38,38,0,100.00,2.94,3.63,7.29,15,13,0,0.00
11226,2026-05-01T00:00:00.000Z,29,29,26,3,89.66,9.21,10.02,19.13,22,20,2,9.09
11226,2026-06-01T00:00:00.000Z,23,23,21,2,91.30,11.25,12.10,20.00,16,16,0,0.00
11226,2026-07-01T00:00:00.000Z,35,35,21,14,60.00,12.25,18.35,50.17,32,29,1,3.13
11226,2026-08-01T00:00:00.000Z,52,30,14,16,46.67,23.13,18.22,34.00,24,24,0,0.00
11226,2026-09-01T00:00:00.000Z,18,0,0,0,null,null,null,null,15,12,0,0.00
11228,2025-01-01T00:00:00.000Z,9,9,9,0,100.00,0.0,1.55,6.08,3,3,0,0.00
11228,2025-02-01T00:00:00.000Z,5,5,5,0,100.00,0.0,1.47,6.58,null,null,null,null
11228,2025-03-01T00:00:00.000Z,2,2,2,0,100.00,0.0,0.00,0.00,6,6,1,16.67
11228,2025-04-01T00:00:00.000Z,10,10,10,0,100.00,0.38,1.13,3.04,8,8,0,0.00
11228,2025-05-01T00:00:00.000Z,1,1,1,0,100.00,0.0,0.00,0.00,2,2,0,0.00
11228,2025-06-01T00:00:00.000Z,7,7,7,0,100.00,0.0,0.13,0.88,10,9,1,10.00
11228,2025-07-01T00:00:00.000Z,3,3,3,0,100.00,0.0,0.00,0.00,7,5,0,0.00
11228,2025-08-01T00:00:00.000Z,4,4,4,0,100.00,0.0,0.00,0.00,4,4,0,0.00
11228,2025-09-01T00:00:00.000Z,9,9,9,0,100.00,0.0,0.91,8.21,5,5,0,0.00
11228,2025-10-01T00:00:00.000Z,9,9,9,0,100.00,0.0,0.44,3.92,7,7,0,0.00
11228,2025-11-01T00:00:00.000Z,null,null,null,null,null,null,null,null,4,4,1,25.00
11228,2025-12-01T00:00:00.000Z,2,2,2,0,100.00,0.0,0.00,0.00,6,6,1,16.67
11228,2026-01-01T00:00:00.000Z,1,1,1,0,100.00,0.0,0.00,0.00,10,10,1,10.00
11228,2026-02-01T00:00:00.000Z,1,1,1,0,100.00,0.0,0.00,0.00,5,5,0,0.00
11228,2026-03-01T00:00:00.000Z,8,8,8,0,100.00,0.0,0.22,1.79,3,3,1,33.33
11228,2026-04-01T00:00:00.000Z,1,1,1,0,100.00,0.33,0.33,0.33,6,5,0,0.00
11228,2026-05-01T00:00:00.000Z,6,6,5,1,83.33,17.67,18.00,26.46,4,4,0,0.00
11228,2026-06-01T00:00:00.000Z,6,6,2,4,33.33,28.08,45.44,84.04,2,2,0,0.00
11228,2026-07-01T00:00:00.000Z,5,5,3,2,60.00,11.67,24.84,64.96,8,8,0,0.00
11228,2026-08-01T00:00:00.000Z,9,7,4,3,57.14,7.67,9.25,17.42,3,3,0,0.00
11228,2026-09-01T00:00:00.000Z,3,0,0,0,null,null,null,null,null,null,null,null
11229,2025-01-01T00:00:00.000Z,6,6,6,0,100.00,0.67,3.15,10.25,13,13,3,23.08
11229,2025-02-01T00:00:00.000Z,4,4,4,0,100.00,2.88,4.01,10.29,6,5,0,0.00
11229,2025-03-01T00:00:00.000Z,3,3,3,0,100.00,0.63,3.40,9.58,17,16,0,0.00
11229,2025-04-01T00:00:00.000Z,8,8,8,0,100.00,0.0,0.43,3.21,11,11,1,9.09
11229,2025-05-01T00:00:00.000Z,8,8,8,0,100.00,1.02,2.78,10.63,1,1,0,0.00
11229,2025-06-01T00:00:00.000Z,10,10,10,0,100.00,0.0,1.87,5.92,15,15,0,0.00
11229,2025-07-01T00:00:00.000Z,14,14,14,0,100.00,0.0,1.43,4.42,3,3,0,0.00
11229,2025-08-01T00:00:00.000Z,8,8,8,0,100.00,7.1,5.86,10.58,12,12,1,8.33
11229,2025-09-01T00:00:00.000Z,7,7,7,0,100.00,0.0,1.37,6.67,6,6,1,16.67
11229,2025-10-01T00:00:00.000Z,14,14,14,0,100.00,0.0,4.16,17.75,13,11,0,0.00
11229,2025-11-01T00:00:00.000Z,2,2,2,0,100.00,0.0,0.00,0.00,20,20,0,0.00
11229,2025-12-01T00:00:00.000Z,3,3,3,0,100.00,0.0,1.96,5.88,10,10,1,10.00
11229,2026-01-01T00:00:00.000Z,4,4,4,0,100.00,1.38,1.64,3.79,17,16,0,0.00
11229,2026-02-01T00:00:00.000Z,2,2,2,0,100.00,0.0,0.00,0.00,11,11,1,9.09
11229,2026-03-01T00:00:00.000Z,5,5,4,1,80.00,7.92,36.96,165.08,14,11,1,7.14
11229,2026-04-01T00:00:00.000Z,3,3,3,0,100.00,5.88,5.74,6.25,16,15,1,6.25
11229,2026-05-01T00:00:00.000Z,8,8,7,1,87.50,13.52,17.43,49.17,13,13,0,0.00
11229,2026-06-01T00:00:00.000Z,19,19,14,5,73.68,11.79,23.57,74.46,14,14,0,0.00
11229,2026-07-01T00:00:00.000Z,3,3,2,1,66.67,21.25,27.47,40.04,12,11,0,0.00
11229,2026-08-01T00:00:00.000Z,11,7,4,3,57.14,10.04,9.59,11.21,13,13,0,0.00
11229,2026-09-01T00:00:00.000Z,4,0,0,0,null,null,null,null,2,2,0,0.00
11230,2025-01-01T00:00:00.000Z,12,12,12,0,100.00,0.0,2.34,9.79,3,3,0,0.00
11230,2025-02-01T00:00:00.000Z,11,11,11,0,100.00,0.0,0.89,2.50,6,6,0,0.00
11230,2025-03-01T00:00:00.000Z,13,13,13,0,100.00,0.0,0.05,0.00,5,5,0,0.00
11230,2025-04-01T00:00:00.000Z,37,37,37,0,100.00,1.63,3.84,12.17,6,6,0,0.00
11230,2025-05-01T00:00:00.000Z,37,37,37,0,100.00,0.0,1.36,6.54,10,10,0,0.00
11230,2025-06-01T00:00:00.000Z,18,18,18,0,100.00,0.0,0.77,3.67,12,9,1,8.33
11230,2025-07-01T00:00:00.000Z,22,22,22,0,100.00,0.0,1.89,4.96,7,7,1,14.29
11230,2025-08-01T00:00:00.000Z,22,22,21,1,95.45,0.0,1.79,4.38,13,13,0,0.00
11230,2025-09-01T00:00:00.000Z,29,29,29,0,100.00,0.0,1.58,6.58,4,4,0,0.00
11230,2025-10-01T00:00:00.000Z,28,28,28,0,100.00,0.0,1.90,6.04,9,9,0,0.00
11230,2025-11-01T00:00:00.000Z,8,8,8,0,100.00,1.25,2.95,8.25,9,9,1,11.11
11230,2025-12-01T00:00:00.000Z,14,14,14,0,100.00,2.29,5.26,12.71,14,14,0,0.00
11230,2026-01-01T00:00:00.000Z,7,7,7,0,100.00,0.0,0.25,1.75,12,10,0,0.00
11230,2026-02-01T00:00:00.000Z,7,7,7,0,100.00,0.0,0.54,2.88,8,8,0,0.00
11230,2026-03-01T00:00:00.000Z,16,16,15,1,93.75,0.0,11.81,15.75,17,17,0,0.00
11230,2026-04-01T00:00:00.000Z,26,26,25,1,96.15,1.25,4.26,8.71,16,14,1,6.25
11230,2026-05-01T00:00:00.000Z,43,43,32,11,74.42,9.15,20.69,103.04,8,8,0,0.00
11230,2026-06-01T00:00:00.000Z,26,26,18,8,69.23,9.52,22.69,75.96,8,8,0,0.00
11230,2026-07-01T00:00:00.000Z,13,13,6,7,46.15,16.6,26.31,52.33,8,7,0,0.00
11230,2026-08-01T00:00:00.000Z,26,14,6,8,42.86,6.79,11.58,40.29,9,9,2,22.22
11230,2026-09-01T00:00:00.000Z,14,0,0,0,null,null,null,null,4,4,0,0.00
11231,2025-01-01T00:00:00.000Z,14,14,14,0,100.00,0.02,0.65,3.13,4,4,0,0.00
11231,2025-02-01T00:00:00.000Z,12,12,12,0,100.00,0.0,0.29,0.67,22,22,1,4.55
11231,2025-03-01T00:00:00.000Z,9,9,9,0,100.00,0.75,1.18,3.08,9,6,0,0.00
11231,2025-04-01T00:00:00.000Z,13,13,13,0,100.00,0.0,0.62,0.75,7,7,0,0.00
11231,2025-05-01T00:00:00.000Z,22,22,22,0,100.00,0.0,0.19,0.50,16,14,1,6.25
11231,2025-06-01T00:00:00.000Z,27,27,27,0,100.00,0.0,0.83,3.08,12,12,0,0.00
11231,2025-07-01T00:00:00.000Z,12,12,12,0,100.00,0.0,0.42,1.63,10,10,0,0.00
11231,2025-08-01T00:00:00.000Z,15,15,15,0,100.00,0.0,0.64,2.00,11,10,1,9.09
11231,2025-09-01T00:00:00.000Z,9,9,9,0,100.00,0.0,0.04,0.29,5,5,0,0.00
11231,2025-10-01T00:00:00.000Z,14,14,14,0,100.00,0.0,0.43,2.08,11,11,0,0.00
11231,2025-11-01T00:00:00.000Z,6,6,6,0,100.00,0.0,0.00,0.00,9,8,0,0.00
11231,2025-12-01T00:00:00.000Z,5,5,5,0,100.00,0.0,0.30,1.50,9,9,2,22.22
11231,2026-01-01T00:00:00.000Z,5,5,5,0,100.00,0.0,0.00,0.00,8,8,0,0.00
11231,2026-02-01T00:00:00.000Z,5,5,5,0,100.00,0.0,0.00,0.00,17,16,0,0.00
11231,2026-03-01T00:00:00.000Z,11,11,11,0,100.00,0.0,0.89,2.04,10,10,0,0.00
11231,2026-04-01T00:00:00.000Z,9,9,9,0,100.00,12.25,13.24,26.13,9,8,0,0.00
11231,2026-05-01T00:00:00.000Z,16,16,16,0,100.00,7.67,8.65,12.42,12,12,1,8.33
11231,2026-06-01T00:00:00.000Z,15,15,15,0,100.00,11.38,10.41,19.29,17,16,2,11.76
11231,2026-07-01T00:00:00.000Z,8,8,7,1,87.50,9.04,10.55,25.38,17,16,1,5.88
11231,2026-08-01T00:00:00.000Z,23,18,18,0,100.00,5.65,6.89,14.08,10,10,1,10.00
11231,2026-09-01T00:00:00.000Z,2,0,0,0,null,null,null,null,5,5,0,0.00
11232,2025-01-01T00:00:00.000Z,6,6,6,0,100.00,0.0,0.00,0.00,11,11,0,0.00
11232,2025-02-01T00:00:00.000Z,1,1,1,0,100.00,0.0,0.00,0.00,5,5,0,0.00
11232,2025-03-01T00:00:00.000Z,4,4,4,0,100.00,0.35,0.42,0.96,2,2,0,0.00
11232,2025-04-01T00:00:00.000Z,13,13,13,0,100.00,0.0,0.24,0.92,6,6,0,0.00
11232,2025-05-01T00:00:00.000Z,11,11,10,1,90.91,0.0,5.03,2.83,9,9,1,11.11
11232,2025-06-01T00:00:00.000Z,11,11,11,0,100.00,0.0,0.07,0.21,10,10,0,0.00
11232,2025-07-01T00:00:00.000Z,7,7,7,0,100.00,0.54,0.97,4.54,8,8,0,0.00
11232,2025-08-01T00:00:00.000Z,9,9,9,0,100.00,0.0,0.50,3.00,6,6,0,0.00
11232,2025-09-01T00:00:00.000Z,6,6,6,0,100.00,0.0,0.26,1.54,7,7,0,0.00
11232,2025-10-01T00:00:00.000Z,5,5,5,0,100.00,0.0,0.11,0.46,8,8,0,0.00
11232,2025-11-01T00:00:00.000Z,3,3,3,0,100.00,0.0,0.13,0.38,6,6,0,0.00
11232,2025-12-01T00:00:00.000Z,4,4,4,0,100.00,0.52,3.72,13.83,11,11,1,9.09
11232,2026-01-01T00:00:00.000Z,1,1,1,0,100.00,0.0,0.00,0.00,9,9,0,0.00
11232,2026-02-01T00:00:00.000Z,2,2,2,0,100.00,0.0,0.00,0.00,10,10,0,0.00
11232,2026-03-01T00:00:00.000Z,3,3,3,0,100.00,0.0,0.00,0.00,20,20,1,5.00
11232,2026-04-01T00:00:00.000Z,9,9,9,0,100.00,12.5,10.20,17.92,11,11,0,0.00
11232,2026-05-01T00:00:00.000Z,15,15,15,0,100.00,12.25,11.23,19.50,4,4,0,0.00
11232,2026-06-01T00:00:00.000Z,11,11,6,5,54.55,17.38,32.50,56.42,10,10,1,10.00
11232,2026-07-01T00:00:00.000Z,4,4,3,1,75.00,23.48,25.96,47.50,12,12,1,8.33
11232,2026-08-01T00:00:00.000Z,15,10,8,2,80.00,6.98,8.29,22.75,13,13,0,0.00
11232,2026-09-01T00:00:00.000Z,14,0,0,0,null,null,null,null,1,1,0,0.00
11233,2025-01-01T00:00:00.000Z,19,19,19,0,100.00,0.0,2.48,13.33,9,9,0,0.00
11233,2025-02-01T00:00:00.000Z,15,15,15,0,100.00,0.0,1.23,6.08,11,11,0,0.00
11233,2025-03-01T00:00:00.000Z,29,29,29,0,100.00,0.0,1.76,8.88,12,12,2,16.67
11233,2025-04-01T00:00:00.000Z,39,39,39,0,100.00,0.0,1.28,3.04,5,5,1,20.00
11233,2025-05-01T00:00:00.000Z,34,34,34,0,100.00,0.0,1.47,5.71,12,12,0,0.00
11233,2025-06-01T00:00:00.000Z,37,37,37,0,100.00,0.0,1.60,5.17,4,4,0,0.00
11233,2025-07-01T00:00:00.000Z,39,39,39,0,100.00,0.0,1.31,4.75,6,6,0,0.00
11233,2025-08-01T00:00:00.000Z,31,31,31,0,100.00,0.0,0.36,1.00,9,8,2,22.22
11233,2025-09-01T00:00:00.000Z,40,40,40,0,100.00,0.0,0.42,1.13,6,6,0,0.00
11233,2025-10-01T00:00:00.000Z,35,35,35,0,100.00,0.0,1.10,4.08,12,11,2,16.67
11233,2025-11-01T00:00:00.000Z,26,26,26,0,100.00,0.0,0.65,2.04,2,2,0,0.00
11233,2025-12-01T00:00:00.000Z,18,18,18,0,100.00,0.0,1.59,10.88,7,7,2,28.57
11233,2026-01-01T00:00:00.000Z,17,17,17,0,100.00,0.0,0.87,2.96,10,10,0,0.00
11233,2026-02-01T00:00:00.000Z,21,21,21,0,100.00,0.0,0.44,0.83,11,10,1,9.09
11233,2026-03-01T00:00:00.000Z,36,36,36,0,100.00,0.0,1.16,4.63,9,9,1,11.11
11233,2026-04-01T00:00:00.000Z,30,30,29,1,96.67,4.1,8.56,18.17,13,12,0,0.00
11233,2026-05-01T00:00:00.000Z,40,40,37,3,92.50,6.77,11.19,18.33,8,7,0,0.00
11233,2026-06-01T00:00:00.000Z,70,70,59,11,84.29,10.08,15.82,35.33,8,8,0,0.00
11233,2026-07-01T00:00:00.000Z,52,52,39,13,75.00,11.33,16.95,38.42,4,4,0,0.00
11233,2026-08-01T00:00:00.000Z,71,39,31,8,79.49,7.83,10.89,27.17,10,10,1,10.00
11233,2026-09-01T00:00:00.000Z,29,0,0,0,null,null,null,null,5,5,0,0.00
11234,2025-01-01T00:00:00.000Z,3,3,3,0,100.00,0.0,0.00,0.00,12,12,0,0.00
11234,2025-02-01T00:00:00.000Z,8,8,8,0,100.00,0.0,0.23,1.79,14,14,0,0.00
11234,2025-03-01T00:00:00.000Z,3,3,3,0,100.00,0.0,0.68,2.04,8,8,2,25.00
11234,2025-04-01T00:00:00.000Z,15,15,15,0,100.00,0.0,0.60,1.75,8,8,0,0.00
11234,2025-05-01T00:00:00.000Z,11,11,11,0,100.00,0.0,0.30,0.00,8,8,0,0.00
11234,2025-06-01T00:00:00.000Z,15,15,15,0,100.00,0.0,0.37,2.25,10,10,0,0.00
11234,2025-07-01T00:00:00.000Z,14,14,14,0,100.00,0.0,0.00,0.00,14,13,1,7.14
11234,2025-08-01T00:00:00.000Z,9,9,9,0,100.00,0.0,0.00,0.00,5,5,1,20.00
11234,2025-09-01T00:00:00.000Z,9,9,9,0,100.00,0.0,0.19,1.75,10,9,0,0.00
11234,2025-10-01T00:00:00.000Z,11,11,11,0,100.00,0.0,3.08,13.04,23,23,0,0.00
11234,2025-11-01T00:00:00.000Z,5,5,5,0,100.00,0.0,1.73,8.63,2,2,0,0.00
11234,2025-12-01T00:00:00.000Z,2,2,2,0,100.00,0.0,0.00,0.00,20,18,0,0.00
11234,2026-01-01T00:00:00.000Z,6,6,6,0,100.00,0.0,0.48,2.88,13,13,0,0.00
11234,2026-02-01T00:00:00.000Z,1,1,1,0,100.00,0.0,0.00,0.00,11,10,0,0.00
11234,2026-03-01T00:00:00.000Z,8,8,8,0,100.00,0.0,1.42,6.25,6,6,0,0.00
11234,2026-04-01T00:00:00.000Z,6,6,6,0,100.00,0.21,1.43,7.13,15,14,0,0.00
11234,2026-05-01T00:00:00.000Z,14,14,13,1,92.86,9.42,11.06,18.33,11,11,0,0.00
11234,2026-06-01T00:00:00.000Z,4,4,3,1,75.00,19.33,19.00,21.13,13,12,1,7.69
11234,2026-07-01T00:00:00.000Z,8,8,8,0,100.00,11.27,11.63,15.21,18,18,0,0.00
11234,2026-08-01T00:00:00.000Z,13,10,8,2,80.00,6.65,7.79,19.38,16,16,0,0.00
11234,2026-09-01T00:00:00.000Z,6,0,0,0,null,null,null,null,10,10,0,0.00
11235,2025-01-01T00:00:00.000Z,14,14,14,0,100.00,0.0,2.59,10.04,14,14,0,0.00
11235,2025-02-01T00:00:00.000Z,7,7,7,0,100.00,0.0,2.11,7.92,14,13,1,7.14
11235,2025-03-01T00:00:00.000Z,13,13,13,0,100.00,0.0,3.40,12.38,5,5,0,0.00
11235,2025-04-01T00:00:00.000Z,18,18,18,0,100.00,0.0,2.05,8.75,12,12,1,8.33
11235,2025-05-01T00:00:00.000Z,15,15,15,0,100.00,0.0,2.30,6.88,5,5,0,0.00
11235,2025-06-01T00:00:00.000Z,13,13,13,0,100.00,0.0,0.47,3.04,8,8,1,12.50
11235,2025-07-01T00:00:00.000Z,18,18,18,0,100.00,2.33,4.09,15.75,19,17,1,5.26
11235,2025-08-01T00:00:00.000Z,24,24,24,0,100.00,0.0,1.95,12.92,9,9,0,0.00
11235,2025-09-01T00:00:00.000Z,15,15,15,0,100.00,0.0,2.78,10.33,6,5,1,16.67
11235,2025-10-01T00:00:00.000Z,10,10,10,0,100.00,3.06,5.69,14.79,15,15,0,0.00
11235,2025-11-01T00:00:00.000Z,12,12,12,0,100.00,0.0,2.53,7.75,4,4,0,0.00
11235,2025-12-01T00:00:00.000Z,2,2,2,0,100.00,0.0,0.00,0.00,10,9,0,0.00
11235,2026-01-01T00:00:00.000Z,5,5,5,0,100.00,1.67,2.75,7.17,9,9,0,0.00
11235,2026-02-01T00:00:00.000Z,5,5,5,0,100.00,0.0,0.71,3.54,20,17,3,15.00
11235,2026-03-01T00:00:00.000Z,19,19,19,0,100.00,0.0,2.23,8.08,30,27,1,3.33
11235,2026-04-01T00:00:00.000Z,10,10,9,1,90.00,0.71,1.20,4.88,23,21,0,0.00
11235,2026-05-01T00:00:00.000Z,6,6,5,1,83.33,16.42,25.01,82.04,20,18,0,0.00
11235,2026-06-01T00:00:00.000Z,7,7,3,4,42.86,23.23,36.83,84.25,36,32,0,0.00
11235,2026-07-01T00:00:00.000Z,15,15,6,9,40.00,22.17,26.27,51.38,8,8,0,0.00
11235,2026-08-01T00:00:00.000Z,17,15,3,12,20.00,12.25,11.38,15.75,7,7,0,0.00
11235,2026-09-01T00:00:00.000Z,9,0,0,0,null,null,null,null,16,16,0,0.00
11236,2025-01-01T00:00:00.000Z,3,3,3,0,100.00,0.0,0.00,0.00,13,11,0,0.00
11236,2025-02-01T00:00:00.000Z,3,3,3,0,100.00,0.0,0.00,0.00,12,12,0,0.00
11236,2025-03-01T00:00:00.000Z,7,7,7,0,100.00,0.0,4.87,11.96,4,4,0,0.00
11236,2025-04-01T00:00:00.000Z,5,5,5,0,100.00,0.0,0.00,0.00,4,4,0,0.00
11236,2025-05-01T00:00:00.000Z,8,8,8,0,100.00,0.0,0.00,0.00,10,10,0,0.00
11236,2025-06-01T00:00:00.000Z,4,4,4,0,100.00,0.0,0.31,1.25,6,6,0,0.00
11236,2025-07-01T00:00:00.000Z,12,12,12,0,100.00,0.0,2.81,13.71,13,11,0,0.00
11236,2025-08-01T00:00:00.000Z,7,7,7,0,100.00,0.0,4.17,29.17,6,5,0,0.00
11236,2025-09-01T00:00:00.000Z,11,11,11,0,100.00,0.0,0.75,0.00,6,6,0,0.00
11236,2025-10-01T00:00:00.000Z,5,5,5,0,100.00,0.0,0.00,0.00,12,10,2,16.67
11236,2025-11-01T00:00:00.000Z,8,8,8,0,100.00,0.0,1.11,8.88,11,11,0,0.00
11236,2025-12-01T00:00:00.000Z,3,3,3,0,100.00,1.17,5.11,14.17,9,9,0,0.00
11236,2026-01-01T00:00:00.000Z,2,2,2,0,100.00,0.0,0.00,0.00,7,7,0,0.00
11236,2026-02-01T00:00:00.000Z,2,2,2,0,100.00,0.0,0.00,0.00,8,8,0,0.00
11236,2026-03-01T00:00:00.000Z,2,2,2,0,100.00,0.0,0.00,0.00,10,10,1,10.00
11236,2026-04-01T00:00:00.000Z,3,3,3,0,100.00,3.33,3.51,4.13,10,10,1,10.00
11236,2026-05-01T00:00:00.000Z,1,1,1,0,100.00,12.54,12.54,12.54,5,5,0,0.00
11236,2026-06-01T00:00:00.000Z,4,4,2,2,50.00,16.29,38.97,85.29,10,10,0,0.00
11236,2026-07-01T00:00:00.000Z,5,5,2,3,40.00,15.0,23.74,48.21,10,10,1,10.00
11236,2026-08-01T00:00:00.000Z,3,0,0,0,null,null,null,null,15,14,1,6.67
11236,2026-09-01T00:00:00.000Z,4,0,0,0,null,null,null,null,null,null,null,null
11237,2025-01-01T00:00:00.000Z,27,27,27,0,100.00,0.96,1.68,4.08,6,6,0,0.00
11237,2025-02-01T00:00:00.000Z,14,14,14,0,100.00,0.0,0.53,1.50,4,4,0,0.00
11237,2025-03-01T00:00:00.000Z,19,19,19,0,100.00,0.0,0.87,4.00,19,18,2,10.53
11237,2025-04-01T00:00:00.000Z,35,35,35,0,100.00,0.0,0.96,2.83,14,14,0,0.00
11237,2025-05-01T00:00:00.000Z,27,27,27,0,100.00,0.0,0.84,3.33,11,11,1,9.09
11237,2025-06-01T00:00:00.000Z,13,13,13,0,100.00,0.0,1.61,3.96,14,14,2,14.29
11237,2025-07-01T00:00:00.000Z,18,18,18,0,100.00,0.0,1.06,4.92,22,22,0,0.00
11237,2025-08-01T00:00:00.000Z,13,13,12,1,92.31,0.0,3.59,12.04,19,19,1,5.26
11237,2025-09-01T00:00:00.000Z,10,10,10,0,100.00,0.0,0.40,1.33,7,7,0,0.00
11237,2025-10-01T00:00:00.000Z,14,14,14,0,100.00,0.0,1.87,3.00,29,28,1,3.45
11237,2025-11-01T00:00:00.000Z,3,3,3,0,100.00,0.0,0.01,0.04,27,27,3,11.11
11237,2025-12-01T00:00:00.000Z,3,3,3,0,100.00,0.0,0.21,0.63,22,20,1,4.55
11237,2026-01-01T00:00:00.000Z,2,2,2,0,100.00,0.23,0.23,0.46,27,25,3,11.11
11237,2026-02-01T00:00:00.000Z,8,8,8,0,100.00,0.0,0.00,0.00,26,26,1,3.85
11237,2026-03-01T00:00:00.000Z,18,18,16,2,88.89,0.0,5.88,36.63,24,23,2,8.33
11237,2026-04-01T00:00:00.000Z,22,22,21,1,95.45,3.77,9.46,23.50,32,31,4,12.50
11237,2026-05-01T00:00:00.000Z,15,15,15,0,100.00,4.04,5.26,11.50,20,20,1,5.00
11237,2026-06-01T00:00:00.000Z,11,11,11,0,100.00,6.58,6.87,14.17,29,28,2,6.90
11237,2026-07-01T00:00:00.000Z,10,10,8,2,80.00,9.13,14.89,30.17,21,21,0,0.00
11237,2026-08-01T00:00:00.000Z,18,13,12,1,92.31,15.15,16.23,21.79,16,16,0,0.00
11237,2026-09-01T00:00:00.000Z,5,0,0,0,null,null,null,null,22,22,1,4.55
11238,2025-01-01T00:00:00.000Z,30,30,27,3,90.00,1.19,7.86,19.71,22,22,0,0.00
11238,2025-02-01T00:00:00.000Z,19,19,18,1,94.74,0.56,3.51,15.04,6,6,0,0.00
11238,2025-03-01T00:00:00.000Z,53,53,50,3,94.34,0.0,6.15,13.13,11,11,0,0.00
11238,2025-04-01T00:00:00.000Z,23,23,23,0,100.00,0.13,1.09,2.75,28,28,0,0.00
11238,2025-05-01T00:00:00.000Z,54,54,46,8,85.19,0.0,8.28,39.38,21,21,0,0.00
11238,2025-06-01T00:00:00.000Z,39,39,35,4,89.74,0.0,8.60,33.92,14,14,0,0.00
11238,2025-07-01T00:00:00.000Z,58,58,53,5,91.38,0.02,7.11,20.04,20,18,1,5.00
11238,2025-08-01T00:00:00.000Z,54,54,51,3,94.44,0.0,4.17,15.17,10,9,1,10.00
11238,2025-09-01T00:00:00.000Z,59,59,59,0,100.00,0.63,3.54,10.13,9,9,0,0.00
11238,2025-10-01T00:00:00.000Z,23,23,23,0,100.00,0.67,1.21,4.13,12,12,1,8.33
11238,2025-11-01T00:00:00.000Z,17,17,16,1,94.12,0.79,3.14,8.13,27,26,0,0.00
11238,2025-12-01T00:00:00.000Z,16,16,16,0,100.00,0.0,2.12,12.04,19,18,0,0.00
11238,2026-01-01T00:00:00.000Z,13,13,13,0,100.00,0.21,2.85,5.83,6,6,0,0.00
11238,2026-02-01T00:00:00.000Z,18,18,17,1,94.44,0.0,5.86,15.75,15,15,0,0.00
11238,2026-03-01T00:00:00.000Z,23,23,21,2,91.30,1.0,11.50,25.25,37,36,3,8.11
11238,2026-04-01T00:00:00.000Z,27,27,25,2,92.59,3.79,7.95,22.71,28,27,2,7.14
11238,2026-05-01T00:00:00.000Z,27,27,26,1,96.30,10.25,12.74,26.33,17,15,1,5.88
11238,2026-06-01T00:00:00.000Z,21,21,18,3,85.71,14.0,14.56,27.96,26,26,3,11.54
11238,2026-07-01T00:00:00.000Z,24,24,16,8,66.67,16.02,18.82,44.33,18,18,0,0.00
11238,2026-08-01T00:00:00.000Z,64,47,22,25,46.81,26.67,23.12,35.04,28,27,0,0.00
11238,2026-09-01T00:00:00.000Z,17,0,0,0,null,null,null,null,10,10,1,10.00
11239,2025-01-01T00:00:00.000Z,3,3,3,0,100.00,3.13,2.64,3.46,4,4,0,0.00
11239,2025-02-01T00:00:00.000Z,2,2,2,0,100.00,5.21,5.21,10.42,2,2,0,0.00
11239,2025-05-01T00:00:00.000Z,1,1,1,0,100.00,0.0,0.00,0.00,null,null,null,null
11239,2025-06-01T00:00:00.000Z,1,1,1,0,100.00,0.0,0.00,0.00,null,null,null,null
11239,2025-07-01T00:00:00.000Z,null,null,null,null,null,null,null,null,4,4,0,0.00
11239,2025-08-01T00:00:00.000Z,2,2,2,0,100.00,0.0,0.00,0.00,4,4,0,0.00
11239,2025-09-01T00:00:00.000Z,2,2,2,0,100.00,2.23,2.23,3.71,null,null,null,null
11239,2025-10-01T00:00:00.000Z,1,1,1,0,100.00,0.0,0.00,0.00,2,2,0,0.00
11239,2025-11-01T00:00:00.000Z,null,null,null,null,null,null,null,null,1,1,0,0.00
11239,2026-01-01T00:00:00.000Z,1,1,1,0,100.00,0.0,0.00,0.00,8,8,0,0.00
11239,2026-02-01T00:00:00.000Z,null,null,null,null,null,null,null,null,2,2,0,0.00
11239,2026-04-01T00:00:00.000Z,1,1,1,0,100.00,4.46,4.46,4.46,2,2,0,0.00
11239,2026-05-01T00:00:00.000Z,1,1,1,0,100.00,10.71,10.71,10.71,null,null,null,null
11239,2026-06-01T00:00:00.000Z,null,null,null,null,null,null,null,null,2,2,0,0.00
11239,2026-07-01T00:00:00.000Z,4,4,3,1,75.00,9.13,10.29,14.38,null,null,null,null
11239,2026-08-01T00:00:00.000Z,4,3,3,0,100.00,10.29,9.68,11.38,2,2,0,0.00
11239,2026-09-01T00:00:00.000Z,1,0,0,0,null,null,null,null,null,null,null,null
11241,2025-10-01T00:00:00.000Z,null,null,null,null,null,null,null,null,1,1,0,0.00
11241,2026-01-01T00:00:00.000Z,null,null,null,null,null,null,null,null,1,1,0,0.00
11249,2025-01-01T00:00:00.000Z,3,3,3,0,100.00,0.0,0.83,2.50,17,17,1,5.88
11249,2025-02-01T00:00:00.000Z,4,4,4,0,100.00,0.0,0.00,0.00,3,3,0,0.00
11249,2025-03-01T00:00:00.000Z,12,12,12,0,100.00,0.58,1.32,4.83,9,9,0,0.00
11249,2025-04-01T00:00:00.000Z,11,11,11,0,100.00,0.17,0.80,2.00,15,15,0,0.00
11249,2025-05-01T00:00:00.000Z,13,13,13,0,100.00,0.0,0.14,0.75,7,7,0,0.00
11249,2025-06-01T00:00:00.000Z,13,13,13,0,100.00,1.13,1.90,5.88,6,6,0,0.00
11249,2025-07-01T00:00:00.000Z,10,10,10,0,100.00,0.0,1.45,3.63,12,11,0,0.00
11249,2025-08-01T00:00:00.000Z,12,12,12,0,100.00,0.0,0.63,3.67,12,12,0,0.00
11249,2025-09-01T00:00:00.000Z,4,4,4,0,100.00,0.1,0.24,0.75,10,10,1,10.00
11249,2025-10-01T00:00:00.000Z,4,4,4,0,100.00,0.0,0.78,3.13,8,7,1,12.50
11249,2025-11-01T00:00:00.000Z,4,4,4,0,100.00,0.0,0.21,0.83,14,14,1,7.14
11249,2025-12-01T00:00:00.000Z,6,6,6,0,100.00,0.0,0.00,0.00,18,18,1,5.56
11249,2026-01-01T00:00:00.000Z,3,3,3,0,100.00,0.96,1.57,3.75,27,26,2,7.41
11249,2026-02-01T00:00:00.000Z,null,null,null,null,null,null,null,null,15,15,1,6.67
11249,2026-03-01T00:00:00.000Z,2,2,2,0,100.00,0.0,0.00,0.00,17,17,0,0.00
11249,2026-04-01T00:00:00.000Z,2,2,1,1,50.00,66.23,66.23,132.46,16,16,2,12.50
11249,2026-05-01T00:00:00.000Z,6,6,6,0,100.00,11.85,14.13,27.38,13,13,2,15.38
11249,2026-06-01T00:00:00.000Z,5,5,3,2,60.00,15.44,17.35,31.38,19,19,0,0.00
11249,2026-07-01T00:00:00.000Z,9,9,8,1,88.89,14.33,17.40,36.88,12,12,1,8.33
11249,2026-08-01T00:00:00.000Z,4,2,2,0,100.00,6.33,6.33,10.21,19,18,0,0.00
11249,2026-09-01T00:00:00.000Z,3,0,0,0,null,null,null,null,3,3,0,0.00
11354,2025-01-01T00:00:00.000Z,4,4,4,0,100.00,0.0,0.54,2.17,30,28,0,0.00
11354,2025-02-01T00:00:00.000Z,2,2,2,0,100.00,1.52,1.52,3.04,33,31,1,3.03
11354,2025-03-01T00:00:00.000Z,3,3,3,0,100.00,0.0,0.00,0.00,50,48,0,0.00
11354,2025-04-01T00:00:00.000Z,2,2,2,0,100.00,0.0,0.00,0.00,38,36,4,10.53
11354,2025-05-01T00:00:00.000Z,9,9,9,0,100.00,0.0,0.42,3.75,25,24,1,4.00
11354,2025-06-01T00:00:00.000Z,4,4,4,0,100.00,0.0,0.44,1.75,39,39,1,2.56
11354,2025-07-01T00:00:00.000Z,7,7,7,0,100.00,0.0,0.12,0.83,43,42,0,0.00
11354,2025-08-01T00:00:00.000Z,8,8,8,0,100.00,0.0,0.08,0.67,60,59,3,5.00
11354,2025-09-01T00:00:00.000Z,5,5,5,0,100.00,0.0,0.00,0.00,74,66,1,1.35
11354,2025-10-01T00:00:00.000Z,3,3,3,0,100.00,0.0,0.00,0.00,40,37,2,5.00
11354,2025-11-01T00:00:00.000Z,null,null,null,null,null,null,null,null,41,39,2,4.88
11354,2025-12-01T00:00:00.000Z,3,3,3,0,100.00,0.0,0.00,0.00,36,34,3,8.33
11354,2026-01-01T00:00:00.000Z,1,1,1,0,100.00,1.08,1.08,1.08,57,56,4,7.02
11354,2026-02-01T00:00:00.000Z,2,2,2,0,100.00,0.0,0.00,0.00,29,28,1,3.45
11354,2026-03-01T00:00:00.000Z,4,4,4,0,100.00,2.79,2.17,3.00,65,64,4,6.15
11354,2026-04-01T00:00:00.000Z,1,1,1,0,100.00,0.0,0.00,0.00,80,77,6,7.50
11354,2026-05-01T00:00:00.000Z,6,6,4,2,66.67,14.0,22.45,45.42,45,42,0,0.00
11354,2026-06-01T00:00:00.000Z,5,5,5,0,100.00,10.96,10.82,21.04,56,51,4,7.14
11354,2026-07-01T00:00:00.000Z,6,6,6,0,100.00,6.6,9.13,24.42,44,40,0,0.00
11354,2026-08-01T00:00:00.000Z,4,2,1,1,50.00,8.75,8.75,8.75,40,39,1,2.50
11354,2026-09-01T00:00:00.000Z,4,0,0,0,null,null,null,null,31,29,0,0.00
11355,2025-01-01T00:00:00.000Z,null,null,null,null,null,null,null,null,11,11,0,0.00
11355,2025-02-01T00:00:00.000Z,1,1,1,0,100.00,0.0,0.00,0.00,9,9,0,0.00
11355,2025-03-01T00:00:00.000Z,2,2,2,0,100.00,0.0,0.00,0.00,34,29,3,8.82
11355,2025-04-01T00:00:00.000Z,7,7,7,0,100.00,0.08,0.70,3.21,27,25,0,0.00
11355,2025-05-01T00:00:00.000Z,8,8,8,0,100.00,0.0,0.72,4.04,14,13,1,7.14
11355,2025-06-01T00:00:00.000Z,6,6,6,0,100.00,0.0,0.59,1.92,19,18,1,5.26
11355,2025-07-01T00:00:00.000Z,4,4,4,0,100.00,0.0,0.01,0.04,20,20,0,0.00
11355,2025-08-01T00:00:00.000Z,6,6,6,0,100.00,0.0,0.49,2.96,22,21,2,9.09
11355,2025-09-01T00:00:00.000Z,5,5,4,1,80.00,0.75,8.07,35.67,17,16,1,5.88
11355,2025-10-01T00:00:00.000Z,4,4,4,0,100.00,1.48,3.03,9.17,24,21,2,8.33
11355,2025-11-01T00:00:00.000Z,2,2,2,0,100.00,0.17,0.17,0.33,13,13,0,0.00
11355,2025-12-01T00:00:00.000Z,null,null,null,null,null,null,null,null,30,28,2,6.67
11355,2026-01-01T00:00:00.000Z,2,2,2,0,100.00,0.0,0.00,0.00,28,27,1,3.57
11355,2026-02-01T00:00:00.000Z,3,3,3,0,100.00,0.0,0.00,0.00,13,13,0,0.00
11355,2026-03-01T00:00:00.000Z,3,3,3,0,100.00,0.0,0.64,1.92,13,13,1,7.69
11355,2026-04-01T00:00:00.000Z,null,null,null,null,null,null,null,null,15,15,1,6.67
11355,2026-05-01T00:00:00.000Z,null,null,null,null,null,null,null,null,28,25,1,3.57
11355,2026-06-01T00:00:00.000Z,4,4,4,0,100.00,9.33,10.04,15.21,19,18,2,10.53
11355,2026-07-01T00:00:00.000Z,1,1,0,1,0.00,null,null,null,18,15,1,5.56
11355,2026-08-01T00:00:00.000Z,5,3,1,2,33.33,12.0,12.00,12.00,31,29,1,3.23
11355,2026-09-01T00:00:00.000Z,3,0,0,0,null,null,null,null,10,10,1,10.00
11356,2025-01-01T00:00:00.000Z,null,null,null,null,null,null,null,null,7,7,0,0.00
11356,2025-02-01T00:00:00.000Z,1,1,1,0,100.00,0.0,0.00,0.00,1,1,0,0.00
11356,2025-03-01T00:00:00.000Z,3,3,3,0,100.00,0.0,0.00,0.00,7,7,0,0.00
11356,2025-04-01T00:00:00.000Z,1,1,1,0,100.00,0.0,0.00,0.00,5,5,0,0.00
11356,2025-05-01T00:00:00.000Z,2,2,2,0,100.00,0.0,0.00,0.00,2,2,0,0.00
11356,2025-06-01T00:00:00.000Z,null,null,null,null,null,null,null,null,5,5,0,0.00
11356,2025-07-01T00:00:00.000Z,2,2,2,0,100.00,0.94,0.94,1.88,4,4,0,0.00
11356,2025-08-01T00:00:00.000Z,3,3,3,0,100.00,0.0,0.00,0.00,4,4,0,0.00
11356,2025-09-01T00:00:00.000Z,null,null,null,null,null,null,null,null,2,2,0,0.00
11356,2025-10-01T00:00:00.000Z,null,null,null,null,null,null,null,null,2,2,0,0.00
11356,2025-11-01T00:00:00.000Z,1,1,1,0,100.00,1.67,1.67,1.67,7,7,0,0.00
11356,2025-12-01T00:00:00.000Z,null,null,null,null,null,null,null,null,5,5,0,0.00
11356,2026-01-01T00:00:00.000Z,null,null,null,null,null,null,null,null,6,6,0,0.00
11356,2026-02-01T00:00:00.000Z,null,null,null,null,null,null,null,null,7,7,0,0.00
11356,2026-03-01T00:00:00.000Z,2,2,2,0,100.00,0.0,0.00,0.00,11,10,0,0.00
11356,2026-04-01T00:00:00.000Z,3,3,1,2,33.33,35.29,27.67,45.13,5,5,0,0.00
11356,2026-05-01T00:00:00.000Z,2,2,0,2,0.00,32.44,32.44,33.46,1,1,0,0.00
11356,2026-06-01T00:00:00.000Z,1,1,1,0,100.00,26.29,26.29,26.29,8,7,0,0.00
11356,2026-07-01T00:00:00.000Z,null,null,null,null,null,null,null,null,5,4,0,0.00
11356,2026-08-01T00:00:00.000Z,1,0,0,0,null,null,null,null,2,2,0,0.00
11356,2026-09-01T00:00:00.000Z,1,0,0,0,null,null,null,null,5,5,0,0.00
11357,2025-01-01T00:00:00.000Z,null,null,null,null,null,null,null,null,3,3,0,0.00
11357,2025-02-01T00:00:00.000Z,4,4,4,0,100.00,0.0,1.26,5.04,2,2,0,0.00
11357,2025-03-01T00:00:00.000Z,1,1,1,0,100.00,0.0,0.00,0.00,6,6,0,0.00
11357,2025-04-01T00:00:00.000Z,2,2,2,0,100.00,0.0,0.00,0.00,4,4,0,0.00
11357,2025-05-01T00:00:00.000Z,7,7,7,0,100.00,0.0,0.37,2.58,5,5,1,20.00
11357,2025-06-01T00:00:00.000Z,5,5,5,0,100.00,0.0,0.00,0.00,4,4,0,0.00
11357,2025-07-01T00:00:00.000Z,2,2,2,0,100.00,0.42,0.42,0.83,9,9,0,0.00
11357,2025-08-01T00:00:00.000Z,5,5,5,0,100.00,0.0,0.00,0.00,5,5,0,0.00
11357,2025-09-01T00:00:00.000Z,4,4,4,0,100.00,0.0,1.23,4.92,2,2,0,0.00
11357,2025-10-01T00:00:00.000Z,2,2,2,0,100.00,0.0,0.00,0.00,6,6,0,0.00
11357,2025-11-01T00:00:00.000Z,2,2,2,0,100.00,0.42,0.42,0.83,4,4,0,0.00
11357,2025-12-01T00:00:00.000Z,1,1,1,0,100.00,0.0,0.00,0.00,2,2,0,0.00
11357,2026-01-01T00:00:00.000Z,null,null,null,null,null,null,null,null,2,2,0,0.00
11357,2026-02-01T00:00:00.000Z,null,null,null,null,null,null,null,null,9,9,0,0.00
11357,2026-03-01T00:00:00.000Z,3,3,3,0,100.00,0.0,0.00,0.00,5,5,0,0.00
11357,2026-04-01T00:00:00.000Z,1,1,0,1,0.00,33.96,33.96,33.96,5,5,0,0.00
11357,2026-05-01T00:00:00.000Z,4,4,4,0,100.00,25.65,25.83,29.04,1,1,0,0.00
11357,2026-06-01T00:00:00.000Z,8,8,2,6,25.00,9.42,27.31,64.38,9,9,0,0.00
11357,2026-07-01T00:00:00.000Z,3,3,2,1,66.67,7.42,7.42,7.96,7,5,0,0.00
11357,2026-08-01T00:00:00.000Z,7,4,4,0,100.00,11.52,11.24,13.08,1,1,0,0.00
11357,2026-09-01T00:00:00.000Z,null,null,null,null,null,null,null,null,8,8,0,0.00
11358,2025-01-01T00:00:00.000Z,2,2,2,0,100.00,0.0,0.00,0.00,27,26,1,3.70
11358,2025-02-01T00:00:00.000Z,1,1,1,0,100.00,0.0,0.00,0.00,4,4,0,0.00
11358,2025-03-01T00:00:00.000Z,2,2,2,0,100.00,0.0,0.00,0.00,12,12,1,8.33
11358,2025-04-01T00:00:00.000Z,5,5,5,0,100.00,0.0,0.00,0.00,10,10,0,0.00
11358,2025-05-01T00:00:00.000Z,7,7,7,0,100.00,0.0,0.77,2.71,2,2,0,0.00
11358,2025-06-01T00:00:00.000Z,7,7,7,0,100.00,0.0,0.41,2.88,23,21,0,0.00
11358,2025-07-01T00:00:00.000Z,4,4,4,0,100.00,0.0,0.00,0.00,8,7,0,0.00
11358,2025-08-01T00:00:00.000Z,6,6,6,0,100.00,0.0,0.00,0.00,12,11,0,0.00
11358,2025-09-01T00:00:00.000Z,10,10,10,0,100.00,0.0,0.01,0.04,10,10,0,0.00
11358,2025-10-01T00:00:00.000Z,1,1,1,0,100.00,0.0,0.00,0.00,9,9,0,0.00
11358,2025-11-01T00:00:00.000Z,3,3,3,0,100.00,0.0,9.06,27.17,12,12,0,0.00
11358,2025-12-01T00:00:00.000Z,2,2,2,0,100.00,0.0,0.00,0.00,6,6,0,0.00
11358,2026-01-01T00:00:00.000Z,1,1,1,0,100.00,0.0,0.00,0.00,9,9,0,0.00
11358,2026-02-01T00:00:00.000Z,1,1,1,0,100.00,0.0,0.00,0.00,9,9,1,11.11
11358,2026-03-01T00:00:00.000Z,2,2,1,1,50.00,71.48,71.48,142.96,19,18,1,5.26
11358,2026-04-01T00:00:00.000Z,8,8,6,2,75.00,13.1,27.89,138.04,9,9,0,0.00
11358,2026-05-01T00:00:00.000Z,10,10,1,9,10.00,76.08,70.45,95.17,10,10,0,0.00
11358,2026-06-01T00:00:00.000Z,3,3,3,0,100.00,25.21,24.37,26.96,17,15,3,17.65
11358,2026-07-01T00:00:00.000Z,10,10,7,3,70.00,15.17,14.24,21.25,10,10,0,0.00
11358,2026-08-01T00:00:00.000Z,5,3,3,0,100.00,9.0,12.26,19.17,14,14,0,0.00
11358,2026-09-01T00:00:00.000Z,1,0,0,0,null,null,null,null,19,16,0,0.00
11360,2025-01-01T00:00:00.000Z,1,1,1,0,100.00,0.0,0.00,0.00,4,4,0,0.00
11360,2025-02-01T00:00:00.000Z,null,null,null,null,null,null,null,null,3,3,0,0.00
11360,2025-04-01T00:00:00.000Z,1,1,1,0,100.00,0.0,0.00,0.00,1,1,0,0.00
11360,2025-05-01T00:00:00.000Z,null,null,null,null,null,null,null,null,1,1,0,0.00
11360,2025-06-01T00:00:00.000Z,1,1,1,0,100.00,0.0,0.00,0.00,3,2,0,0.00
11360,2025-07-01T00:00:00.000Z,1,1,1,0,100.00,0.0,0.00,0.00,6,6,0,0.00
11360,2025-08-01T00:00:00.000Z,null,null,null,null,null,null,null,null,2,2,0,0.00
11360,2025-09-01T00:00:00.000Z,1,1,1,0,100.00,0.0,0.00,0.00,4,4,0,0.00
11360,2025-10-01T00:00:00.000Z,2,2,2,0,100.00,0.0,0.00,0.00,2,2,0,0.00
11360,2025-12-01T00:00:00.000Z,null,null,null,null,null,null,null,null,4,4,0,0.00
11360,2026-02-01T00:00:00.000Z,null,null,null,null,null,null,null,null,4,4,0,0.00
11360,2026-03-01T00:00:00.000Z,1,1,1,0,100.00,0.0,0.00,0.00,3,3,0,0.00
11360,2026-04-01T00:00:00.000Z,1,1,1,0,100.00,0.0,0.00,0.00,null,null,null,null
11360,2026-05-01T00:00:00.000Z,4,4,0,4,0.00,31.42,32.00,33.21,6,6,0,0.00
11360,2026-06-01T00:00:00.000Z,1,1,0,1,0.00,null,null,null,null,null,null,null
11360,2026-07-01T00:00:00.000Z,null,null,null,null,null,null,null,null,5,5,0,0.00
11360,2026-08-01T00:00:00.000Z,2,2,1,1,50.00,13.88,13.88,13.88,2,2,0,0.00
11360,2026-09-01T00:00:00.000Z,null,null,null,null,null,null,null,null,1,1,0,0.00
11361,2025-01-01T00:00:00.000Z,null,null,null,null,null,null,null,null,9,9,0,0.00
11361,2025-02-01T00:00:00.000Z,2,2,2,0,100.00,1.42,1.42,2.83,12,12,0,0.00
11361,2025-03-01T00:00:00.000Z,null,null,null,null,null,null,null,null,8,8,0,0.00
11361,2025-04-01T00:00:00.000Z,1,1,1,0,100.00,0.0,0.00,0.00,16,16,0,0.00
11361,2025-05-01T00:00:00.000Z,null,null,null,null,null,null,null,null,8,8,0,0.00
11361,2025-06-01T00:00:00.000Z,5,5,5,0,100.00,0.0,0.00,0.00,10,10,0,0.00
11361,2025-07-01T00:00:00.000Z,6,6,6,0,100.00,0.0,0.10,0.63,5,5,0,0.00
11361,2025-08-01T00:00:00.000Z,1,1,1,0,100.00,0.0,0.00,0.00,5,5,0,0.00
11361,2025-09-01T00:00:00.000Z,2,2,2,0,100.00,0.0,0.00,0.00,4,4,0,0.00
11361,2025-10-01T00:00:00.000Z,4,4,4,0,100.00,0.0,0.74,2.96,7,7,0,0.00
11361,2025-11-01T00:00:00.000Z,1,1,1,0,100.00,0.67,0.67,0.67,16,16,0,0.00
11361,2025-12-01T00:00:00.000Z,null,null,null,null,null,null,null,null,11,11,0,0.00
11361,2026-01-01T00:00:00.000Z,null,null,null,null,null,null,null,null,13,13,0,0.00
11361,2026-02-01T00:00:00.000Z,null,null,null,null,null,null,null,null,9,9,0,0.00
11361,2026-03-01T00:00:00.000Z,null,null,null,null,null,null,null,null,11,11,0,0.00
11361,2026-04-01T00:00:00.000Z,2,2,2,0,100.00,20.67,20.67,22.33,11,11,0,0.00
11361,2026-05-01T00:00:00.000Z,2,2,1,1,50.00,50.88,50.88,96.38,14,14,0,0.00
11361,2026-06-01T00:00:00.000Z,2,2,2,0,100.00,7.79,7.79,8.33,9,9,0,0.00
11361,2026-07-01T00:00:00.000Z,2,2,2,0,100.00,17.27,17.27,22.21,7,7,0,0.00
11361,2026-08-01T00:00:00.000Z,3,3,1,2,33.33,10.0,10.00,10.00,17,17,1,5.88
11361,2026-09-01T00:00:00.000Z,null,null,null,null,null,null,null,null,9,9,0,0.00
11362,2025-02-01T00:00:00.000Z,null,null,null,null,null,null,null,null,4,4,0,0.00
11362,2025-03-01T00:00:00.000Z,null,null,null,null,null,null,null,null,11,10,0,0.00
11362,2025-04-01T00:00:00.000Z,1,1,1,0,100.00,0.0,0.00,0.00,2,2,0,0.00
11362,2025-05-01T00:00:00.000Z,4,4,4,0,100.00,0.0,0.00,0.00,3,3,0,0.00
11362,2025-06-01T00:00:00.000Z,null,null,null,null,null,null,null,null,7,7,1,14.29
11362,2025-07-01T00:00:00.000Z,1,1,1,0,100.00,0.0,0.00,0.00,6,6,1,16.67
11362,2025-09-01T00:00:00.000Z,1,1,1,0,100.00,0.0,0.00,0.00,null,null,null,null
11362,2025-10-01T00:00:00.000Z,null,null,null,null,null,null,null,null,3,3,0,0.00
11362,2025-11-01T00:00:00.000Z,1,1,1,0,100.00,0.0,0.00,0.00,3,2,0,0.00
11362,2025-12-01T00:00:00.000Z,null,null,null,null,null,null,null,null,10,10,0,0.00
11362,2026-01-01T00:00:00.000Z,null,null,null,null,null,null,null,null,2,2,0,0.00
11362,2026-02-01T00:00:00.000Z,null,null,null,null,null,null,null,null,4,4,0,0.00
11362,2026-03-01T00:00:00.000Z,null,null,null,null,null,null,null,null,5,5,1,20.00
11362,2026-04-01T00:00:00.000Z,null,null,null,null,null,null,null,null,9,9,1,11.11
11362,2026-05-01T00:00:00.000Z,null,null,null,null,null,null,null,null,5,5,0,0.00
11362,2026-06-01T00:00:00.000Z,null,null,null,null,null,null,null,null,8,8,0,0.00
11362,2026-07-01T00:00:00.000Z,4,4,4,0,100.00,12.81,12.65,15.79,5,5,0,0.00
11362,2026-08-01T00:00:00.000Z,null,null,null,null,null,null,null,null,4,4,0,0.00
11362,2026-09-01T00:00:00.000Z,null,null,null,null,null,null,null,null,1,1,0,0.00
11363,2025-01-01T00:00:00.000Z,null,null,null,null,null,null,null,null,1,1,0,0.00
11363,2025-02-01T00:00:00.000Z,null,null,null,null,null,null,null,null,1,1,0,0.00
11363,2025-07-01T00:00:00.000Z,2,2,2,0,100.00,0.0,0.00,0.00,null,null,null,null
11363,2025-08-01T00:00:00.000Z,1,1,1,0,100.00,0.0,0.00,0.00,null,null,null,null
11363,2025-10-01T00:00:00.000Z,1,1,1,0,100.00,0.0,0.00,0.00,null,null,null,null
11363,2025-12-01T00:00:00.000Z,null,null,null,null,null,null,null,null,3,2,0,0.00
11363,2026-03-01T00:00:00.000Z,1,1,1,0,100.00,0.0,0.00,0.00,3,3,0,0.00
11363,2026-04-01T00:00:00.000Z,null,null,null,null,null,null,null,null,1,1,0,0.00
11363,2026-06-01T00:00:00.000Z,null,null,null,null,null,null,null,null,2,2,0,0.00
11363,2026-07-01T00:00:00.000Z,null,null,null,null,null,null,null,null,1,1,0,0.00
11363,2026-08-01T00:00:00.000Z,null,null,null,null,null,null,null,null,1,1,0,0.00
11364,2025-02-01T00:00:00.000Z,null,null,null,null,null,null,null,null,3,3,0,0.00
11364,2025-03-01T00:00:00.000Z,null,null,null,null,null,null,null,null,2,2,0,0.00
11364,2025-04-01T00:00:00.000Z,4,4,4,0,100.00,0.0,0.00,0.00,6,6,0,0.00
11364,2025-05-01T00:00:00.000Z,1,1,1,0,100.00,0.0,0.00,0.00,9,9,0,0.00
11364,2025-06-01T00:00:00.000Z,2,2,2,0,100.00,0.0,0.00,0.00,10,10,0,0.00
11364,2025-07-01T00:00:00.000Z,1,1,1,0,100.00,0.0,0.00,0.00,6,6,0,0.00
11364,2025-08-01T00:00:00.000Z,2,2,2,0,100.00,0.0,0.00,0.00,6,5,0,0.00
11364,2025-09-01T00:00:00.000Z,null,null,null,null,null,null,null,null,5,5,0,0.00
11364,2025-10-01T00:00:00.000Z,2,2,2,0,100.00,0.0,0.00,0.00,14,12,0,0.00
11364,2025-11-01T00:00:00.000Z,null,null,null,null,null,null,null,null,5,5,0,0.00
11364,2025-12-01T00:00:00.000Z,null,null,null,null,null,null,null,null,3,3,0,0.00
11364,2026-01-01T00:00:00.000Z,null,null,null,null,null,null,null,null,1,1,0,0.00
11364,2026-02-01T00:00:00.000Z,null,null,null,null,null,null,null,null,8,6,0,0.00
11364,2026-03-01T00:00:00.000Z,null,null,null,null,null,null,null,null,9,9,2,22.22
11364,2026-04-01T00:00:00.000Z,3,3,0,3,0.00,40.21,53.74,82.79,9,8,0,0.00
11364,2026-05-01T00:00:00.000Z,null,null,null,null,null,null,null,null,4,4,0,0.00
11364,2026-06-01T00:00:00.000Z,null,null,null,null,null,null,null,null,8,6,0,0.00
11364,2026-07-01T00:00:00.000Z,2,2,2,0,100.00,10.17,10.17,11.25,2,2,0,0.00
11364,2026-08-01T00:00:00.000Z,2,1,1,0,100.00,9.25,9.25,9.25,7,7,0,0.00
11364,2026-09-01T00:00:00.000Z,1,0,0,0,null,null,null,null,1,1,0,0.00
11365,2025-01-01T00:00:00.000Z,1,1,1,0,100.00,0.0,0.00,0.00,null,null,null,null
11365,2025-02-01T00:00:00.000Z,null,null,null,null,null,null,null,null,3,3,0,0.00
11365,2025-03-01T00:00:00.000Z,2,2,2,0,100.00,0.0,0.00,0.00,8,6,0,0.00
11365,2025-04-01T00:00:00.000Z,1,1,1,0,100.00,0.0,0.00,0.00,3,3,0,0.00
11365,2025-05-01T00:00:00.000Z,1,1,1,0,100.00,0.0,0.00,0.00,8,8,1,12.50
11365,2025-06-01T00:00:00.000Z,3,3,3,0,100.00,0.0,0.00,0.00,2,2,0,0.00
11365,2025-07-01T00:00:00.000Z,null,null,null,null,null,null,null,null,6,6,0,0.00
11365,2025-08-01T00:00:00.000Z,null,null,null,null,null,null,null,null,3,3,0,0.00
11365,2025-09-01T00:00:00.000Z,null,null,null,null,null,null,null,null,3,3,0,0.00
11365,2025-10-01T00:00:00.000Z,2,2,2,0,100.00,0.0,0.00,0.00,6,6,0,0.00
11365,2025-11-01T00:00:00.000Z,1,1,1,0,100.00,5.08,5.08,5.08,4,4,0,0.00
11365,2025-12-01T00:00:00.000Z,null,null,null,null,null,null,null,null,4,4,0,0.00
11365,2026-01-01T00:00:00.000Z,3,3,3,0,100.00,0.0,1.65,4.96,5,5,1,20.00
11365,2026-02-01T00:00:00.000Z,1,1,1,0,100.00,0.0,0.00,0.00,2,2,0,0.00
11365,2026-03-01T00:00:00.000Z,7,7,7,0,100.00,0.0,2.58,16.21,2,2,1,50.00
11365,2026-04-01T00:00:00.000Z,1,1,0,1,0.00,67.33,67.33,67.33,8,8,0,0.00
11365,2026-05-01T00:00:00.000Z,null,null,null,null,null,null,null,null,10,10,0,0.00
11365,2026-06-01T00:00:00.000Z,1,1,1,0,100.00,9.71,9.71,9.71,2,2,0,0.00
11365,2026-07-01T00:00:00.000Z,4,4,4,0,100.00,5.85,7.95,16.88,3,3,0,0.00
11365,2026-08-01T00:00:00.000Z,2,1,1,0,100.00,1.96,1.96,1.96,3,3,0,0.00
11365,2026-09-01T00:00:00.000Z,1,0,0,0,null,null,null,null,6,6,0,0.00
11366,2025-01-01T00:00:00.000Z,1,1,1,0,100.00,0.0,0.00,0.00,8,8,0,0.00
11366,2025-02-01T00:00:00.000Z,null,null,null,null,null,null,null,null,2,2,0,0.00
11366,2025-03-01T00:00:00.000Z,null,null,null,null,null,null,null,null,1,1,0,0.00
11366,2025-04-01T00:00:00.000Z,4,4,4,0,100.00,0.0,0.00,0.00,1,1,0,0.00
11366,2025-05-01T00:00:00.000Z,6,6,6,0,100.00,0.46,0.82,2.96,8,7,0,0.00
11366,2025-07-01T00:00:00.000Z,null,null,null,null,null,null,null,null,7,7,0,0.00
11366,2025-08-01T00:00:00.000Z,3,3,3,0,100.00,0.0,0.00,0.00,6,6,0,0.00
11366,2025-09-01T00:00:00.000Z,2,2,2,0,100.00,1.04,1.04,2.08,4,4,0,0.00
11366,2025-10-01T00:00:00.000Z,3,3,3,0,100.00,0.0,6.38,19.13,4,4,0,0.00
11366,2025-11-01T00:00:00.000Z,1,1,1,0,100.00,0.0,0.00,0.00,2,2,0,0.00
11366,2025-12-01T00:00:00.000Z,null,null,null,null,null,null,null,null,7,7,1,14.29
11366,2026-01-01T00:00:00.000Z,1,1,1,0,100.00,0.0,0.00,0.00,2,2,0,0.00
11366,2026-03-01T00:00:00.000Z,null,null,null,null,null,null,null,null,6,6,0,0.00
11366,2026-04-01T00:00:00.000Z,1,1,1,0,100.00,1.21,1.21,1.21,null,null,null,null
11366,2026-05-01T00:00:00.000Z,2,2,1,1,50.00,63.63,63.63,97.29,11,10,1,9.09
11366,2026-06-01T00:00:00.000Z,null,null,null,null,null,null,null,null,5,5,1,20.00
11366,2026-07-01T00:00:00.000Z,2,2,2,0,100.00,12.77,12.77,14.29,2,2,0,0.00
11366,2026-08-01T00:00:00.000Z,1,0,0,0,null,null,null,null,5,5,1,20.00
11366,2026-09-01T00:00:00.000Z,3,0,0,0,null,null,null,null,5,5,0,0.00
11367,2025-01-01T00:00:00.000Z,7,7,7,0,100.00,0.0,0.83,4.79,1,1,0,0.00
11367,2025-02-01T00:00:00.000Z,2,2,2,0,100.00,0.46,0.46,0.92,8,8,0,0.00
11367,2025-03-01T00:00:00.000Z,6,6,6,0,100.00,0.0,0.36,2.17,2,2,0,0.00
11367,2025-04-01T00:00:00.000Z,9,9,9,0,100.00,0.0,0.36,1.54,3,3,0,0.00
11367,2025-05-01T00:00:00.000Z,10,10,10,0,100.00,0.0,0.79,3.50,4,4,0,0.00
11367,2025-06-01T00:00:00.000Z,6,6,6,0,100.00,0.0,0.09,0.54,null,null,null,null
11367,2025-07-01T00:00:00.000Z,5,5,5,0,100.00,0.0,0.13,0.67,5,5,0,0.00
11367,2025-08-01T00:00:00.000Z,16,16,16,0,100.00,0.0,1.88,4.96,2,2,0,0.00
11367,2025-09-01T00:00:00.000Z,null,null,null,null,null,null,null,null,3,3,0,0.00
11367,2025-10-01T00:00:00.000Z,3,3,3,0,100.00,0.0,0.22,0.67,2,2,0,0.00
11367,2025-11-01T00:00:00.000Z,1,1,1,0,100.00,0.54,0.54,0.54,null,null,null,null
11367,2025-12-01T00:00:00.000Z,2,2,2,0,100.00,0.0,0.00,0.00,2,2,0,0.00
11367,2026-01-01T00:00:00.000Z,1,1,1,0,100.00,0.0,0.00,0.00,4,4,0,0.00
11367,2026-02-01T00:00:00.000Z,1,1,1,0,100.00,0.0,0.00,0.00,null,null,null,null
11367,2026-03-01T00:00:00.000Z,6,6,6,0,100.00,0.0,0.32,1.92,2,2,0,0.00
11367,2026-04-01T00:00:00.000Z,5,5,4,1,80.00,27.33,21.37,32.04,3,3,0,0.00
11367,2026-05-01T00:00:00.000Z,14,14,7,7,50.00,26.29,45.42,91.04,1,1,0,0.00
11367,2026-06-01T00:00:00.000Z,12,12,7,5,58.33,12.06,24.50,54.21,6,4,0,0.00
11367,2026-07-01T00:00:00.000Z,10,10,5,5,50.00,10.38,14.34,27.79,5,5,0,0.00
11367,2026-08-01T00:00:00.000Z,3,3,0,3,0.00,null,null,null,2,2,0,0.00
11367,2026-09-01T00:00:00.000Z,3,0,0,0,null,null,null,null,4,3,0,0.00
11368,2025-01-01T00:00:00.000Z,4,4,4,0,100.00,0.1,0.20,0.58,18,18,0,0.00
11368,2025-02-01T00:00:00.000Z,7,7,7,0,100.00,0.0,0.00,0.00,17,17,0,0.00
11368,2025-03-01T00:00:00.000Z,8,8,8,0,100.00,0.0,0.00,0.00,25,25,1,4.00
11368,2025-04-01T00:00:00.000Z,13,13,13,0,100.00,0.0,0.15,0.88,22,22,0,0.00
11368,2025-05-01T00:00:00.000Z,8,8,8,0,100.00,0.0,0.35,2.83,20,20,0,0.00
11368,2025-06-01T00:00:00.000Z,14,14,14,0,100.00,0.0,0.07,0.00,16,15,0,0.00
11368,2025-07-01T00:00:00.000Z,17,17,17,0,100.00,0.0,0.55,2.46,21,21,1,4.76
11368,2025-08-01T00:00:00.000Z,13,13,13,0,100.00,0.0,0.30,0.96,21,20,0,0.00
11368,2025-09-01T00:00:00.000Z,10,10,10,0,100.00,0.0,0.46,0.04,15,15,1,6.67
11368,2025-10-01T00:00:00.000Z,7,7,7,0,100.00,0.0,0.10,0.67,33,29,0,0.00
11368,2025-11-01T00:00:00.000Z,14,14,14,0,100.00,0.17,0.79,3.17,32,32,0,0.00
11368,2025-12-01T00:00:00.000Z,9,9,9,0,100.00,0.0,0.31,1.17,31,31,0,0.00
11368,2026-01-01T00:00:00.000Z,4,4,4,0,100.00,0.42,0.43,0.88,26,25,0,0.00
11368,2026-02-01T00:00:00.000Z,6,6,6,0,100.00,0.0,2.61,15.67,13,13,0,0.00
11368,2026-03-01T00:00:00.000Z,3,3,3,0,100.00,0.0,0.00,0.00,25,25,2,8.00
11368,2026-04-01T00:00:00.000Z,1,1,1,0,100.00,0.0,0.00,0.00,24,24,2,8.33
11368,2026-05-01T00:00:00.000Z,11,11,9,2,81.82,11.06,19.25,22.83,13,13,1,7.69
11368,2026-06-01T00:00:00.000Z,30,30,14,16,46.67,19.17,29.68,52.63,25,25,1,4.00
11368,2026-07-01T00:00:00.000Z,7,7,5,2,71.43,17.6,22.95,68.29,28,27,2,7.14
11368,2026-08-01T00:00:00.000Z,17,11,8,3,72.73,15.88,21.33,39.08,33,29,1,3.03
11368,2026-09-01T00:00:00.000Z,4,0,0,0,null,null,null,null,16,15,0,0.00
11369,2025-01-01T00:00:00.000Z,3,3,3,0,100.00,0.0,0.00,0.00,9,9,0,0.00
11369,2025-02-01T00:00:00.000Z,4,4,4,0,100.00,0.0,0.00,0.00,2,2,0,0.00
11369,2025-03-01T00:00:00.000Z,6,6,6,0,100.00,0.0,0.16,0.96,1,1,0,0.00
11369,2025-04-01T00:00:00.000Z,9,9,9,0,100.00,0.0,0.13,1.17,5,5,0,0.00
11369,2025-05-01T00:00:00.000Z,4,4,4,0,100.00,0.0,0.00,0.00,6,6,0,0.00
11369,2025-06-01T00:00:00.000Z,11,11,11,0,100.00,0.0,0.32,0.88,1,1,0,0.00
11369,2025-07-01T00:00:00.000Z,10,10,10,0,100.00,0.0,0.17,0.54,6,6,0,0.00
11369,2025-08-01T00:00:00.000Z,9,9,9,0,100.00,0.0,1.35,12.00,6,4,0,0.00
11369,2025-09-01T00:00:00.000Z,7,7,7,0,100.00,0.0,0.15,1.04,2,2,0,0.00
11369,2025-10-01T00:00:00.000Z,9,9,9,0,100.00,0.0,0.75,6.75,5,5,0,0.00
11369,2025-11-01T00:00:00.000Z,1,1,1,0,100.00,0.0,0.00,0.00,2,2,0,0.00
11369,2025-12-01T00:00:00.000Z,2,2,2,0,100.00,0.0,0.00,0.00,1,1,0,0.00
11369,2026-01-01T00:00:00.000Z,1,1,1,0,100.00,1.71,1.71,1.71,3,3,0,0.00
11369,2026-02-01T00:00:00.000Z,6,6,6,0,100.00,0.0,0.00,0.00,5,5,0,0.00
11369,2026-03-01T00:00:00.000Z,11,11,10,1,90.91,0.0,14.03,1.96,9,8,1,11.11
11369,2026-04-01T00:00:00.000Z,5,5,5,0,100.00,18.13,16.12,25.08,null,null,null,null
11369,2026-05-01T00:00:00.000Z,5,5,3,2,60.00,18.38,24.99,57.29,3,3,0,0.00
11369,2026-06-01T00:00:00.000Z,9,9,6,3,66.67,18.44,19.07,27.96,4,4,0,0.00
11369,2026-07-01T00:00:00.000Z,6,6,4,2,66.67,14.85,12.59,15.38,1,1,0,0.00
11369,2026-08-01T00:00:00.000Z,7,5,3,2,60.00,11.33,14.01,21.33,9,8,0,0.00
11369,2026-09-01T00:00:00.000Z,4,0,0,0,null,null,null,null,1,1,0,0.00
11370,2025-01-01T00:00:00.000Z,2,2,2,0,100.00,0.0,0.00,0.00,1,1,0,0.00
11370,2025-02-01T00:00:00.000Z,3,3,3,0,100.00,0.0,1.43,4.29,1,1,0,0.00
11370,2025-03-01T00:00:00.000Z,3,3,3,0,100.00,0.0,0.00,0.00,2,2,0,0.00
11370,2025-04-01T00:00:00.000Z,5,5,5,0,100.00,0.0,0.12,0.58,2,2,0,0.00
11370,2025-05-01T00:00:00.000Z,5,5,5,0,100.00,0.0,0.00,0.00,2,2,0,0.00
11370,2025-06-01T00:00:00.000Z,10,10,10,0,100.00,0.0,0.15,0.00,null,null,null,null
11370,2025-07-01T00:00:00.000Z,1,1,1,0,100.00,1.67,1.67,1.67,1,1,0,0.00
11370,2025-08-01T00:00:00.000Z,6,6,6,0,100.00,0.0,0.00,0.00,null,null,null,null
11370,2025-09-01T00:00:00.000Z,6,6,6,0,100.00,0.0,0.00,0.00,2,2,0,0.00
11370,2025-10-01T00:00:00.000Z,3,3,3,0,100.00,0.0,0.00,0.00,1,1,0,0.00
11370,2025-11-01T00:00:00.000Z,3,3,3,0,100.00,0.0,0.00,0.00,1,1,0,0.00
11370,2025-12-01T00:00:00.000Z,2,2,2,0,100.00,1.9,1.90,3.79,2,2,0,0.00
11370,2026-01-01T00:00:00.000Z,1,1,1,0,100.00,0.96,0.96,0.96,null,null,null,null
11370,2026-03-01T00:00:00.000Z,2,2,2,0,100.00,0.0,0.00,0.00,4,4,0,0.00
11370,2026-04-01T00:00:00.000Z,1,1,1,0,100.00,0.0,0.00,0.00,1,1,0,0.00
11370,2026-05-01T00:00:00.000Z,5,5,3,2,60.00,27.04,20.46,32.08,1,1,0,0.00
11370,2026-06-01T00:00:00.000Z,4,4,4,0,100.00,13.63,13.88,22.00,3,3,0,0.00
11370,2026-07-01T00:00:00.000Z,2,2,1,1,50.00,8.83,8.83,8.83,2,2,0,0.00
11370,2026-08-01T00:00:00.000Z,3,1,1,0,100.00,9.38,9.38,9.38,2,2,1,50.00
11370,2026-09-01T00:00:00.000Z,3,0,0,0,null,null,null,null,null,null,null,null
11371,2025-07-01T00:00:00.000Z,null,null,null,null,null,null,null,null,8,8,0,0.00
11372,2025-01-01T00:00:00.000Z,11,11,11,0,100.00,0.42,0.51,0.71,28,28,1,3.57
11372,2025-02-01T00:00:00.000Z,5,5,5,0,100.00,0.0,1.55,4.00,33,33,1,3.03
11372,2025-03-01T00:00:00.000Z,12,12,12,0,100.00,0.0,0.57,3.00,27,26,3,11.11
11372,2025-04-01T00:00:00.000Z,7,7,7,0,100.00,0.0,0.19,0.79,34,34,0,0.00
11372,2025-05-01T00:00:00.000Z,1,1,1,0,100.00,1.75,1.75,1.75,35,35,1,2.86
11372,2025-06-01T00:00:00.000Z,17,17,17,0,100.00,0.04,0.64,1.83,23,22,4,17.39
11372,2025-07-01T00:00:00.000Z,10,10,10,0,100.00,0.0,0.00,0.00,32,29,0,0.00
11372,2025-08-01T00:00:00.000Z,12,12,12,0,100.00,0.0,0.26,0.58,37,36,1,2.70
11372,2025-09-01T00:00:00.000Z,10,10,10,0,100.00,0.0,1.03,2.63,27,27,0,0.00
11372,2025-10-01T00:00:00.000Z,4,4,4,0,100.00,0.0,0.95,3.79,34,33,0,0.00
11372,2025-11-01T00:00:00.000Z,6,6,6,0,100.00,0.0,0.65,2.04,47,46,0,0.00
11372,2025-12-01T00:00:00.000Z,1,1,1,0,100.00,0.0,0.00,0.00,48,45,0,0.00
11372,2026-01-01T00:00:00.000Z,2,2,2,0,100.00,0.0,0.00,0.00,28,26,3,10.71
11372,2026-02-01T00:00:00.000Z,7,7,7,0,100.00,0.0,3.32,12.58,33,33,1,3.03
11372,2026-03-01T00:00:00.000Z,4,4,4,0,100.00,0.79,0.91,2.04,28,28,1,3.57
11372,2026-04-01T00:00:00.000Z,2,2,2,0,100.00,9.31,9.31,18.42,35,33,0,0.00
11372,2026-05-01T00:00:00.000Z,18,18,11,7,61.11,12.42,38.27,100.25,21,21,1,4.76
11372,2026-06-01T00:00:00.000Z,5,5,5,0,100.00,15.25,15.19,20.63,14,13,0,0.00
11372,2026-07-01T00:00:00.000Z,12,12,8,4,66.67,6.79,16.65,41.08,44,41,2,4.55
11372,2026-08-01T00:00:00.000Z,4,4,2,2,50.00,21.33,21.33,21.33,44,42,1,2.27
11372,2026-09-01T00:00:00.000Z,2,0,0,0,null,null,null,null,22,21,0,0.00
11373,2025-01-01T00:00:00.000Z,6,6,6,0,100.00,0.0,0.92,2.79,40,37,1,2.50
11373,2025-02-01T00:00:00.000Z,4,4,4,0,100.00,0.0,0.26,1.04,16,16,0,0.00
11373,2025-03-01T00:00:00.000Z,7,7,7,0,100.00,0.0,1.25,5.00,22,21,3,13.64
11373,2025-04-01T00:00:00.000Z,5,5,5,0,100.00,0.0,0.03,0.13,28,28,2,7.14
11373,2025-05-01T00:00:00.000Z,9,9,9,0,100.00,0.0,0.00,0.00,23,23,1,4.35
11373,2025-06-01T00:00:00.000Z,8,8,8,0,100.00,0.0,0.31,1.96,22,21,1,4.55
11373,2025-07-01T00:00:00.000Z,13,13,13,0,100.00,0.0,2.68,2.67,22,19,1,4.55
11373,2025-08-01T00:00:00.000Z,8,8,8,0,100.00,0.0,1.20,7.79,35,35,1,2.86
11373,2025-09-01T00:00:00.000Z,6,6,6,0,100.00,0.0,0.68,3.04,20,19,0,0.00
11373,2025-10-01T00:00:00.000Z,3,3,3,0,100.00,0.0,0.00,0.00,18,18,2,11.11
11373,2025-11-01T00:00:00.000Z,3,3,3,0,100.00,2.88,2.76,5.42,22,21,2,9.09
11373,2025-12-01T00:00:00.000Z,3,3,3,0,100.00,0.0,0.00,0.00,31,29,0,0.00
11373,2026-01-01T00:00:00.000Z,1,1,1,0,100.00,0.0,0.00,0.00,16,16,1,6.25
11373,2026-02-01T00:00:00.000Z,2,2,2,0,100.00,0.0,0.00,0.00,16,16,0,0.00
11373,2026-03-01T00:00:00.000Z,5,5,5,0,100.00,0.0,0.00,0.00,14,14,1,7.14
11373,2026-04-01T00:00:00.000Z,3,3,3,0,100.00,0.0,5.99,17.96,21,20,0,0.00
11373,2026-05-01T00:00:00.000Z,4,4,1,3,25.00,18.17,18.17,18.17,23,23,0,0.00
11373,2026-06-01T00:00:00.000Z,7,7,4,3,57.14,14.5,16.03,27.08,30,27,1,3.33
11373,2026-07-01T00:00:00.000Z,6,6,4,2,66.67,11.75,11.59,15.96,27,27,0,0.00
11373,2026-08-01T00:00:00.000Z,13,4,1,3,25.00,34.44,34.44,38.50,21,20,0,0.00
11373,2026-09-01T00:00:00.000Z,2,0,0,0,null,null,null,null,14,14,1,7.14
11374,2025-01-01T00:00:00.000Z,8,8,8,0,100.00,0.0,0.27,0.96,5,5,0,0.00
11374,2025-02-01T00:00:00.000Z,2,2,2,0,100.00,0.0,0.00,0.00,7,7,0,0.00
11374,2025-03-01T00:00:00.000Z,16,16,16,0,100.00,0.0,0.83,1.92,3,3,0,0.00
11374,2025-04-01T00:00:00.000Z,13,13,13,0,100.00,0.0,0.84,2.46,5,5,0,0.00
11374,2025-05-01T00:00:00.000Z,11,11,11,0,100.00,1.54,2.78,8.00,10,10,1,10.00
11374,2025-06-01T00:00:00.000Z,15,15,15,0,100.00,0.0,0.52,2.58,11,11,0,0.00
11374,2025-07-01T00:00:00.000Z,24,24,24,0,100.00,0.0,0.48,1.96,11,11,0,0.00
11374,2025-08-01T00:00:00.000Z,18,18,18,0,100.00,0.5,2.55,11.54,5,5,0,0.00
11374,2025-09-01T00:00:00.000Z,14,14,14,0,100.00,0.56,1.26,3.96,3,3,0,0.00
11374,2025-10-01T00:00:00.000Z,6,6,6,0,100.00,0.0,3.26,10.96,8,8,1,12.50
11374,2025-11-01T00:00:00.000Z,6,6,6,0,100.00,0.83,0.90,1.88,3,3,0,0.00
11374,2025-12-01T00:00:00.000Z,null,null,null,null,null,null,null,null,7,7,0,0.00
11374,2026-01-01T00:00:00.000Z,3,3,3,0,100.00,3.83,3.18,5.67,3,3,0,0.00
11374,2026-02-01T00:00:00.000Z,6,6,6,0,100.00,0.0,3.62,11.29,6,6,0,0.00
11374,2026-03-01T00:00:00.000Z,9,9,9,0,100.00,0.0,0.63,4.79,8,8,0,0.00
11374,2026-04-01T00:00:00.000Z,14,14,12,2,85.71,3.06,21.07,114.71,10,10,0,0.00
11374,2026-05-01T00:00:00.000Z,19,19,11,8,57.89,16.63,39.39,96.17,13,13,0,0.00
11374,2026-06-01T00:00:00.000Z,17,17,13,4,76.47,9.88,19.67,57.33,6,6,0,0.00
11374,2026-07-01T00:00:00.000Z,10,10,7,3,70.00,14.35,16.20,36.75,8,8,0,0.00
11374,2026-08-01T00:00:00.000Z,7,6,1,5,16.67,2.79,2.79,2.79,9,9,0,0.00
11374,2026-09-01T00:00:00.000Z,5,0,0,0,null,null,null,null,4,4,1,25.00
11375,2025-01-01T00:00:00.000Z,3,3,3,0,100.00,0.0,0.64,1.92,15,15,0,0.00
11375,2025-02-01T00:00:00.000Z,6,6,6,0,100.00,0.0,2.38,11.71,15,15,1,6.67
11375,2025-03-01T00:00:00.000Z,13,13,13,0,100.00,0.0,0.21,0.88,20,20,0,0.00
11375,2025-04-01T00:00:00.000Z,5,5,5,0,100.00,0.0,0.37,1.83,11,11,0,0.00
11375,2025-05-01T00:00:00.000Z,16,16,16,0,100.00,0.0,0.13,0.67,18,18,0,0.00
11375,2025-06-01T00:00:00.000Z,10,10,10,0,100.00,0.0,0.10,0.00,11,11,0,0.00
11375,2025-07-01T00:00:00.000Z,10,10,10,0,100.00,0.0,0.08,0.00,14,14,0,0.00
11375,2025-08-01T00:00:00.000Z,24,24,24,0,100.00,0.0,0.74,2.83,29,29,1,3.45
11375,2025-09-01T00:00:00.000Z,19,19,19,0,100.00,0.0,0.64,3.71,15,15,0,0.00
11375,2025-10-01T00:00:00.000Z,14,14,14,0,100.00,0.33,2.19,9.79,13,13,1,7.69
11375,2025-11-01T00:00:00.000Z,4,4,4,0,100.00,0.0,0.91,3.63,7,7,0,0.00
11375,2025-12-01T00:00:00.000Z,5,5,5,0,100.00,0.0,0.37,1.83,25,25,0,0.00
11375,2026-01-01T00:00:00.000Z,2,2,2,0,100.00,0.0,0.00,0.00,9,9,0,0.00
11375,2026-02-01T00:00:00.000Z,5,5,5,0,100.00,0.0,4.33,12.54,5,5,0,0.00
11375,2026-03-01T00:00:00.000Z,6,6,5,1,83.33,0.0,29.17,175.00,23,22,2,8.70
11375,2026-04-01T00:00:00.000Z,12,12,10,2,83.33,2.98,22.82,101.83,20,20,1,5.00
11375,2026-05-01T00:00:00.000Z,14,14,5,9,35.71,18.21,37.56,101.21,15,14,0,0.00
11375,2026-06-01T00:00:00.000Z,6,6,5,1,83.33,15.83,18.01,40.46,29,27,2,6.90
11375,2026-07-01T00:00:00.000Z,7,7,4,3,57.14,13.25,13.21,16.38,16,14,0,0.00
11375,2026-08-01T00:00:00.000Z,10,5,3,2,60.00,13.5,12.15,13.50,24,22,0,0.00
11375,2026-09-01T00:00:00.000Z,5,0,0,0,null,null,null,null,9,9,0,0.00
11377,2025-01-01T00:00:00.000Z,24,24,24,0,100.00,0.73,2.26,5.88,14,14,0,0.00
11377,2025-02-01T00:00:00.000Z,6,6,6,0,100.00,0.0,0.00,0.00,22,20,0,0.00
11377,2025-03-01T00:00:00.000Z,15,15,15,0,100.00,0.0,0.18,0.08,11,11,0,0.00
11377,2025-04-01T00:00:00.000Z,15,15,15,0,100.00,0.0,0.06,0.00,16,16,0,0.00
11377,2025-05-01T00:00:00.000Z,19,19,19,0,100.00,0.0,0.11,0.67,23,22,2,8.70
11377,2025-06-01T00:00:00.000Z,21,21,21,0,100.00,0.0,0.28,0.21,5,5,2,40.00
11377,2025-07-01T00:00:00.000Z,11,11,11,0,100.00,0.0,0.31,0.92,24,20,2,8.33
11377,2025-08-01T00:00:00.000Z,17,17,17,0,100.00,0.0,0.99,2.04,13,13,1,7.69
11377,2025-09-01T00:00:00.000Z,16,16,16,0,100.00,0.0,0.35,0.71,12,12,2,16.67
11377,2025-10-01T00:00:00.000Z,8,8,8,0,100.00,0.0,0.00,0.00,20,17,1,5.00
11377,2025-11-01T00:00:00.000Z,9,9,9,0,100.00,0.0,0.11,0.96,21,20,0,0.00
11377,2025-12-01T00:00:00.000Z,3,3,3,0,100.00,0.0,0.00,0.00,33,31,0,0.00
11377,2026-01-01T00:00:00.000Z,5,5,5,0,100.00,0.0,0.46,1.75,15,15,1,6.67
11377,2026-02-01T00:00:00.000Z,4,4,4,0,100.00,9.06,8.27,14.96,16,16,0,0.00
11377,2026-03-01T00:00:00.000Z,7,7,7,0,100.00,0.0,0.00,0.00,13,13,0,0.00
11377,2026-04-01T00:00:00.000Z,8,8,7,1,87.50,18.06,18.06,36.17,20,20,0,0.00
11377,2026-05-01T00:00:00.000Z,14,14,7,7,50.00,37.5,45.76,96.04,16,15,0,0.00
11377,2026-06-01T00:00:00.000Z,16,16,12,4,75.00,7.63,9.10,13.04,16,16,0,0.00
11377,2026-07-01T00:00:00.000Z,14,14,10,4,71.43,11.83,13.22,16.83,37,34,1,2.70
11377,2026-08-01T00:00:00.000Z,12,9,4,5,44.44,28.21,22.56,37.00,18,18,0,0.00
11377,2026-09-01T00:00:00.000Z,5,0,0,0,null,null,null,null,3,3,0,0.00
11378,2025-01-01T00:00:00.000Z,1,1,1,0,100.00,0.0,0.00,0.00,7,7,1,14.29
11378,2025-02-01T00:00:00.000Z,7,7,7,0,100.00,0.0,0.13,0.88,11,10,0,0.00
11378,2025-03-01T00:00:00.000Z,9,9,9,0,100.00,0.0,0.61,3.00,2,2,0,0.00
11378,2025-04-01T00:00:00.000Z,10,10,10,0,100.00,0.0,0.15,0.58,7,7,0,0.00
11378,2025-05-01T00:00:00.000Z,14,14,14,0,100.00,0.44,1.41,4.08,6,6,0,0.00
11378,2025-06-01T00:00:00.000Z,18,18,18,0,100.00,0.0,0.16,0.63,8,8,1,12.50
11378,2025-07-01T00:00:00.000Z,16,16,16,0,100.00,0.0,0.25,0.79,10,9,0,0.00
11378,2025-08-01T00:00:00.000Z,8,8,8,0,100.00,0.0,0.45,2.75,7,7,0,0.00
11378,2025-09-01T00:00:00.000Z,5,5,5,0,100.00,0.0,0.17,0.83,4,4,0,0.00
11378,2025-10-01T00:00:00.000Z,1,1,1,0,100.00,0.0,0.00,0.00,9,9,0,0.00
11378,2025-11-01T00:00:00.000Z,null,null,null,null,null,null,null,null,8,8,0,0.00
11378,2025-12-01T00:00:00.000Z,3,3,3,0,100.00,0.0,0.00,0.00,16,16,0,0.00
11378,2026-01-01T00:00:00.000Z,2,2,1,1,50.00,20.44,20.44,40.88,5,5,0,0.00
11378,2026-02-01T00:00:00.000Z,1,1,1,0,100.00,0.0,0.00,0.00,4,4,0,0.00
11378,2026-03-01T00:00:00.000Z,4,4,4,0,100.00,0.0,2.21,8.83,6,6,0,0.00
11378,2026-04-01T00:00:00.000Z,6,6,5,1,83.33,12.4,30.34,123.13,8,8,0,0.00
11378,2026-05-01T00:00:00.000Z,10,10,8,2,80.00,16.13,20.98,33.50,5,5,0,0.00
11378,2026-06-01T00:00:00.000Z,9,9,7,2,77.78,14.13,13.90,23.25,8,8,0,0.00
11378,2026-07-01T00:00:00.000Z,3,3,1,2,33.33,27.88,27.88,27.88,9,8,0,0.00
11378,2026-08-01T00:00:00.000Z,4,3,2,1,66.67,13.96,13.96,15.92,8,8,0,0.00
11378,2026-09-01T00:00:00.000Z,3,0,0,0,null,null,null,null,7,5,0,0.00
11379,2025-01-01T00:00:00.000Z,1,1,1,0,100.00,12.04,12.04,12.04,1,1,0,0.00
11379,2025-02-01T00:00:00.000Z,3,3,3,0,100.00,0.0,0.00,0.00,null,null,null,null
11379,2025-03-01T00:00:00.000Z,13,13,13,0,100.00,0.0,0.37,0.92,1,1,0,0.00
11379,2025-04-01T00:00:00.000Z,10,10,10,0,100.00,0.0,0.72,3.21,5,5,0,0.00
11379,2025-05-01T00:00:00.000Z,12,12,12,0,100.00,0.0,0.14,0.58,5,5,0,0.00
11379,2025-06-01T00:00:00.000Z,20,20,20,0,100.00,0.0,0.52,3.08,6,6,0,0.00
11379,2025-07-01T00:00:00.000Z,5,5,5,0,100.00,0.0,1.73,8.17,2,2,0,0.00
11379,2025-08-01T00:00:00.000Z,14,14,14,0,100.00,0.0,1.22,4.00,3,3,0,0.00
11379,2025-09-01T00:00:00.000Z,9,9,9,0,100.00,0.0,2.63,23.71,null,null,null,null
11379,2025-10-01T00:00:00.000Z,7,7,7,0,100.00,0.0,2.17,15.04,3,3,0,0.00
11379,2025-11-01T00:00:00.000Z,3,3,3,0,100.00,0.0,0.78,2.33,null,null,null,null
11379,2025-12-01T00:00:00.000Z,4,4,4,0,100.00,0.0,1.73,6.92,7,7,0,0.00
11379,2026-01-01T00:00:00.000Z,4,4,4,0,100.00,0.0,0.00,0.00,1,1,0,0.00
11379,2026-02-01T00:00:00.000Z,3,3,3,0,100.00,0.0,0.00,0.00,2,2,0,0.00
11379,2026-03-01T00:00:00.000Z,13,13,13,0,100.00,0.0,0.70,1.96,2,2,0,0.00
11379,2026-04-01T00:00:00.000Z,9,9,9,0,100.00,12.83,11.59,20.17,5,5,0,0.00
11379,2026-05-01T00:00:00.000Z,5,5,5,0,100.00,4.21,5.51,9.42,3,3,0,0.00
11379,2026-06-01T00:00:00.000Z,3,3,3,0,100.00,16.13,17.08,21.83,6,6,0,0.00
11379,2026-07-01T00:00:00.000Z,8,8,4,4,50.00,8.33,9.04,12.96,1,1,0,0.00
11379,2026-08-01T00:00:00.000Z,7,3,3,0,100.00,14.08,15.83,20.21,5,5,0,0.00
11379,2026-09-01T00:00:00.000Z,7,0,0,0,null,null,null,null,3,3,0,0.00
11385,2025-01-01T00:00:00.000Z,31,31,31,0,100.00,0.0,0.20,0.63,33,33,1,3.03
11385,2025-02-01T00:00:00.000Z,37,37,37,0,100.00,0.0,0.31,0.88,25,23,1,4.00
11385,2025-03-01T00:00:00.000Z,55,55,55,0,100.00,0.0,0.54,1.67,16,16,1,6.25
11385,2025-04-01T00:00:00.000Z,39,39,39,0,100.00,0.0,0.30,1.08,20,20,0,0.00
11385,2025-05-01T00:00:00.000Z,45,45,45,0,100.00,0.0,0.42,0.83,27,27,0,0.00
11385,2025-06-01T00:00:00.000Z,53,53,53,0,100.00,0.0,0.54,2.00,23,23,1,4.35
11385,2025-07-01T00:00:00.000Z,40,40,40,0,100.00,0.0,0.20,0.79,27,26,1,3.70
11385,2025-08-01T00:00:00.000Z,31,31,31,0,100.00,0.0,0.63,2.13,15,15,1,6.67
11385,2025-09-01T00:00:00.000Z,12,12,12,0,100.00,0.0,1.03,3.75,24,24,0,0.00
11385,2025-10-01T00:00:00.000Z,11,11,11,0,100.00,0.0,0.86,1.88,20,19,0,0.00
11385,2025-11-01T00:00:00.000Z,14,14,14,0,100.00,0.0,0.00,0.00,26,26,1,3.85
11385,2025-12-01T00:00:00.000Z,10,10,10,0,100.00,0.0,0.13,0.17,35,34,2,5.71
11385,2026-01-01T00:00:00.000Z,19,19,19,0,100.00,0.0,0.89,1.96,24,23,0,0.00
11385,2026-02-01T00:00:00.000Z,16,16,16,0,100.00,0.0,0.97,1.46,15,14,0,0.00
11385,2026-03-01T00:00:00.000Z,29,29,28,1,96.55,0.0,6.42,3.79,22,22,0,0.00
11385,2026-04-01T00:00:00.000Z,24,24,24,0,100.00,12.85,12.00,19.83,27,27,1,3.70
11385,2026-05-01T00:00:00.000Z,19,19,18,1,94.74,10.92,15.98,17.46,16,16,1,6.25
11385,2026-06-01T00:00:00.000Z,19,19,14,5,73.68,9.96,13.55,22.38,24,24,2,8.33
11385,2026-07-01T00:00:00.000Z,21,21,18,3,85.71,7.1,7.85,14.25,39,37,0,0.00
11385,2026-08-01T00:00:00.000Z,19,15,7,8,46.67,18.42,18.11,30.00,54,53,4,7.41
11385,2026-09-01T00:00:00.000Z,11,0,0,0,null,null,null,null,13,11,0,0.00
11411,2025-01-01T00:00:00.000Z,null,null,null,null,null,null,null,null,2,2,0,0.00
11411,2025-02-01T00:00:00.000Z,1,1,1,0,100.00,0.0,0.00,0.00,null,null,null,null
11411,2025-05-01T00:00:00.000Z,1,1,1,0,100.00,0.0,0.00,0.00,null,null,null,null
11411,2025-06-01T00:00:00.000Z,6,6,6,0,100.00,0.0,0.34,1.92,4,3,0,0.00
11411,2025-08-01T00:00:00.000Z,3,3,3,0,100.00,0.0,0.00,0.00,1,1,0,0.00
11411,2025-09-01T00:00:00.000Z,2,2,2,0,100.00,2.6,2.60,5.04,4,4,0,0.00
11411,2025-10-01T00:00:00.000Z,1,1,1,0,100.00,0.0,0.00,0.00,6,4,0,0.00
11411,2025-11-01T00:00:00.000Z,null,null,null,null,null,null,null,null,2,2,0,0.00
11411,2025-12-01T00:00:00.000Z,null,null,null,null,null,null,null,null,2,2,0,0.00
11411,2026-01-01T00:00:00.000Z,null,null,null,null,null,null,null,null,2,2,0,0.00
11411,2026-02-01T00:00:00.000Z,1,1,1,0,100.00,0.0,0.00,0.00,7,7,0,0.00
11411,2026-03-01T00:00:00.000Z,null,null,null,null,null,null,null,null,4,4,0,0.00
11411,2026-04-01T00:00:00.000Z,1,1,1,0,100.00,23.67,23.67,23.67,1,1,0,0.00
11411,2026-05-01T00:00:00.000Z,null,null,null,null,null,null,null,null,4,3,0,0.00
11411,2026-06-01T00:00:00.000Z,2,2,2,0,100.00,14.29,14.29,18.25,1,1,0,0.00
11411,2026-07-01T00:00:00.000Z,2,2,1,1,50.00,22.04,22.04,36.33,2,2,0,0.00
11411,2026-08-01T00:00:00.000Z,5,4,3,1,75.00,5.96,6.43,7.38,6,4,0,0.00
11412,2025-01-01T00:00:00.000Z,1,1,1,0,100.00,0.0,0.00,0.00,1,1,0,0.00
11412,2025-02-01T00:00:00.000Z,3,3,3,0,100.00,0.0,0.31,0.92,3,3,0,0.00
11412,2025-03-01T00:00:00.000Z,1,1,1,0,100.00,0.0,0.00,0.00,1,1,0,0.00
11412,2025-04-01T00:00:00.000Z,2,2,2,0,100.00,0.4,0.40,0.79,3,3,0,0.00
11412,2025-05-01T00:00:00.000Z,1,1,1,0,100.00,0.0,0.00,0.00,4,4,0,0.00
11412,2025-06-01T00:00:00.000Z,3,3,3,0,100.00,0.0,0.00,0.00,5,5,0,0.00
11412,2025-07-01T00:00:00.000Z,4,4,4,0,100.00,0.0,0.15,0.58,3,3,1,33.33
11412,2025-08-01T00:00:00.000Z,7,7,7,0,100.00,0.0,1.60,9.29,4,4,0,0.00
11412,2025-09-01T00:00:00.000Z,5,5,5,0,100.00,0.0,0.12,0.58,4,4,0,0.00
11412,2025-10-01T00:00:00.000Z,3,3,3,0,100.00,0.0,0.57,1.71,11,10,0,0.00
11412,2025-11-01T00:00:00.000Z,null,null,null,null,null,null,null,null,1,1,0,0.00
11412,2025-12-01T00:00:00.000Z,null,null,null,null,null,null,null,null,10,10,0,0.00
11412,2026-01-01T00:00:00.000Z,null,null,null,null,null,null,null,null,5,5,0,0.00
11412,2026-02-01T00:00:00.000Z,null,null,null,null,null,null,null,null,2,2,0,0.00
11412,2026-03-01T00:00:00.000Z,1,1,1,0,100.00,0.0,0.00,0.00,5,4,0,0.00
11412,2026-04-01T00:00:00.000Z,null,null,null,null,null,null,null,null,10,8,2,20.00
11412,2026-05-01T00:00:00.000Z,1,1,0,1,0.00,31.38,31.38,31.38,7,7,0,0.00
11412,2026-06-01T00:00:00.000Z,3,3,2,1,66.67,10.17,10.17,10.50,3,3,0,0.00
11412,2026-07-01T00:00:00.000Z,3,3,3,0,100.00,15.04,16.58,21.21,3,3,0,0.00
11412,2026-08-01T00:00:00.000Z,4,2,1,1,50.00,26.83,26.83,26.83,3,3,0,0.00
11412,2026-09-01T00:00:00.000Z,2,0,0,0,null,null,null,null,2,2,0,0.00
11413,2025-01-01T00:00:00.000Z,null,null,null,null,null,null,null,null,5,5,0,0.00
11413,2025-02-01T00:00:00.000Z,1,1,1,0,100.00,0.0,0.00,0.00,2,2,0,0.00
11413,2025-03-01T00:00:00.000Z,null,null,null,null,null,null,null,null,2,2,0,0.00
11413,2025-04-01T00:00:00.000Z,6,6,6,0,100.00,0.0,0.72,3.88,3,3,1,33.33
11413,2025-05-01T00:00:00.000Z,8,8,8,0,100.00,0.0,0.39,3.08,7,7,0,0.00
11413,2025-06-01T00:00:00.000Z,null,null,null,null,null,null,null,null,1,1,0,0.00
11413,2025-07-01T00:00:00.000Z,5,5,5,0,100.00,0.0,0.60,2.00,1,1,0,0.00
11413,2025-08-01T00:00:00.000Z,3,3,3,0,100.00,0.0,3.25,9.75,2,2,0,0.00
11413,2025-09-01T00:00:00.000Z,2,2,2,0,100.00,1.4,1.40,2.79,7,6,0,0.00
11413,2025-10-01T00:00:00.000Z,2,2,2,0,100.00,0.0,0.00,0.00,4,4,0,0.00
11413,2025-11-01T00:00:00.000Z,1,1,1,0,100.00,0.0,0.00,0.00,5,5,0,0.00
11413,2025-12-01T00:00:00.000Z,3,3,3,0,100.00,0.0,0.51,1.54,4,4,0,0.00
11413,2026-01-01T00:00:00.000Z,1,1,1,0,100.00,0.0,0.00,0.00,6,6,0,0.00
11413,2026-02-01T00:00:00.000Z,null,null,null,null,null,null,null,null,3,3,0,0.00
11413,2026-03-01T00:00:00.000Z,2,2,2,0,100.00,0.17,0.17,0.33,4,4,0,0.00
11413,2026-04-01T00:00:00.000Z,5,5,3,2,60.00,22.46,34.70,88.46,4,4,0,0.00
11413,2026-05-01T00:00:00.000Z,null,null,null,null,null,null,null,null,10,7,0,0.00
11413,2026-06-01T00:00:00.000Z,2,2,2,0,100.00,4.71,4.71,5.33,6,6,0,0.00
11413,2026-07-01T00:00:00.000Z,7,7,6,1,85.71,12.98,12.37,17.50,5,5,0,0.00
11413,2026-08-01T00:00:00.000Z,11,10,0,10,0.00,null,null,null,6,6,1,16.67
11413,2026-09-01T00:00:00.000Z,1,0,0,0,null,null,null,null,6,5,0,0.00
11414,2025-02-01T00:00:00.000Z,null,null,null,null,null,null,null,null,3,3,0,0.00
11414,2025-03-01T00:00:00.000Z,1,1,1,0,100.00,0.0,0.00,0.00,3,3,0,0.00
11414,2025-04-01T00:00:00.000Z,1,1,1,0,100.00,0.0,0.00,0.00,5,5,0,0.00
11414,2025-05-01T00:00:00.000Z,2,2,2,0,100.00,0.0,0.00,0.00,10,10,0,0.00
11414,2025-06-01T00:00:00.000Z,9,9,9,0,100.00,0.13,0.28,0.83,5,5,0,0.00
11414,2025-07-01T00:00:00.000Z,3,3,3,0,100.00,0.0,0.32,0.96,4,4,0,0.00
11414,2025-08-01T00:00:00.000Z,1,1,1,0,100.00,0.0,0.00,0.00,9,9,0,0.00
11414,2025-09-01T00:00:00.000Z,null,null,null,null,null,null,null,null,4,4,0,0.00
11414,2025-10-01T00:00:00.000Z,null,null,null,null,null,null,null,null,6,6,0,0.00
11414,2025-11-01T00:00:00.000Z,null,null,null,null,null,null,null,null,4,4,0,0.00
11414,2025-12-01T00:00:00.000Z,null,null,null,null,null,null,null,null,8,8,0,0.00
11414,2026-01-01T00:00:00.000Z,null,null,null,null,null,null,null,null,2,2,0,0.00
11414,2026-02-01T00:00:00.000Z,null,null,null,null,null,null,null,null,3,3,0,0.00
11414,2026-03-01T00:00:00.000Z,null,null,null,null,null,null,null,null,6,6,0,0.00
11414,2026-04-01T00:00:00.000Z,7,7,6,1,85.71,3.42,7.40,31.50,4,4,0,0.00
11414,2026-05-01T00:00:00.000Z,2,2,2,0,100.00,12.65,12.65,12.88,3,2,0,0.00
11414,2026-06-01T00:00:00.000Z,1,1,1,0,100.00,20.92,20.92,20.92,3,3,0,0.00
11414,2026-07-01T00:00:00.000Z,2,2,1,1,50.00,8.96,8.96,8.96,4,4,0,0.00
11414,2026-08-01T00:00:00.000Z,1,0,0,0,null,null,null,null,15,14,0,0.00
11414,2026-09-01T00:00:00.000Z,1,0,0,0,null,null,null,null,null,null,null,null
11415,2025-01-01T00:00:00.000Z,null,null,null,null,null,null,null,null,3,3,0,0.00
11415,2025-02-01T00:00:00.000Z,1,1,1,0,100.00,0.0,0.00,0.00,2,2,0,0.00
11415,2025-03-01T00:00:00.000Z,null,null,null,null,null,null,null,null,2,2,0,0.00
11415,2025-04-01T00:00:00.000Z,1,1,1,0,100.00,0.0,0.00,0.00,null,null,null,null
11415,2025-05-01T00:00:00.000Z,null,null,null,null,null,null,null,null,3,3,0,0.00
11415,2025-06-01T00:00:00.000Z,null,null,null,null,null,null,null,null,2,2,0,0.00
11415,2025-08-01T00:00:00.000Z,null,null,null,null,null,null,null,null,1,1,0,0.00
11415,2025-09-01T00:00:00.000Z,1,1,1,0,100.00,0.0,0.00,0.00,7,7,0,0.00
11415,2025-10-01T00:00:00.000Z,2,2,2,0,100.00,0.0,0.00,0.00,1,1,0,0.00
11415,2025-11-01T00:00:00.000Z,null,null,null,null,null,null,null,null,1,1,0,0.00
11415,2025-12-01T00:00:00.000Z,3,3,3,0,100.00,0.0,0.08,0.25,6,6,0,0.00
11415,2026-01-01T00:00:00.000Z,null,null,null,null,null,null,null,null,3,3,0,0.00
11415,2026-02-01T00:00:00.000Z,2,2,2,0,100.00,6.65,6.65,7.92,1,1,0,0.00
11415,2026-03-01T00:00:00.000Z,11,11,11,0,100.00,0.75,1.50,3.88,null,null,null,null
11415,2026-04-01T00:00:00.000Z,4,4,4,0,100.00,1.79,3.55,10.04,6,6,0,0.00
11415,2026-05-01T00:00:00.000Z,4,4,0,4,0.00,57.42,65.07,99.83,2,2,0,0.00
11415,2026-06-01T00:00:00.000Z,null,null,null,null,null,null,null,null,2,2,0,0.00
11415,2026-07-01T00:00:00.000Z,1,1,1,0,100.00,29.88,29.88,29.88,11,10,0,0.00
11415,2026-08-01T00:00:00.000Z,2,2,0,2,0.00,null,null,null,null,null,null,null
11415,2026-09-01T00:00:00.000Z,1,0,0,0,null,null,null,null,null,null,null,null
11416,2025-01-01T00:00:00.000Z,2,2,2,0,100.00,0.0,0.00,0.00,4,4,0,0.00
11416,2025-02-01T00:00:00.000Z,3,3,3,0,100.00,0.0,1.68,5.04,3,3,0,0.00
11416,2025-03-01T00:00:00.000Z,1,1,1,0,100.00,0.0,0.00,0.00,1,1,0,0.00
11416,2025-04-01T00:00:00.000Z,6,6,6,0,100.00,0.0,0.62,3.71,5,5,0,0.00
11416,2025-05-01T00:00:00.000Z,3,3,3,0,100.00,0.0,0.00,0.00,5,5,0,0.00
11416,2025-06-01T00:00:00.000Z,1,1,1,0,100.00,0.0,0.00,0.00,6,6,0,0.00
11416,2025-07-01T00:00:00.000Z,1,1,1,0,100.00,0.0,0.00,0.00,2,2,0,0.00
11416,2025-08-01T00:00:00.000Z,1,1,1,0,100.00,0.0,0.00,0.00,5,5,0,0.00
11416,2025-09-01T00:00:00.000Z,3,3,3,0,100.00,0.0,0.00,0.00,4,4,1,25.00
11416,2025-10-01T00:00:00.000Z,2,2,2,0,100.00,0.0,0.00,0.00,2,2,0,0.00
11416,2025-11-01T00:00:00.000Z,2,2,2,0,100.00,0.0,0.00,0.00,2,2,0,0.00
11416,2025-12-01T00:00:00.000Z,1,1,1,0,100.00,0.0,0.00,0.00,9,8,1,11.11
11416,2026-01-01T00:00:00.000Z,1,1,1,0,100.00,0.0,0.00,0.00,null,null,null,null
11416,2026-02-01T00:00:00.000Z,null,null,null,null,null,null,null,null,8,8,0,0.00
11416,2026-03-01T00:00:00.000Z,3,3,2,1,66.67,0.0,12.29,36.88,2,2,0,0.00
11416,2026-04-01T00:00:00.000Z,3,3,1,2,33.33,109.0,76.97,121.92,8,8,0,0.00
11416,2026-05-01T00:00:00.000Z,3,3,0,3,0.00,39.77,39.77,45.25,6,6,0,0.00
11416,2026-06-01T00:00:00.000Z,3,3,1,2,33.33,25.67,25.67,32.00,6,6,0,0.00
11416,2026-07-01T00:00:00.000Z,1,1,1,0,100.00,15.54,15.54,15.54,4,4,0,0.00
11416,2026-08-01T00:00:00.000Z,1,1,0,1,0.00,null,null,null,null,null,null,null
11416,2026-09-01T00:00:00.000Z,1,0,0,0,null,null,null,null,3,3,0,0.00
11417,2025-01-01T00:00:00.000Z,5,5,5,0,100.00,0.0,0.14,0.71,null,null,null,null
11417,2025-02-01T00:00:00.000Z,4,4,3,1,75.00,0.0,0.00,0.00,12,12,0,0.00
11417,2025-03-01T00:00:00.000Z,null,null,null,null,null,null,null,null,10,10,0,0.00
11417,2025-04-01T00:00:00.000Z,5,5,5,0,100.00,0.0,0.00,0.00,7,7,0,0.00
11417,2025-05-01T00:00:00.000Z,1,1,1,0,100.00,0.0,0.00,0.00,6,6,0,0.00
11417,2025-06-01T00:00:00.000Z,3,3,3,0,100.00,0.0,0.00,0.00,3,3,0,0.00
11417,2025-07-01T00:00:00.000Z,4,4,4,0,100.00,0.0,0.00,0.00,2,2,0,0.00
11417,2025-08-01T00:00:00.000Z,7,7,7,0,100.00,0.0,1.05,5.42,9,9,1,11.11
11417,2025-09-01T00:00:00.000Z,7,7,7,0,100.00,0.0,0.23,1.58,5,4,0,0.00
11417,2025-10-01T00:00:00.000Z,1,1,1,0,100.00,0.0,0.00,0.00,8,8,0,0.00
11417,2025-11-01T00:00:00.000Z,3,3,3,0,100.00,0.0,0.28,0.83,8,6,0,0.00
11417,2025-12-01T00:00:00.000Z,2,2,2,0,100.00,0.0,0.00,0.00,8,8,0,0.00
11417,2026-01-01T00:00:00.000Z,2,2,2,0,100.00,0.0,0.00,0.00,4,4,0,0.00
11417,2026-02-01T00:00:00.000Z,null,null,null,null,null,null,null,null,6,6,0,0.00
11417,2026-03-01T00:00:00.000Z,2,2,2,0,100.00,0.0,0.00,0.00,4,4,0,0.00
11417,2026-04-01T00:00:00.000Z,3,3,2,1,66.67,23.17,21.25,32.88,9,9,0,0.00
11417,2026-05-01T00:00:00.000Z,5,5,3,2,60.00,10.25,24.42,61.25,7,6,0,0.00
11417,2026-06-01T00:00:00.000Z,8,8,4,4,50.00,10.21,10.13,16.79,2,2,1,50.00
11417,2026-07-01T00:00:00.000Z,1,1,1,0,100.00,15.96,15.96,15.96,7,6,0,0.00
11417,2026-08-01T00:00:00.000Z,5,3,0,3,0.00,null,null,null,2,2,0,0.00
11417,2026-09-01T00:00:00.000Z,1,0,0,0,null,null,null,null,4,4,0,0.00
11418,2025-01-01T00:00:00.000Z,1,1,1,0,100.00,0.0,0.00,0.00,10,10,2,20.00
11418,2025-02-01T00:00:00.000Z,1,1,1,0,100.00,0.0,0.00,0.00,1,1,0,0.00
11418,2025-03-01T00:00:00.000Z,2,2,2,0,100.00,0.02,0.02,0.04,6,6,0,0.00
11418,2025-04-01T00:00:00.000Z,1,1,1,0,100.00,0.0,0.00,0.00,4,4,0,0.00
11418,2025-05-01T00:00:00.000Z,4,4,4,0,100.00,0.0,0.00,0.00,9,9,0,0.00
11418,2025-06-01T00:00:00.000Z,4,4,4,0,100.00,0.0,0.58,2.33,null,null,null,null
11418,2025-07-01T00:00:00.000Z,3,3,3,0,100.00,0.0,0.00,0.00,2,2,0,0.00
11418,2025-08-01T00:00:00.000Z,3,3,3,0,100.00,0.0,0.99,2.96,4,4,1,25.00
11418,2025-09-01T00:00:00.000Z,3,3,3,0,100.00,0.0,0.26,0.79,4,4,0,0.00
11418,2025-10-01T00:00:00.000Z,1,1,1,0,100.00,0.0,0.00,0.00,7,7,1,14.29
11418,2025-11-01T00:00:00.000Z,null,null,null,null,null,null,null,null,8,7,1,12.50
11418,2025-12-01T00:00:00.000Z,null,null,null,null,null,null,null,null,11,11,0,0.00
11418,2026-01-01T00:00:00.000Z,null,null,null,null,null,null,null,null,6,6,0,0.00
11418,2026-02-01T00:00:00.000Z,null,null,null,null,null,null,null,null,9,9,0,0.00
11418,2026-03-01T00:00:00.000Z,2,2,2,0,100.00,0.0,0.00,0.00,11,10,0,0.00
11418,2026-04-01T00:00:00.000Z,2,2,1,1,50.00,27.85,27.85,32.25,10,8,0,0.00
11418,2026-05-01T00:00:00.000Z,2,2,1,1,50.00,58.58,58.58,98.42,8,8,0,0.00
11418,2026-06-01T00:00:00.000Z,1,1,1,0,100.00,13.83,13.83,13.83,9,9,0,0.00
11418,2026-07-01T00:00:00.000Z,null,null,null,null,null,null,null,null,9,8,1,11.11
11418,2026-08-01T00:00:00.000Z,5,3,1,2,33.33,19.38,19.38,19.38,5,5,0,0.00
11418,2026-09-01T00:00:00.000Z,null,null,null,null,null,null,null,null,5,5,0,0.00
11419,2025-01-01T00:00:00.000Z,4,4,4,0,100.00,0.0,0.13,0.50,12,12,1,8.33
11419,2025-02-01T00:00:00.000Z,2,2,2,0,100.00,0.38,0.38,0.75,2,2,0,0.00
11419,2025-03-01T00:00:00.000Z,8,8,8,0,100.00,0.0,0.83,4.83,12,12,1,8.33
11419,2025-04-01T00:00:00.000Z,7,7,7,0,100.00,0.0,0.25,1.75,10,10,0,0.00
11419,2025-05-01T00:00:00.000Z,8,8,8,0,100.00,0.1,0.71,2.63,6,6,0,0.00
11419,2025-06-01T00:00:00.000Z,10,10,10,0,100.00,0.0,0.95,2.21,6,5,0,0.00
11419,2025-07-01T00:00:00.000Z,6,6,6,0,100.00,0.0,0.00,0.00,8,8,1,12.50
11419,2025-08-01T00:00:00.000Z,2,2,2,0,100.00,1.0,1.00,2.00,12,10,0,0.00
11419,2025-09-01T00:00:00.000Z,7,7,7,0,100.00,0.0,0.30,2.13,18,17,1,5.56
11419,2025-10-01T00:00:00.000Z,3,3,3,0,100.00,0.0,0.00,0.00,6,6,2,33.33
11419,2025-11-01T00:00:00.000Z,2,2,2,0,100.00,0.0,0.00,0.00,20,17,2,10.00
11419,2025-12-01T00:00:00.000Z,1,1,1,0,100.00,0.0,0.00,0.00,17,16,1,5.88
11419,2026-01-01T00:00:00.000Z,3,3,3,0,100.00,0.0,0.00,0.00,9,9,1,11.11
11419,2026-02-01T00:00:00.000Z,null,null,null,null,null,null,null,null,9,7,0,0.00
11419,2026-03-01T00:00:00.000Z,3,3,3,0,100.00,0.0,0.35,1.04,12,10,0,0.00
11419,2026-04-01T00:00:00.000Z,null,null,null,null,null,null,null,null,6,6,0,0.00
11419,2026-05-01T00:00:00.000Z,4,4,4,0,100.00,20.65,21.81,28.08,10,10,0,0.00
11419,2026-06-01T00:00:00.000Z,2,2,2,0,100.00,15.67,15.67,22.96,11,11,0,0.00
11419,2026-07-01T00:00:00.000Z,1,1,1,0,100.00,3.92,3.92,3.92,11,11,0,0.00
11419,2026-08-01T00:00:00.000Z,5,2,0,2,0.00,null,null,null,13,13,0,0.00
11419,2026-09-01T00:00:00.000Z,2,0,0,0,null,null,null,null,3,3,0,0.00
11420,2025-01-01T00:00:00.000Z,3,3,3,0,100.00,0.0,0.00,0.00,7,7,1,14.29
11420,2025-02-01T00:00:00.000Z,3,3,3,0,100.00,0.0,0.00,0.00,3,3,0,0.00
11420,2025-03-01T00:00:00.000Z,2,2,2,0,100.00,0.79,0.79,0.83,5,5,1,20.00
11420,2025-04-01T00:00:00.000Z,null,null,null,null,null,null,null,null,4,4,0,0.00
11420,2025-05-01T00:00:00.000Z,3,3,3,0,100.00,0.0,0.00,0.00,9,9,0,0.00
11420,2025-06-01T00:00:00.000Z,7,7,7,0,100.00,0.0,0.00,0.00,5,5,0,0.00
11420,2025-07-01T00:00:00.000Z,6,6,6,0,100.00,0.0,0.01,0.04,1,1,0,0.00
11420,2025-08-01T00:00:00.000Z,1,1,1,0,100.00,0.0,0.00,0.00,7,6,1,14.29
11420,2025-09-01T00:00:00.000Z,2,2,2,0,100.00,0.0,0.00,0.00,8,8,0,0.00
11420,2025-10-01T00:00:00.000Z,2,2,2,0,100.00,0.0,0.00,0.00,8,7,1,12.50
11420,2025-11-01T00:00:00.000Z,null,null,null,null,null,null,null,null,9,8,0,0.00
11420,2025-12-01T00:00:00.000Z,3,3,3,0,100.00,0.0,0.01,0.04,10,10,0,0.00
11420,2026-01-01T00:00:00.000Z,1,1,1,0,100.00,0.0,0.00,0.00,9,9,0,0.00
11420,2026-02-01T00:00:00.000Z,1,1,1,0,100.00,0.0,0.00,0.00,6,6,1,16.67
11420,2026-03-01T00:00:00.000Z,4,4,4,0,100.00,0.0,0.74,2.96,9,8,1,11.11
11420,2026-04-01T00:00:00.000Z,2,2,0,2,0.00,40.13,40.13,49.21,9,8,1,11.11
11420,2026-05-01T00:00:00.000Z,4,4,4,0,100.00,12.52,13.36,17.92,2,2,0,0.00
11420,2026-06-01T00:00:00.000Z,1,1,1,0,100.00,29.04,29.04,29.04,7,7,0,0.00
11420,2026-07-01T00:00:00.000Z,null,null,null,null,null,null,null,null,6,6,0,0.00
11420,2026-08-01T00:00:00.000Z,3,3,2,1,66.67,25.29,25.29,27.29,6,6,0,0.00
11420,2026-09-01T00:00:00.000Z,1,0,0,0,null,null,null,null,3,3,0,0.00
11421,2025-01-01T00:00:00.000Z,null,null,null,null,null,null,null,null,6,6,0,0.00
11421,2025-02-01T00:00:00.000Z,null,null,null,null,null,null,null,null,7,7,0,0.00
11421,2025-03-01T00:00:00.000Z,1,1,1,0,100.00,0.0,0.00,0.00,5,5,0,0.00
11421,2025-04-01T00:00:00.000Z,1,1,1,0,100.00,0.0,0.00,0.00,4,4,0,0.00
11421,2025-05-01T00:00:00.000Z,3,3,3,0,100.00,0.0,0.00,0.00,7,7,0,0.00
11421,2025-06-01T00:00:00.000Z,6,6,6,0,100.00,0.0,0.47,2.79,4,4,2,50.00
11421,2025-07-01T00:00:00.000Z,8,8,8,0,100.00,0.0,0.00,0.00,7,7,0,0.00
11421,2025-08-01T00:00:00.000Z,4,4,4,0,100.00,0.0,0.00,0.00,5,4,0,0.00
11421,2025-09-01T00:00:00.000Z,2,2,2,0,100.00,0.0,0.00,0.00,2,2,0,0.00
11421,2025-10-01T00:00:00.000Z,2,2,2,0,100.00,0.0,0.00,0.00,3,3,0,0.00
11421,2025-11-01T00:00:00.000Z,null,null,null,null,null,null,null,null,7,7,0,0.00
11421,2025-12-01T00:00:00.000Z,1,1,1,0,100.00,0.0,0.00,0.00,11,11,0,0.00
11421,2026-01-01T00:00:00.000Z,null,null,null,null,null,null,null,null,5,5,0,0.00
11421,2026-02-01T00:00:00.000Z,3,3,3,0,100.00,0.0,0.00,0.00,3,3,0,0.00
11421,2026-03-01T00:00:00.000Z,3,3,3,0,100.00,0.0,0.38,1.13,15,15,1,6.67
11421,2026-04-01T00:00:00.000Z,2,2,2,0,100.00,0.0,0.00,0.00,10,10,0,0.00
11421,2026-05-01T00:00:00.000Z,1,1,1,0,100.00,22.29,22.29,22.29,4,4,0,0.00
11421,2026-06-01T00:00:00.000Z,2,2,1,1,50.00,6.88,6.88,6.88,9,9,0,0.00
11421,2026-07-01T00:00:00.000Z,1,1,1,0,100.00,7.42,7.42,7.42,6,5,0,0.00
11421,2026-08-01T00:00:00.000Z,2,0,0,0,null,null,null,null,6,5,0,0.00
11421,2026-09-01T00:00:00.000Z,1,0,0,0,null,null,null,null,null,null,null,null
11422,2025-01-01T00:00:00.000Z,null,null,null,null,null,null,null,null,4,4,0,0.00
11422,2025-02-01T00:00:00.000Z,null,null,null,null,null,null,null,null,4,4,0,0.00
11422,2025-03-01T00:00:00.000Z,null,null,null,null,null,null,null,null,1,1,0,0.00
11422,2025-04-01T00:00:00.000Z,null,null,null,null,null,null,null,null,3,3,0,0.00
11422,2025-05-01T00:00:00.000Z,1,1,1,0,100.00,0.0,0.00,0.00,2,2,0,0.00
11422,2025-06-01T00:00:00.000Z,2,2,2,0,100.00,0.0,0.00,0.00,3,3,0,0.00
11422,2025-07-01T00:00:00.000Z,2,2,2,0,100.00,0.0,0.00,0.00,2,2,0,0.00
11422,2025-08-01T00:00:00.000Z,null,null,null,null,null,null,null,null,9,8,0,0.00
11422,2025-09-01T00:00:00.000Z,2,2,2,0,100.00,0.0,0.00,0.00,null,null,null,null
11422,2025-10-01T00:00:00.000Z,null,null,null,null,null,null,null,null,8,8,0,0.00
11422,2025-11-01T00:00:00.000Z,1,1,1,0,100.00,0.0,0.00,0.00,4,4,0,0.00
11422,2025-12-01T00:00:00.000Z,null,null,null,null,null,null,null,null,5,5,0,0.00
11422,2026-01-01T00:00:00.000Z,1,1,1,0,100.00,0.0,0.00,0.00,1,1,0,0.00
11422,2026-02-01T00:00:00.000Z,1,1,1,0,100.00,0.0,0.00,0.00,null,null,null,null
11422,2026-03-01T00:00:00.000Z,null,null,null,null,null,null,null,null,10,10,0,0.00
11422,2026-04-01T00:00:00.000Z,null,null,null,null,null,null,null,null,2,2,0,0.00
11422,2026-05-01T00:00:00.000Z,null,null,null,null,null,null,null,null,2,2,0,0.00
11422,2026-06-01T00:00:00.000Z,1,1,1,0,100.00,28.25,28.25,28.25,3,3,0,0.00
11422,2026-07-01T00:00:00.000Z,1,1,1,0,100.00,15.29,15.29,15.29,2,2,1,50.00
11422,2026-08-01T00:00:00.000Z,null,null,null,null,null,null,null,null,3,3,0,0.00
11422,2026-09-01T00:00:00.000Z,1,0,0,0,null,null,null,null,3,3,0,0.00
11423,2025-01-01T00:00:00.000Z,null,null,null,null,null,null,null,null,3,3,0,0.00
11423,2025-02-01T00:00:00.000Z,1,1,1,0,100.00,0.0,0.00,0.00,14,12,0,0.00
11423,2025-03-01T00:00:00.000Z,1,1,1,0,100.00,0.0,0.00,0.00,4,4,0,0.00
11423,2025-04-01T00:00:00.000Z,null,null,null,null,null,null,null,null,1,1,0,0.00
11423,2025-05-01T00:00:00.000Z,null,null,null,null,null,null,null,null,1,1,0,0.00
11423,2025-06-01T00:00:00.000Z,2,2,2,0,100.00,0.0,0.00,0.00,3,3,0,0.00
11423,2025-07-01T00:00:00.000Z,2,2,2,0,100.00,0.0,0.00,0.00,4,2,0,0.00
11423,2025-08-01T00:00:00.000Z,2,2,2,0,100.00,1.44,1.44,2.88,1,1,0,0.00
11423,2025-09-01T00:00:00.000Z,1,1,1,0,100.00,0.0,0.00,0.00,3,3,0,0.00
11423,2025-10-01T00:00:00.000Z,1,1,1,0,100.00,0.0,0.00,0.00,5,5,0,0.00
11423,2025-12-01T00:00:00.000Z,2,2,2,0,100.00,0.0,0.00,0.00,4,3,0,0.00
11423,2026-02-01T00:00:00.000Z,null,null,null,null,null,null,null,null,7,6,0,0.00
11423,2026-03-01T00:00:00.000Z,null,null,null,null,null,null,null,null,2,2,0,0.00
11423,2026-04-01T00:00:00.000Z,2,2,0,2,0.00,95.19,95.19,134.46,1,1,0,0.00
11423,2026-05-01T00:00:00.000Z,1,1,1,0,100.00,19.25,19.25,19.25,5,5,0,0.00
11423,2026-06-01T00:00:00.000Z,1,1,0,1,0.00,null,null,null,3,3,1,33.33
11423,2026-07-01T00:00:00.000Z,3,3,2,1,66.67,15.94,15.94,21.71,5,5,0,0.00
11423,2026-08-01T00:00:00.000Z,2,2,0,2,0.00,null,null,null,15,12,0,0.00
11423,2026-09-01T00:00:00.000Z,1,0,0,0,null,null,null,null,1,1,0,0.00
11426,2025-01-01T00:00:00.000Z,1,1,1,0,100.00,0.0,0.00,0.00,null,null,null,null
11426,2025-02-01T00:00:00.000Z,null,null,null,null,null,null,null,null,12,11,0,0.00
11426,2025-03-01T00:00:00.000Z,null,null,null,null,null,null,null,null,2,1,0,0.00
11426,2025-04-01T00:00:00.000Z,2,2,2,0,100.00,0.0,0.00,0.00,6,6,0,0.00
11426,2025-05-01T00:00:00.000Z,2,2,2,0,100.00,2.42,2.42,4.83,5,5,0,0.00
11426,2025-06-01T00:00:00.000Z,4,4,4,0,100.00,0.0,0.00,0.00,4,4,0,0.00
11426,2025-07-01T00:00:00.000Z,2,2,2,0,100.00,0.0,0.00,0.00,3,3,0,0.00
11426,2025-08-01T00:00:00.000Z,2,2,2,0,100.00,0.0,0.00,0.00,1,1,0,0.00
11426,2025-09-01T00:00:00.000Z,2,2,2,0,100.00,0.02,0.02,0.04,2,2,0,0.00
11426,2025-10-01T00:00:00.000Z,null,null,null,null,null,null,null,null,2,2,0,0.00
11426,2025-11-01T00:00:00.000Z,null,null,null,null,null,null,null,null,4,4,0,0.00
11426,2025-12-01T00:00:00.000Z,1,1,1,0,100.00,0.0,0.00,0.00,1,1,0,0.00
11426,2026-02-01T00:00:00.000Z,null,null,null,null,null,null,null,null,4,4,0,0.00
11426,2026-03-01T00:00:00.000Z,null,null,null,null,null,null,null,null,2,2,0,0.00
11426,2026-04-01T00:00:00.000Z,3,3,3,0,100.00,18.21,18.15,18.29,1,1,0,0.00
11426,2026-05-01T00:00:00.000Z,2,2,2,0,100.00,13.25,13.25,18.42,5,5,0,0.00
11426,2026-06-01T00:00:00.000Z,3,3,2,1,66.67,9.73,9.73,13.08,null,null,null,null
11426,2026-07-01T00:00:00.000Z,2,2,0,2,0.00,null,null,null,8,8,0,0.00
11426,2026-08-01T00:00:00.000Z,1,1,1,0,100.00,27.33,27.33,27.33,6,4,0,0.00
11426,2026-09-01T00:00:00.000Z,null,null,null,null,null,null,null,null,3,3,0,0.00
11427,2025-02-01T00:00:00.000Z,null,null,null,null,null,null,null,null,1,1,0,0.00
11427,2025-04-01T00:00:00.000Z,1,1,1,0,100.00,0.0,0.00,0.00,null,null,null,null
11427,2025-05-01T00:00:00.000Z,1,1,1,0,100.00,0.0,0.00,0.00,4,4,0,0.00
11427,2025-06-01T00:00:00.000Z,null,null,null,null,null,null,null,null,1,1,0,0.00
11427,2025-07-01T00:00:00.000Z,2,2,2,0,100.00,0.0,0.00,0.00,4,4,0,0.00
11427,2025-10-01T00:00:00.000Z,null,null,null,null,null,null,null,null,3,3,0,0.00
11427,2025-11-01T00:00:00.000Z,1,1,1,0,100.00,0.0,0.00,0.00,null,null,null,null
11427,2026-02-01T00:00:00.000Z,null,null,null,null,null,null,null,null,4,4,0,0.00
11427,2026-03-01T00:00:00.000Z,null,null,null,null,null,null,null,null,1,1,0,0.00
11427,2026-05-01T00:00:00.000Z,2,2,1,1,50.00,39.77,39.77,73.54,null,null,null,null
11427,2026-06-01T00:00:00.000Z,1,1,1,0,100.00,9.25,9.25,9.25,null,null,null,null
11427,2026-07-01T00:00:00.000Z,1,1,1,0,100.00,11.88,11.88,11.88,4,4,0,0.00
11427,2026-08-01T00:00:00.000Z,2,1,1,0,100.00,28.13,28.13,28.13,null,null,null,null
11428,2025-01-01T00:00:00.000Z,null,null,null,null,null,null,null,null,10,9,1,10.00
11428,2025-02-01T00:00:00.000Z,2,2,2,0,100.00,0.0,0.00,0.00,1,1,0,0.00
11428,2025-03-01T00:00:00.000Z,1,1,1,0,100.00,0.0,0.00,0.00,4,4,0,0.00
11428,2025-04-01T00:00:00.000Z,3,3,3,0,100.00,0.83,0.65,0.88,3,3,0,0.00
11428,2025-05-01T00:00:00.000Z,2,2,2,0,100.00,1.83,1.83,3.67,1,1,0,0.00
11428,2025-06-01T00:00:00.000Z,3,3,3,0,100.00,0.0,0.00,0.00,1,1,0,0.00
11428,2025-08-01T00:00:00.000Z,null,null,null,null,null,null,null,null,2,2,0,0.00
11428,2025-09-01T00:00:00.000Z,null,null,null,null,null,null,null,null,5,4,0,0.00
11428,2025-10-01T00:00:00.000Z,null,null,null,null,null,null,null,null,3,2,0,0.00
11428,2025-11-01T00:00:00.000Z,2,2,2,0,100.00,0.0,0.00,0.00,6,5,0,0.00
11428,2025-12-01T00:00:00.000Z,null,null,null,null,null,null,null,null,5,4,0,0.00
11428,2026-01-01T00:00:00.000Z,null,null,null,null,null,null,null,null,5,5,0,0.00
11428,2026-02-01T00:00:00.000Z,null,null,null,null,null,null,null,null,4,4,0,0.00
11428,2026-03-01T00:00:00.000Z,2,2,1,1,50.00,29.96,29.96,31.92,1,1,0,0.00
11428,2026-04-01T00:00:00.000Z,1,1,1,0,100.00,20.67,20.67,20.67,6,6,0,0.00
11428,2026-05-01T00:00:00.000Z,3,3,2,1,66.67,9.25,9.25,10.33,1,1,0,0.00
11428,2026-06-01T00:00:00.000Z,2,2,1,1,50.00,7.5,7.50,7.50,7,7,0,0.00
11428,2026-07-01T00:00:00.000Z,1,1,1,0,100.00,13.88,13.88,13.88,4,4,0,0.00
11428,2026-08-01T00:00:00.000Z,2,0,0,0,null,null,null,null,1,1,0,0.00
11428,2026-09-01T00:00:00.000Z,null,null,null,null,null,null,null,null,2,2,0,0.00
11429,2025-01-01T00:00:00.000Z,1,1,1,0,100.00,0.0,0.00,0.00,6,5,0,0.00
11429,2025-02-01T00:00:00.000Z,1,1,1,0,100.00,0.0,0.00,0.00,null,null,null,null
11429,2025-03-01T00:00:00.000Z,1,1,1,0,100.00,0.0,0.00,0.00,1,1,0,0.00
11429,2025-04-01T00:00:00.000Z,1,1,1,0,100.00,0.0,0.00,0.00,2,2,0,0.00
11429,2025-05-01T00:00:00.000Z,null,null,null,null,null,null,null,null,3,3,0,0.00
11429,2025-06-01T00:00:00.000Z,null,null,null,null,null,null,null,null,3,2,0,0.00
11429,2025-07-01T00:00:00.000Z,null,null,null,null,null,null,null,null,1,1,0,0.00
11429,2025-08-01T00:00:00.000Z,null,null,null,null,null,null,null,null,1,1,0,0.00
11429,2025-09-01T00:00:00.000Z,1,1,1,0,100.00,0.0,0.00,0.00,1,1,0,0.00
11429,2025-10-01T00:00:00.000Z,3,3,3,0,100.00,0.0,0.58,1.75,2,2,0,0.00
11429,2025-11-01T00:00:00.000Z,3,3,3,0,100.00,0.0,0.00,0.00,3,3,0,0.00
11429,2025-12-01T00:00:00.000Z,1,1,1,0,100.00,0.0,0.00,0.00,2,2,0,0.00
11429,2026-01-01T00:00:00.000Z,null,null,null,null,null,null,null,null,3,3,0,0.00
11429,2026-03-01T00:00:00.000Z,null,null,null,null,null,null,null,null,4,4,0,0.00
11429,2026-04-01T00:00:00.000Z,1,1,1,0,100.00,14.13,14.13,14.13,3,3,0,0.00
11429,2026-05-01T00:00:00.000Z,2,2,0,2,0.00,null,null,null,2,2,0,0.00
11429,2026-06-01T00:00:00.000Z,2,2,2,0,100.00,13.63,13.63,17.17,4,3,0,0.00
11429,2026-07-01T00:00:00.000Z,1,1,1,0,100.00,13.92,13.92,13.92,1,1,0,0.00
11429,2026-08-01T00:00:00.000Z,null,null,null,null,null,null,null,null,5,5,0,0.00
11429,2026-09-01T00:00:00.000Z,2,0,0,0,null,null,null,null,2,2,0,0.00
11430,2025-01-01T00:00:00.000Z,1,1,1,0,100.00,0.0,0.00,0.00,null,null,null,null
11430,2025-02-01T00:00:00.000Z,null,null,null,null,null,null,null,null,1,1,0,0.00
11430,2025-04-01T00:00:00.000Z,null,null,null,null,null,null,null,null,6,6,0,0.00
11430,2025-05-01T00:00:00.000Z,null,null,null,null,null,null,null,null,10,10,0,0.00
11430,2025-06-01T00:00:00.000Z,null,null,null,null,null,null,null,null,36,36,0,0.00
11430,2025-10-01T00:00:00.000Z,null,null,null,null,null,null,null,null,23,23,0,0.00
11430,2026-07-01T00:00:00.000Z,1,1,1,0,100.00,27.46,27.46,27.46,4,4,0,0.00
11430,2026-08-01T00:00:00.000Z,null,null,null,null,null,null,null,null,40,40,3,7.50
11430,2026-09-01T00:00:00.000Z,null,null,null,null,null,null,null,null,14,14,0,0.00
11431,2026-08-01T00:00:00.000Z,null,null,null,null,null,null,null,null,1,1,0,0.00
11432,2025-01-01T00:00:00.000Z,6,6,6,0,100.00,0.0,0.15,0.92,26,23,1,3.85
11432,2025-02-01T00:00:00.000Z,7,7,7,0,100.00,0.0,0.36,2.08,15,15,0,0.00
11432,2025-03-01T00:00:00.000Z,11,11,11,0,100.00,0.0,0.26,0.67,18,16,1,5.56
11432,2025-04-01T00:00:00.000Z,5,5,5,0,100.00,0.0,0.08,0.42,16,14,1,6.25
11432,2025-05-01T00:00:00.000Z,7,7,7,0,100.00,0.0,0.74,4.63,33,30,2,6.06
11432,2025-06-01T00:00:00.000Z,11,11,11,0,100.00,0.0,0.15,0.63,13,12,1,7.69
11432,2025-07-01T00:00:00.000Z,12,12,12,0,100.00,0.02,0.81,2.17,17,16,1,5.88
11432,2025-08-01T00:00:00.000Z,18,18,18,0,100.00,0.0,0.23,1.08,12,12,1,8.33
11432,2025-09-01T00:00:00.000Z,15,15,15,0,100.00,0.0,0.52,2.63,17,13,0,0.00
11432,2025-10-01T00:00:00.000Z,8,8,8,0,100.00,0.0,0.01,0.04,15,14,1,6.67
11432,2025-11-01T00:00:00.000Z,6,6,6,0,100.00,0.0,0.00,0.00,19,19,1,5.26
11432,2025-12-01T00:00:00.000Z,2,2,2,0,100.00,0.0,0.00,0.00,33,31,0,0.00
11432,2026-01-01T00:00:00.000Z,8,8,8,0,100.00,0.0,1.62,12.96,24,21,3,12.50
11432,2026-02-01T00:00:00.000Z,5,5,5,0,100.00,0.0,1.38,6.92,19,19,2,10.53
11432,2026-03-01T00:00:00.000Z,6,6,6,0,100.00,0.44,0.96,2.92,26,26,4,15.38
11432,2026-04-01T00:00:00.000Z,10,10,5,5,50.00,36.48,34.87,56.21,29,27,4,13.79
11432,2026-05-01T00:00:00.000Z,2,2,0,2,0.00,56.13,56.13,56.13,10,10,0,0.00
11432,2026-06-01T00:00:00.000Z,9,9,6,3,66.67,13.46,18.22,42.46,31,30,2,6.45
11432,2026-07-01T00:00:00.000Z,11,11,7,4,63.64,6.96,6.70,12.29,10,10,0,0.00
11432,2026-08-01T00:00:00.000Z,8,2,1,1,50.00,2.5,2.50,2.50,26,22,4,15.38
11432,2026-09-01T00:00:00.000Z,4,0,0,0,null,null,null,null,22,22,0,0.00
11433,2025-01-01T00:00:00.000Z,3,3,3,0,100.00,0.0,0.31,0.92,2,2,0,0.00
11433,2025-02-01T00:00:00.000Z,5,5,5,0,100.00,0.0,0.01,0.04,10,9,1,10.00
11433,2025-03-01T00:00:00.000Z,1,1,1,0,100.00,0.0,0.00,0.00,1,1,0,0.00
11433,2025-04-01T00:00:00.000Z,5,5,5,0,100.00,0.0,0.00,0.00,3,3,0,0.00
11433,2025-05-01T00:00:00.000Z,6,6,6,0,100.00,0.0,0.00,0.00,null,null,null,null
11433,2025-06-01T00:00:00.000Z,8,8,8,0,100.00,0.0,0.09,0.75,2,2,0,0.00
11433,2025-07-01T00:00:00.000Z,5,5,5,0,100.00,0.0,0.00,0.00,null,null,null,null
11433,2025-08-01T00:00:00.000Z,9,9,8,1,88.89,0.0,0.48,2.25,1,1,0,0.00
11433,2025-09-01T00:00:00.000Z,7,7,7,0,100.00,0.0,0.18,0.63,2,2,0,0.00
11433,2025-10-01T00:00:00.000Z,1,1,1,0,100.00,1.13,1.13,1.13,null,null,null,null
11433,2025-11-01T00:00:00.000Z,null,null,null,null,null,null,null,null,2,2,0,0.00
11433,2025-12-01T00:00:00.000Z,null,null,null,null,null,null,null,null,3,3,0,0.00
11433,2026-01-01T00:00:00.000Z,2,2,2,0,100.00,0.0,0.00,0.00,2,2,0,0.00
11433,2026-02-01T00:00:00.000Z,3,3,3,0,100.00,0.0,0.00,0.00,4,4,0,0.00
11433,2026-03-01T00:00:00.000Z,2,2,2,0,100.00,0.0,0.00,0.00,3,3,1,33.33
11433,2026-04-01T00:00:00.000Z,8,8,7,1,87.50,17.25,15.17,31.29,4,4,0,0.00
11433,2026-05-01T00:00:00.000Z,4,4,3,1,75.00,16.33,40.67,116.83,2,1,0,0.00
11433,2026-06-01T00:00:00.000Z,5,5,4,1,80.00,6.81,7.25,9.33,5,5,0,0.00
11433,2026-07-01T00:00:00.000Z,2,2,1,1,50.00,6.04,6.04,6.04,4,4,0,0.00
11433,2026-08-01T00:00:00.000Z,4,2,1,1,50.00,17.04,17.04,17.04,6,5,0,0.00
11433,2026-09-01T00:00:00.000Z,null,null,null,null,null,null,null,null,3,3,0,0.00
11434,2025-01-01T00:00:00.000Z,4,4,4,0,100.00,0.0,0.00,0.00,9,9,0,0.00
11434,2025-02-01T00:00:00.000Z,1,1,1,0,100.00,0.0,0.00,0.00,1,1,0,0.00
11434,2025-03-01T00:00:00.000Z,8,8,8,0,100.00,0.0,0.24,1.92,8,8,0,0.00
11434,2025-04-01T00:00:00.000Z,1,1,1,0,100.00,0.0,0.00,0.00,8,7,0,0.00
11434,2025-05-01T00:00:00.000Z,5,5,5,0,100.00,0.0,0.00,0.00,12,12,1,8.33
11434,2025-06-01T00:00:00.000Z,4,4,4,0,100.00,0.0,0.00,0.00,2,2,0,0.00
11434,2025-07-01T00:00:00.000Z,4,4,4,0,100.00,0.0,0.00,0.00,1,1,0,0.00
11434,2025-08-01T00:00:00.000Z,6,6,6,0,100.00,0.0,0.00,0.00,7,7,0,0.00
11434,2025-09-01T00:00:00.000Z,4,4,4,0,100.00,0.0,0.00,0.00,4,4,0,0.00
11434,2025-10-01T00:00:00.000Z,3,3,3,0,100.00,0.0,0.00,0.00,7,7,0,0.00
11434,2025-11-01T00:00:00.000Z,1,1,1,0,100.00,0.0,0.00,0.00,3,3,0,0.00
11434,2025-12-01T00:00:00.000Z,2,2,2,0,100.00,0.0,0.00,0.00,11,11,1,9.09
11434,2026-01-01T00:00:00.000Z,3,3,3,0,100.00,0.0,0.00,0.00,9,9,0,0.00
11434,2026-02-01T00:00:00.000Z,1,1,1,0,100.00,0.0,0.00,0.00,13,13,0,0.00
11434,2026-03-01T00:00:00.000Z,null,null,null,null,null,null,null,null,11,11,1,9.09
11434,2026-04-01T00:00:00.000Z,5,5,4,1,80.00,21.04,22.71,30.96,5,5,0,0.00
11434,2026-05-01T00:00:00.000Z,13,13,11,2,84.62,11.17,11.61,14.33,7,7,0,0.00
11434,2026-06-01T00:00:00.000Z,4,4,4,0,100.00,9.67,11.21,17.42,7,7,0,0.00
11434,2026-07-01T00:00:00.000Z,3,3,2,1,66.67,7.1,7.10,9.25,12,10,0,0.00
11434,2026-08-01T00:00:00.000Z,4,2,0,2,0.00,null,null,null,19,17,1,5.26
11434,2026-09-01T00:00:00.000Z,2,0,0,0,null,null,null,null,4,4,0,0.00
11435,2025-01-01T00:00:00.000Z,5,5,5,0,100.00,0.0,0.15,0.75,17,15,4,23.53
11435,2025-02-01T00:00:00.000Z,6,6,6,0,100.00,0.0,0.91,3.71,10,10,1,10.00
11435,2025-03-01T00:00:00.000Z,7,7,7,0,100.00,0.0,0.00,0.00,7,7,0,0.00
11435,2025-04-01T00:00:00.000Z,4,4,4,0,100.00,0.0,0.49,1.96,5,5,1,20.00
11435,2025-05-01T00:00:00.000Z,6,6,6,0,100.00,0.0,0.16,0.96,14,14,3,21.43
11435,2025-06-01T00:00:00.000Z,8,8,8,0,100.00,0.0,0.00,0.00,10,10,0,0.00
11435,2025-07-01T00:00:00.000Z,11,11,11,0,100.00,0.0,0.56,2.75,5,5,1,20.00
11435,2025-08-01T00:00:00.000Z,8,8,8,0,100.00,0.0,1.71,10.96,16,15,1,6.25
11435,2025-09-01T00:00:00.000Z,4,4,4,0,100.00,1.56,1.73,3.79,7,7,2,28.57
11435,2025-10-01T00:00:00.000Z,3,3,3,0,100.00,0.0,0.68,2.04,15,13,0,0.00
11435,2025-11-01T00:00:00.000Z,5,5,5,0,100.00,0.0,0.54,2.71,13,12,1,7.69
11435,2025-12-01T00:00:00.000Z,2,2,2,0,100.00,0.0,0.00,0.00,21,20,1,4.76
11435,2026-01-01T00:00:00.000Z,1,1,1,0,100.00,0.0,0.00,0.00,12,12,0,0.00
11435,2026-02-01T00:00:00.000Z,null,null,null,null,null,null,null,null,18,18,0,0.00
11435,2026-03-01T00:00:00.000Z,4,4,4,0,100.00,0.0,0.26,1.04,8,8,0,0.00
11435,2026-04-01T00:00:00.000Z,1,1,1,0,100.00,0.0,0.00,0.00,9,8,0,0.00
11435,2026-05-01T00:00:00.000Z,5,5,4,1,80.00,8.96,15.49,41.25,9,8,0,0.00
11435,2026-06-01T00:00:00.000Z,8,8,4,4,50.00,22.42,24.40,53.08,12,11,0,0.00
11435,2026-07-01T00:00:00.000Z,5,5,4,1,80.00,15.0,14.77,20.33,10,9,0,0.00
11435,2026-08-01T00:00:00.000Z,6,3,1,2,33.33,24.71,24.71,32.96,6,6,0,0.00
11435,2026-09-01T00:00:00.000Z,7,0,0,0,null,null,null,null,2,2,0,0.00
11436,2025-01-01T00:00:00.000Z,1,1,1,0,100.00,0.0,0.00,0.00,null,null,null,null
11436,2025-02-01T00:00:00.000Z,7,7,7,0,100.00,0.79,0.60,1.13,1,1,0,0.00
11436,2025-03-01T00:00:00.000Z,null,null,null,null,null,null,null,null,4,4,0,0.00
11436,2025-04-01T00:00:00.000Z,1,1,1,0,100.00,0.0,0.00,0.00,3,3,0,0.00
11436,2025-05-01T00:00:00.000Z,4,4,4,0,100.00,0.0,0.00,0.00,4,4,0,0.00
11436,2025-06-01T00:00:00.000Z,null,null,null,null,null,null,null,null,3,3,0,0.00
11436,2025-07-01T00:00:00.000Z,3,3,3,0,100.00,0.0,0.00,0.00,3,3,1,33.33
11436,2025-08-01T00:00:00.000Z,null,null,null,null,null,null,null,null,5,5,0,0.00
11436,2025-09-01T00:00:00.000Z,1,1,1,0,100.00,0.0,0.00,0.00,3,3,0,0.00
11436,2025-10-01T00:00:00.000Z,2,2,2,0,100.00,0.0,0.00,0.00,3,3,0,0.00
11436,2025-11-01T00:00:00.000Z,2,2,2,0,100.00,1.19,1.19,2.38,1,1,0,0.00
11436,2025-12-01T00:00:00.000Z,null,null,null,null,null,null,null,null,3,3,0,0.00
11436,2026-01-01T00:00:00.000Z,1,1,1,0,100.00,0.0,0.00,0.00,3,3,0,0.00
11436,2026-02-01T00:00:00.000Z,null,null,null,null,null,null,null,null,3,3,0,0.00
11436,2026-03-01T00:00:00.000Z,4,4,4,0,100.00,0.0,0.47,1.88,1,1,0,0.00
11436,2026-04-01T00:00:00.000Z,4,4,0,4,0.00,46.52,46.69,47.29,4,4,0,0.00
11436,2026-05-01T00:00:00.000Z,2,2,1,1,50.00,67.67,67.67,126.21,null,null,null,null
11436,2026-06-01T00:00:00.000Z,null,null,null,null,null,null,null,null,1,1,0,0.00
11436,2026-07-01T00:00:00.000Z,4,4,3,1,75.00,15.29,14.08,16.00,5,5,0,0.00
11436,2026-08-01T00:00:00.000Z,6,3,0,3,0.00,34.69,34.69,38.29,6,6,0,0.00
11436,2026-09-01T00:00:00.000Z,null,null,null,null,null,null,null,null,1,1,0,0.00
11542,2025-06-01T00:00:00.000Z,null,null,null,null,null,null,null,null,1,1,0,0.00
11691,2025-01-01T00:00:00.000Z,3,3,3,0,100.00,0.63,0.65,1.33,4,4,0,0.00
11691,2025-02-01T00:00:00.000Z,2,2,2,0,100.00,0.0,0.00,0.00,1,1,0,0.00
11691,2025-03-01T00:00:00.000Z,4,4,4,0,100.00,0.0,0.28,1.13,1,1,0,0.00
11691,2025-04-01T00:00:00.000Z,4,4,4,0,100.00,0.0,0.00,0.00,6,6,0,0.00
11691,2025-05-01T00:00:00.000Z,4,4,4,0,100.00,0.0,0.48,1.92,2,2,0,0.00
11691,2025-06-01T00:00:00.000Z,3,3,3,0,100.00,0.0,0.01,0.04,5,5,1,20.00
11691,2025-07-01T00:00:00.000Z,6,6,6,0,100.00,0.0,0.12,0.71,2,2,0,0.00
11691,2025-08-01T00:00:00.000Z,8,8,8,0,100.00,0.0,0.35,2.04,4,4,0,0.00
11691,2025-09-01T00:00:00.000Z,2,2,2,0,100.00,0.0,0.00,0.00,null,null,null,null
11691,2025-10-01T00:00:00.000Z,6,6,6,0,100.00,0.0,0.00,0.00,2,2,0,0.00
11691,2025-11-01T00:00:00.000Z,3,3,3,0,100.00,0.0,0.00,0.00,1,1,0,0.00
11691,2025-12-01T00:00:00.000Z,2,2,2,0,100.00,0.0,0.00,0.00,3,3,0,0.00
11691,2026-01-01T00:00:00.000Z,2,2,2,0,100.00,0.67,0.67,1.33,2,2,0,0.00
11691,2026-02-01T00:00:00.000Z,5,5,5,0,100.00,0.0,4.28,15.13,4,4,1,25.00
11691,2026-03-01T00:00:00.000Z,4,4,4,0,100.00,0.0,0.00,0.00,5,5,0,0.00
11691,2026-04-01T00:00:00.000Z,1,1,1,0,100.00,0.0,0.00,0.00,5,5,0,0.00
11691,2026-05-01T00:00:00.000Z,1,1,0,1,0.00,33.04,33.04,33.04,1,1,0,0.00
11691,2026-06-01T00:00:00.000Z,null,null,null,null,null,null,null,null,5,5,0,0.00
11691,2026-07-01T00:00:00.000Z,1,1,1,0,100.00,22.33,22.33,22.33,6,6,0,0.00
11691,2026-08-01T00:00:00.000Z,5,2,1,1,50.00,4.46,4.46,4.46,9,8,0,0.00
11691,2026-09-01T00:00:00.000Z,1,0,0,0,null,null,null,null,null,null,null,null
11692,2025-01-01T00:00:00.000Z,null,null,null,null,null,null,null,null,3,3,0,0.00
11692,2025-06-01T00:00:00.000Z,1,1,1,0,100.00,0.0,0.00,0.00,2,2,0,0.00
11692,2025-07-01T00:00:00.000Z,null,null,null,null,null,null,null,null,2,2,0,0.00
11692,2025-08-01T00:00:00.000Z,2,2,2,0,100.00,0.85,0.85,1.71,null,null,null,null
11692,2025-09-01T00:00:00.000Z,1,1,1,0,100.00,0.0,0.00,0.00,null,null,null,null
11692,2025-10-01T00:00:00.000Z,1,1,1,0,100.00,0.0,0.00,0.00,2,2,0,0.00
11692,2025-12-01T00:00:00.000Z,1,1,1,0,100.00,0.0,0.00,0.00,null,null,null,null
11692,2026-04-01T00:00:00.000Z,1,1,1,0,100.00,11.29,11.29,11.29,4,4,0,0.00
11692,2026-05-01T00:00:00.000Z,null,null,null,null,null,null,null,null,2,2,0,0.00
11692,2026-06-01T00:00:00.000Z,1,1,1,0,100.00,20.38,20.38,20.38,3,3,0,0.00
11692,2026-07-01T00:00:00.000Z,2,2,0,2,0.00,null,null,null,1,1,0,0.00
11692,2026-08-01T00:00:00.000Z,1,1,1,0,100.00,5.08,5.08,5.08,1,1,0,0.00
11693,2025-02-01T00:00:00.000Z,null,null,null,null,null,null,null,null,3,3,0,0.00
11693,2025-03-01T00:00:00.000Z,2,2,2,0,100.00,0.0,0.00,0.00,1,1,0,0.00
11693,2025-04-01T00:00:00.000Z,1,1,1,0,100.00,0.0,0.00,0.00,1,1,0,0.00
11693,2025-05-01T00:00:00.000Z,null,null,null,null,null,null,null,null,1,1,0,0.00
11693,2025-06-01T00:00:00.000Z,1,1,1,0,100.00,0.0,0.00,0.00,4,4,0,0.00
11693,2025-07-01T00:00:00.000Z,1,1,1,0,100.00,0.0,0.00,0.00,1,1,0,0.00
11693,2025-08-01T00:00:00.000Z,2,2,2,0,100.00,0.0,0.00,0.00,3,3,0,0.00
11693,2025-09-01T00:00:00.000Z,1,1,1,0,100.00,0.0,0.00,0.00,1,1,0,0.00
11693,2025-10-01T00:00:00.000Z,1,1,1,0,100.00,0.0,0.00,0.00,4,4,0,0.00
11693,2025-11-01T00:00:00.000Z,null,null,null,null,null,null,null,null,4,4,0,0.00
11693,2025-12-01T00:00:00.000Z,null,null,null,null,null,null,null,null,1,1,0,0.00
11693,2026-01-01T00:00:00.000Z,null,null,null,null,null,null,null,null,2,2,0,0.00
11693,2026-03-01T00:00:00.000Z,7,7,7,0,100.00,0.0,0.84,4.08,null,null,null,null
11693,2026-04-01T00:00:00.000Z,null,null,null,null,null,null,null,null,5,5,0,0.00
11693,2026-05-01T00:00:00.000Z,1,1,0,1,0.00,36.38,36.38,36.38,1,1,0,0.00
11693,2026-06-01T00:00:00.000Z,null,null,null,null,null,null,null,null,1,1,0,0.00
11693,2026-07-01T00:00:00.000Z,2,2,1,1,50.00,2.38,2.38,2.38,2,2,1,50.00
11693,2026-08-01T00:00:00.000Z,null,null,null,null,null,null,null,null,2,2,0,0.00
11693,2026-09-01T00:00:00.000Z,1,0,0,0,null,null,null,null,null,null,null,null
11694,2025-01-01T00:00:00.000Z,1,1,1,0,100.00,0.0,0.00,0.00,1,1,0,0.00
11694,2025-02-01T00:00:00.000Z,1,1,1,0,100.00,0.0,0.00,0.00,5,5,0,0.00
11694,2025-03-01T00:00:00.000Z,1,1,1,0,100.00,0.0,0.00,0.00,1,1,0,0.00
11694,2025-04-01T00:00:00.000Z,null,null,null,null,null,null,null,null,2,2,0,0.00
11694,2025-05-01T00:00:00.000Z,1,1,1,0,100.00,0.0,0.00,0.00,1,1,0,0.00
11694,2025-06-01T00:00:00.000Z,1,1,1,0,100.00,0.0,0.00,0.00,4,4,0,0.00
11694,2025-07-01T00:00:00.000Z,3,3,3,0,100.00,0.0,0.07,0.21,4,4,1,25.00
11694,2025-08-01T00:00:00.000Z,3,3,3,0,100.00,0.0,0.00,0.00,5,4,0,0.00
11694,2025-09-01T00:00:00.000Z,1,1,1,0,100.00,0.0,0.00,0.00,2,2,0,0.00
11694,2025-10-01T00:00:00.000Z,2,2,2,0,100.00,0.0,0.00,0.00,2,2,0,0.00
11694,2025-11-01T00:00:00.000Z,1,1,1,0,100.00,0.0,0.00,0.00,5,5,0,0.00
11694,2025-12-01T00:00:00.000Z,2,2,2,0,100.00,0.0,0.00,0.00,2,2,0,0.00
11694,2026-01-01T00:00:00.000Z,2,2,2,0,100.00,1.27,1.27,2.54,1,1,0,0.00
11694,2026-02-01T00:00:00.000Z,1,1,1,0,100.00,0.0,0.00,0.00,null,null,null,null
11694,2026-03-01T00:00:00.000Z,1,1,1,0,100.00,1.5,1.50,1.50,1,1,0,0.00
11694,2026-04-01T00:00:00.000Z,5,5,5,0,100.00,15.04,13.59,23.25,4,4,0,0.00
11694,2026-05-01T00:00:00.000Z,5,5,2,3,40.00,46.88,38.53,66.04,2,2,0,0.00
11694,2026-06-01T00:00:00.000Z,4,4,3,1,75.00,17.67,17.00,19.46,6,6,0,0.00
11694,2026-07-01T00:00:00.000Z,5,5,0,5,0.00,44.29,43.11,50.67,null,null,null,null
11694,2026-08-01T00:00:00.000Z,null,null,null,null,null,null,null,null,2,2,0,0.00
11694,2026-09-01T00:00:00.000Z,null,null,null,null,null,null,null,null,5,4,0,0.00
11697,2025-06-01T00:00:00.000Z,1,1,1,0,100.00,0.0,0.00,0.00,null,null,null,null
11701,2025-07-01T00:00:00.000Z,null,null,null,null,null,null,null,null,1,1,0,0.00
11701,2025-10-01T00:00:00.000Z,null,null,null,null,null,null,null,null,1,1,0,0.00
11701,2026-04-01T00:00:00.000Z,null,null,null,null,null,null,null,null,1,1,0,0.00
11762,2025-06-01T00:00:00.000Z,null,null,null,null,null,null,null,null,1,1,0,0.00
12345,2025-11-01T00:00:00.000Z,1,1,1,0,100.00,0.0,0.00,0.00,null,null,null,null
7002,2025-04-01T00:00:00.000Z,null,null,null,null,null,null,null,null,1,1,0,0.00
7002,2025-12-01T00:00:00.000Z,null,null,null,null,null,null,null,null,1,1,0,0.00
7071,2025-11-01T00:00:00.000Z,null,null,null,null,null,null,null,null,1,1,0,0.00
7304,2026-02-01T00:00:00.000Z,null,null,null,null,null,null,null,null,1,1,0,0.00
7307,2025-03-01T00:00:00.000Z,null,null,null,null,null,null,null,null,1,1,0,0.00
7307,2025-08-01T00:00:00.000Z,null,null,null,null,null,null,null,null,1,1,0,0.00
7307,2025-11-01T00:00:00.000Z,null,null,null,null,null,null,null,null,2,2,0,0.00
7627,2025-07-01T00:00:00.000Z,null,null,null,null,null,null,null,null,1,1,0,0.00
7631,2025-02-01T00:00:00.000Z,null,null,null,null,null,null,null,null,1,1,0,0.00
7631,2026-06-01T00:00:00.000Z,null,null,null,null,null,null,null,null,1,1,0,0.00
7631,2026-07-01T00:00:00.000Z,null,null,null,null,null,null,null,null,1,1,0,0.00
8550,2025-04-01T00:00:00.000Z,null,null,null,null,null,null,null,null,1,1,0,0.00
8550,2025-05-01T00:00:00.000Z,null,null,null,null,null,null,null,null,3,1,0,0.00
8550,2025-08-01T00:00:00.000Z,null,null,null,null,null,null,null,null,1,1,0,0.00